{
  "regression": {
    "gols_totais": {
      "model_mae": 1.4404216119620628,
      "model_rmse": 1.8581216338576185,
      "global_mae": 1.4786896203206412,
      "global_rmse": 1.8656528835682593,
      "cond_mae": 1.4722772065411223,
      "cond_rmse": 1.8507566821198542,
      "coverage_80": 0.741421568627451,
      "avg_width_80": 4.009226142500709,
      "improvement_mae_vs_global": 0.02587967605418125,
      "improvement_mae_vs_cond": 0.02163695426209789
    },
    "escanteios_mandante": {
      "model_mae": 2.1260543037726842,
      "model_rmse": 2.769381162093675,
      "global_mae": 2.4819174931080163,
      "global_rmse": 3.1638793983292715,
      "cond_mae": 2.508190359477124,
      "cond_rmse": 3.2193324847867895,
      "coverage_80": 0.758578431372549,
      "avg_width_80": 6.459580174525875,
      "improvement_mae_vs_global": 0.14338236074467464,
      "improvement_mae_vs_cond": 0.1523552844625807
    },
    "escanteios_visitante": {
      "model_mae": 1.8937753678383153,
      "model_rmse": 2.402867763219426,
      "global_mae": 2.224646599357942,
      "global_rmse": 2.7576856293047425,
      "cond_mae": 2.414932121915514,
      "cond_rmse": 3.0042821085611355,
      "coverage_80": 0.7181372549019608,
      "avg_width_80": 5.522973453766267,
      "improvement_mae_vs_global": 0.14872979448291682,
      "improvement_mae_vs_cond": 0.21580596379819542
    },
    "shots_totais": {
      "model_mae": 4.9691329957738075,
      "model_rmse": 6.377501744210752,
      "global_mae": 5.132494659458428,
      "global_rmse": 6.571182923911226,
      "cond_mae": 6.304575163398693,
      "cond_rmse": 8.114056061762236,
      "coverage_80": 0.7365196078431373,
      "avg_width_80": 13.677693413975984,
      "improvement_mae_vs_global": 0.031828900860825814,
      "improvement_mae_vs_cond": 0.21182111926872013
    },
    "cartoes_totais": {
      "model_mae": 1.6641579402570896,
      "model_rmse": 2.09921061383067,
      "global_mae": 1.7040429988185168,
      "global_rmse": 2.128586299438741,
      "cond_mae": 1.6719682101400117,
      "cond_rmse": 2.091260186622605,
      "coverage_80": 0.875,
      "avg_width_80": 5.298385007501127,
      "improvement_mae_vs_global": 0.023406133876364133,
      "improvement_mae_vs_cond": 0.004671302860637564
    }
  },
  "classification": {
    "btts": {
      "brier": 0.2413369843559601,
      "ece": 0.0380986445090048
    },
    "over_2_5": {
      "brier": 0.24110664603605733,
      "ece": 0.03840698872838665
    },
    "result": {
      "brier": 0.513429364280397,
      "ece": 0.07568566256866907,
      "classes": [
        "A",
        "D",
        "H"
      ]
    }
  },
  "distributions": {
    "total_goals": {
      "poisson": {
        "stat": 28.034527797223145,
        "pval": 0.00046772766181561184,
        "lambda": 2.7097317454589196
      },
      "nbinom": {
        "stat": 8.304182370989626,
        "pval": 0.5038064339966899,
        "n": 9.16770222449752,
        "p": 0.7718588246995863
      },
      "model_implied": {
        "stat": 81.87451751717067,
        "pval": 5.709061131456463e-15
      }
    },
    "home_corners": {
      "poisson": {
        "stat": 392.9304620213103,
        "pval": 1.9371972220630984e-77,
        "lambda": 5.095556908094948
      },
      "nbinom": {
        "stat": 13.090602703733378,
        "pval": 0.5952998695461538,
        "n": 5.028213415757537,
        "p": 0.49667399149807145
      },
      "model_implied": {
        "stat": 47.33068645766133,
        "pval": 8.49560653703764e-06
      }
    },
    "away_corners": {
      "poisson": {
        "stat": 346.6952222809638,
        "pval": 2.002756588068028e-68,
        "lambda": 4.1004260499087035
      },
      "nbinom": {
        "stat": 24.69924100813443,
        "pval": 0.025274760766922373,
        "n": 4.339107660181952,
        "p": 0.5141406870611744
      },
      "model_implied": {
        "stat": 40.319582175890496,
        "pval": 3.1540572873379884e-05
      }
    }
  },
  "metadata": {
    "train_size": 8313,
    "test_size": 816,
    "cutoff_date": "2024-10-12"
  }
}