{
  "btts": {
    "brier_curr": 0.24529869993439257,
    "brier_dc": 0.25188674950691603,
    "ece_curr": 0.05850300472644784,
    "ece_dc": 0.07535272747512084
  },
  "over_2_5": {
    "brier_curr": 0.24081971187392825,
    "brier_dc": 0.2426110947540094,
    "ece_curr": 0.146357458717281,
    "ece_dc": 0.040733535370016186
  },
  "result": {
    "logloss_curr": 1.0293599222999459,
    "logloss_dc": 1.0801581599195602,
    "ece_curr": 0.10711835036108967,
    "ece_dc": 0.14367354446170502
  },
  "total_goals": {
    "logloss_curr": 1.6900677330594616,
    "logloss_dc": 1.7202478527116418,
    "mae_curr": 1.0489602415561383,
    "mae_dc": 1.0765986258415638,
    "rmse_curr": 1.310891618054208,
    "rmse_dc": 1.361509149202146
  }
}