{
  "btts": {
    "brier_curr": 0.2413369843559601,
    "brier_dc": 0.24234377473118704,
    "ece_curr": 0.038098644509004825,
    "ece_dc": 0.04206339715760561
  },
  "over_2_5": {
    "brier_curr": 0.24110664603605733,
    "brier_dc": 0.24380373791838192,
    "ece_curr": 0.03840698872838665,
    "ece_dc": 0.045911667433327495
  },
  "result": {
    "logloss_curr": 0.8736583990785488,
    "logloss_dc": 0.8299651741690229,
    "ece_curr": 0.07568566256866908,
    "ece_dc": 0.03161502541023707
  },
  "total_goals": {
    "logloss_curr": 2.010146701443187,
    "logloss_dc": 1.9584291279791393,
    "mae_curr": 1.4404216119620628,
    "mae_dc": 1.4466308791335156,
    "rmse_curr": 1.8581216338576185,
    "rmse_dc": 1.8063934791699863
  }
}