team,date,elo
Abkhazia,2016-05,1533.225482693482
Abkhazia,2016-06,1561.530942654871
Abkhazia,2017-06,1583.1139589191062
Abkhazia,2017-08,1547.3322618151187
Abkhazia,2018-05,1542.062712899548
Abkhazia,2018-06,1564.158655209819
Abkhazia,2019-06,1602.5732989320338
Afghanistan,2016-01,1331.0462936103977
Afghanistan,2016-03,1322.9490663821075
Afghanistan,2016-09,1337.4614487334102
Afghanistan,2016-10,1334.5988396128812
Afghanistan,2016-11,1335.4431907158205
Afghanistan,2017-03,1337.6171440639775
Afghanistan,2017-06,1343.2129022633756
Afghanistan,2017-08,1328.694439725859
Afghanistan,2017-09,1327.0940678980808
Afghanistan,2017-10,1323.0501328064197
Afghanistan,2017-11,1329.9809863972469
Afghanistan,2018-03,1334.6922582485918
Afghanistan,2018-12,1339.130938483806
Afghanistan,2019-03,1334.911870596315
Afghanistan,2019-06,1331.6357246385944
Afghanistan,2019-09,1330.193399124011
Afghanistan,2019-10,1336.9582597818294
Afghanistan,2019-11,1334.5112220000458
Afghanistan,2021-05,1336.5289421438515
Afghanistan,2021-06,1327.4588149582917
Afghanistan,2021-11,1330.1242101404507
Afghanistan,2022-06,1316.762147679255
Afghanistan,2023-06,1311.8505462174485
Afghanistan,2023-09,1308.6604420836811
Afghanistan,2023-10,1314.0840829913752
Afghanistan,2023-11,1318.763604405555
Afghanistan,2024-03,1310.0487219126692
Afghanistan,2024-06,1337.3785008091445
Afghanistan,2024-11,1323.2403431188034
Afghanistan,2025-03,1318.5371654801454
Afghanistan,2025-06,1306.8763306813294
Afghanistan,2025-10,1299.4985488705113
Afghanistan,2026-06,1282.8151148259406
Albania,2016-03,1548.9017637194456
Albania,2016-05,1550.561500021498
Albania,2016-06,1542.8127886850837
Albania,2016-08,1567.4986318061729
Albania,2016-09,1567.5423673761366
Albania,2016-10,1578.6613646253454
Albania,2016-11,1573.2614217472308
Albania,2017-03,1545.7984955700783
Albania,2017-06,1536.0604287616816
Albania,2017-09,1566.893941746195
Albania,2017-10,1562.751974469636
Albania,2017-11,1558.6125716411027
Albania,2018-03,1564.8264039358737
Albania,2018-05,1560.4856496126258
Albania,2018-06,1551.693766942784
Albania,2018-09,1559.0611646807738
Albania,2018-10,1548.0642824254232
Albania,2018-11,1509.9510822897744
Albania,2019-03,1503.920210470422
Albania,2019-06,1504.0085276758732
Albania,2019-09,1508.956339253918
Albania,2019-10,1526.0429065560925
Albania,2019-11,1527.667062593806
Albania,2020-09,1547.5938881236866
Albania,2020-10,1520.239901235597
Albania,2020-11,1528.3257333732663
Albania,2021-03,1535.263579859706
Albania,2021-06,1539.8967863427106
Albania,2021-09,1546.0704311882823
Albania,2021-10,1565.4355745086204
Albania,2021-11,1554.915166661732
Albania,2022-03,1555.647291950466
Albania,2022-06,1542.465504659164
Albania,2022-09,1531.5758550665537
Albania,2022-10,1530.3555878099216
Albania,2022-11,1529.2573351627846
Albania,2023-03,1533.1469360930191
Albania,2023-06,1534.3543146908066
Albania,2023-09,1550.4485791940633
Albania,2023-10,1598.9757665363184
Albania,2023-11,1595.8249917079515
Albania,2024-03,1582.5532883292292
Albania,2024-06,1593.150807760749
Albania,2024-09,1611.3128804359526
Albania,2024-10,1585.892302020126
Albania,2024-11,1607.653214184347
Albania,2025-03,1594.0713113462173
Albania,2025-06,1600.62129289341
Albania,2025-09,1594.832598397795
Albania,2025-10,1617.4055171332984
Albania,2025-11,1625.7375478526003
Albania,2026-03,1613.8685128491534
Albania,2026-06,1606.558953618581
Alderney,2016-04,1118.32383649773
Alderney,2017-03,1117.7585761896728
Alderney,2017-06,1109.536822515912
Alderney,2018-03,1131.6297503101307
Alderney,2019-03,1130.6456760434976
Alderney,2019-06,1123.4880920792389
Alderney,2022-03,1137.0058370588583
Alderney,2022-04,1135.574362252423
Algeria,2016-03,1707.9653392484076
Algeria,2016-06,1702.1910281399955
Algeria,2016-09,1704.9502524877485
Algeria,2016-10,1708.3368763760752
Algeria,2016-11,1705.7117687488148
Algeria,2017-01,1668.483343272791
Algeria,2017-06,1675.2393720592222
Algeria,2017-09,1658.7576097718986
Algeria,2017-10,1642.4984592571682
Algeria,2017-11,1654.5142593807238
Algeria,2018-03,1658.6262372375336
Algeria,2018-05,1656.4827150729377
Algeria,2018-06,1644.8273349037438
Algeria,2018-09,1643.2196262021105
Algeria,2018-10,1646.2441081665024
Algeria,2018-11,1634.265732443477
Algeria,2018-12,1647.342291752791
Algeria,2019-03,1644.639223154051
Algeria,2019-06,1666.402696943869
Algeria,2019-07,1738.2470430494575
Algeria,2019-09,1758.8736083956628
Algeria,2019-10,1758.0497036996
Algeria,2019-11,1776.1866726429396
Algeria,2020-10,1782.9225964180564
Algeria,2020-11,1788.2046983995394
Algeria,2021-03,1778.5386790209077
Algeria,2021-06,1790.4999001906413
Algeria,2021-09,1792.541062188754
Algeria,2021-10,1790.5417950876383
Algeria,2021-11,1796.6401745569822
Algeria,2021-12,1804.4136308809548
Algeria,2022-01,1776.0623716718617
Algeria,2022-03,1760.294663212388
Algeria,2022-06,1755.7321804451606
Algeria,2022-09,1762.10752165027
Algeria,2022-11,1765.4325236205582
Algeria,2023-03,1761.4671390041512
Algeria,2023-06,1767.7067455562535
Algeria,2023-09,1758.7440183207884
Algeria,2023-10,1766.7246744595736
Algeria,2023-11,1767.1189755650526
Algeria,2024-01,1762.6123563696758
Algeria,2024-03,1736.6629661525012
Algeria,2024-06,1714.6316135544157
Algeria,2024-09,1728.9153583409889
Algeria,2024-10,1740.8791117585083
Algeria,2024-11,1742.1754136088464
Algeria,2025-03,1753.386789657348
Algeria,2025-06,1762.7002249723394
Algeria,2025-09,1762.8551034175364
Algeria,2025-10,1757.1213107707115
Algeria,2025-11,1763.0236122349854
Algeria,2025-12,1796.81216129066
Algeria,2026-01,1815.9552255000133
Algeria,2026-03,1792.3369773230936
Algeria,2026-06,1807.5129526783592
Algeria,2026-07,1807.2638477019057
American Samoa,2019-07,1193.12095142985
American Samoa,2023-11,1156.3542738220926
American Samoa,2024-09,1143.5593559447695
American Samoa,2026-03,1121.314884534952
Andorra,2016-03,1072.0273800551488
Andorra,2016-05,1070.7602902977196
Andorra,2016-06,1073.6993409606505
Andorra,2016-09,1072.852065471078
Andorra,2016-10,1069.3412009912224
Andorra,2016-11,1068.8289553845111
Andorra,2017-03,1067.8017422124358
Andorra,2017-06,1071.9423476224408
Andorra,2017-08,1094.334349370486
Andorra,2017-09,1093.85742573217
Andorra,2017-10,1088.231193992947
Andorra,2018-03,1083.4870878116203
Andorra,2018-06,1088.5832234585437
Andorra,2018-08,1092.028229702431
Andorra,2018-09,1106.6528441000814
Andorra,2018-10,1109.6312117157518
Andorra,2018-11,1112.2941834581086
Andorra,2019-03,1116.7942462708186
Andorra,2019-06,1107.771516857279
Andorra,2019-09,1107.0122924097302
Andorra,2019-10,1121.9512737233508
Andorra,2019-11,1130.5845462234352
Andorra,2020-09,1137.735770442854
Andorra,2020-10,1123.5508091825009
Andorra,2020-11,1100.7306239682553
Andorra,2021-03,1078.874217319175
Andorra,2021-06,1076.4143180515127
Andorra,2021-09,1086.741776029743
Andorra,2021-10,1085.8252878317578
Andorra,2021-11,1101.091167267142
Andorra,2022-03,1106.5182688697996
Andorra,2022-06,1120.458766384871
Andorra,2022-09,1137.4504683222044
Andorra,2022-11,1143.393515139166
Andorra,2023-03,1138.0596823206624
Andorra,2023-06,1147.0074276306184
Andorra,2023-09,1151.996442885011
Andorra,2023-10,1145.1438487098765
Andorra,2023-11,1140.0227521448107
Andorra,2024-03,1144.1561587521312
Andorra,2024-06,1142.9074615449829
Andorra,2024-09,1138.6901459448538
Andorra,2024-10,1118.6869614897553
Andorra,2024-11,1112.3285825818652
Andorra,2025-03,1112.226448137429
Andorra,2025-06,1110.3367647333896
Andorra,2025-09,1109.636184638549
Andorra,2025-10,1120.5276169769256
Andorra,2025-11,1117.5520616214285
Andorra,2026-03,1115.7575192358838
Andorra,2026-05,1114.5310380671692
Andorra,2026-06,1117.6321900270598
Angola,2016-03,1516.415800636161
Angola,2016-06,1449.30200778128
Angola,2016-09,1428.3116074427833
Angola,2017-03,1424.8903467375235
Angola,2017-06,1428.0085894753086
Angola,2018-03,1430.3887003538905
Angola,2018-05,1423.543993296903
Angola,2018-06,1428.5599476553823
Angola,2018-09,1428.7518589523895
Angola,2018-10,1450.6474886019762
Angola,2018-11,1441.112864548069
Angola,2019-03,1454.6986491149378
Angola,2019-06,1480.7579671905723
Angola,2019-07,1477.0317267924745
Angola,2019-09,1480.4050915314583
Angola,2019-11,1466.8725030515932
Angola,2020-10,1460.7641473264273
Angola,2020-11,1473.236675817973
Angola,2021-03,1455.9463835529468
Angola,2021-09,1468.8577730915274
Angola,2021-10,1474.3890720147629
Angola,2021-11,1467.890611262856
Angola,2022-03,1474.5701043833435
Angola,2022-06,1480.7943894897585
Angola,2022-07,1493.260224727596
Angola,2022-11,1487.2205416946524
Angola,2023-03,1485.613253269724
Angola,2023-06,1489.1227157504368
Angola,2023-07,1482.9400162499098
Angola,2023-09,1486.6560911210183
Angola,2023-10,1485.1193684364298
Angola,2023-11,1491.019452907968
Angola,2024-01,1556.5529010525615
Angola,2024-02,1584.2200908131324
Angola,2024-03,1572.8821767785182
Angola,2024-06,1574.883931663364
Angola,2024-09,1590.0509297666586
Angola,2024-10,1599.9659096364337
Angola,2024-11,1602.077111559023
Angola,2025-03,1597.0767461243706
Angola,2025-09,1565.3403242615425
Angola,2025-10,1563.060931690704
Angola,2025-11,1568.0827449882502
Angola,2025-12,1553.3368609382253
Angola,2026-06,1560.0249631312013
Anguilla,2016-03,1116.075078735331
Anguilla,2018-07,1104.5425502279393
Anguilla,2018-08,1115.1807948988046
Anguilla,2018-09,1112.4766887452097
Anguilla,2018-10,1108.5344039591882
Anguilla,2018-11,1101.8239938913318
Anguilla,2019-03,1107.4058369764891
Anguilla,2019-09,1092.8677223953646
Anguilla,2019-10,1088.5573060842476
Anguilla,2019-11,1081.9551224986417
Anguilla,2021-03,1070.7165170141902
Anguilla,2021-06,1056.4269607729975
Anguilla,2022-06,1062.7270024871204
Anguilla,2023-03,1059.7222240812437
Anguilla,2023-09,1056.0411303261824
Anguilla,2023-10,1042.8660972545442
Anguilla,2023-11,1035.107063621097
Anguilla,2024-03,1033.051539710233
Anguilla,2024-06,1035.3188879984227
Anguilla,2024-09,1049.1419041858578
Anguilla,2024-10,1044.2103771426207
Anguilla,2025-05,1038.6095265467989
Anguilla,2025-06,1030.409274895765
Anguilla,2025-11,1039.134714891197
Anguilla,2026-03,1048.0435079286055
Antigua and Barbuda,2016-03,1435.2965080059168
Antigua and Barbuda,2016-10,1427.7836423169106
Antigua and Barbuda,2016-11,1411.1939551984813
Antigua and Barbuda,2018-03,1411.0999762569063
Antigua and Barbuda,2018-04,1413.668323186898
Antigua and Barbuda,2018-09,1409.8724685385544
Antigua and Barbuda,2018-10,1390.30591112637
Antigua and Barbuda,2018-11,1408.7585344305066
Antigua and Barbuda,2019-03,1403.5613114273583
Antigua and Barbuda,2019-08,1411.1446265725835
Antigua and Barbuda,2019-09,1402.788232297218
Antigua and Barbuda,2019-10,1413.7069033955736
Antigua and Barbuda,2019-11,1400.692203692057
Antigua and Barbuda,2021-03,1392.6934019994562
Antigua and Barbuda,2021-06,1412.2903617273798
Antigua and Barbuda,2022-06,1407.8406756843513
Antigua and Barbuda,2023-03,1410.1269643016565
Antigua and Barbuda,2023-06,1398.5600265119049
Antigua and Barbuda,2023-09,1368.4881557431147
Antigua and Barbuda,2023-10,1365.0921711456724
Antigua and Barbuda,2023-11,1351.6485986708217
Antigua and Barbuda,2024-06,1339.3240141427625
Antigua and Barbuda,2024-09,1314.0571459635428
Antigua and Barbuda,2024-10,1296.31982116475
Antigua and Barbuda,2024-11,1281.8195261136025
Antigua and Barbuda,2025-06,1271.8461749904038
Antigua and Barbuda,2025-11,1266.8657632915897
Argentina,2016-03,1972.902762654898
Argentina,2016-06,2033.5774720945035
Argentina,2016-09,2035.232893413817
Argentina,2016-10,2020.6829919701863
Argentina,2016-11,1980.24869677751
Argentina,2017-03,2000.906234370694
Argentina,2017-06,1977.364535897378
Argentina,2017-08,1977.9753335347448
Argentina,2017-09,1974.8046543654089
Argentina,2017-10,1958.5824113264744
Argentina,2017-11,1971.35439055238
Argentina,2018-03,1966.269892166085
Argentina,2018-05,1960.182038079725
Argentina,2018-06,1914.766256300579
Argentina,2018-09,1899.271675622049
Argentina,2018-10,1902.215732654195
Argentina,2018-11,1901.0821183295889
Argentina,2019-03,1895.4700278993064
Argentina,2019-06,1884.8389612299331
Argentina,2019-07,1887.820549090802
Argentina,2019-09,1902.1623164151492
Argentina,2019-10,1910.5209074650288
Argentina,2019-11,1925.5000944192093
Argentina,2020-10,1929.61141920134
Argentina,2020-11,1925.1366120552896
Argentina,2021-06,1954.714038155198
Argentina,2021-07,1970.4297035243576
Argentina,2021-09,2003.568288310959
Argentina,2021-10,2011.6831233140629
Argentina,2021-11,2025.373069133712
Argentina,2022-01,2025.3391598343596
Argentina,2022-02,2031.9109589356465
Argentina,2022-03,2040.3319806406816
Argentina,2022-06,2045.6330839832544
Argentina,2022-09,2046.8472933366315
Argentina,2022-11,2032.9418793904565
Argentina,2022-12,2073.9909245036047
Argentina,2023-03,2072.37576707685
Argentina,2023-06,2074.9093645157864
Argentina,2023-09,2078.6147491642146
Argentina,2023-10,2083.597673358503
Argentina,2023-11,2062.706325591551
Argentina,2024-03,2076.5400700298624
Argentina,2024-06,2091.7382367453565
Argentina,2024-07,2094.4937169101427
Argentina,2024-09,2110.210210354502
Argentina,2024-10,2088.254708961829
Argentina,2024-11,2070.1783893353704
Argentina,2025-03,2081.952584465025
Argentina,2025-06,2098.670263210492
Argentina,2025-09,2095.2244758080933
Argentina,2025-10,2079.112167328489
Argentina,2025-11,2079.420740312215
Argentina,2026-03,2080.398549180241
Argentina,2026-06,2104.1205262800554
Argentina,2026-07,2109.234952715465
Armenia,2016-03,1469.671134640639
Armenia,2016-05,1469.7124778783304
Armenia,2016-06,1480.822939112754
Armenia,2016-08,1490.2313410644342
Armenia,2016-09,1487.899724001051
Armenia,2016-10,1468.9641085583169
Armenia,2016-11,1466.3198036747367
Armenia,2017-03,1479.504276760431
Armenia,2017-06,1495.380863641758
Armenia,2017-09,1476.3367669285876
Armenia,2017-10,1456.9024234280191
Armenia,2017-11,1461.8190158331415
Armenia,2018-03,1464.4549967988364
Armenia,2018-05,1459.081533841464
Armenia,2018-06,1456.5263661713907
Armenia,2018-09,1458.5002336675495
Armenia,2018-10,1422.5458157312928
Armenia,2018-11,1474.0749059932175
Armenia,2019-03,1463.1168123928355
Armenia,2019-06,1454.9350845456206
Armenia,2019-09,1468.7993795438724
Armenia,2019-10,1486.4587140898266
Armenia,2019-11,1468.3605267449395
Armenia,2020-09,1456.647072220631
Armenia,2020-10,1475.9083280669267
Armenia,2020-11,1495.043949604653
Armenia,2021-03,1535.6575310500848
Armenia,2021-06,1552.933973248265
Armenia,2021-09,1548.905804840212
Armenia,2021-10,1541.8480564050535
Armenia,2021-11,1507.753409239497
Armenia,2022-03,1506.5371445536512
Armenia,2022-06,1502.226496348257
Armenia,2022-09,1470.8656420726802
Armenia,2022-11,1466.6024636818238
Armenia,2023-03,1456.4596893399903
Armenia,2023-06,1483.527941293905
Armenia,2023-09,1496.377281108333
Armenia,2023-10,1473.8426590590664
Armenia,2023-11,1475.0064686399544
Armenia,2024-03,1469.499794278799
Armenia,2024-06,1467.0972823597683
Armenia,2024-09,1482.5447610511867
Armenia,2024-10,1462.849773923855
Armenia,2024-11,1421.5032142307907
Armenia,2025-03,1419.7374549923225
Armenia,2025-06,1408.694382476411
Armenia,2025-09,1408.237803162693
Armenia,2025-10,1420.9289623230093
Armenia,2025-11,1411.5226071023142
Armenia,2026-03,1409.8912518711277
Armenia,2026-06,1405.419602427785
Artsakh,2019-06,1512.7140931566714
Aruba,2016-03,1275.663801971357
Aruba,2018-09,1265.1579714512195
Aruba,2018-10,1283.8892267408717
Aruba,2018-11,1289.5133950904303
Aruba,2019-03,1275.0952655662825
Aruba,2019-09,1264.3117010439207
Aruba,2019-10,1258.8603785691382
Aruba,2019-11,1250.9429954706386
Aruba,2021-03,1234.9168813845442
Aruba,2021-06,1244.774570290818
Aruba,2022-06,1256.5543023504122
Aruba,2023-03,1252.1500679152016
Aruba,2023-09,1247.4213987290775
Aruba,2023-10,1255.9623374884611
Aruba,2023-11,1271.6260012607618
Aruba,2024-03,1281.087886361654
Aruba,2024-06,1267.5002935059704
Aruba,2024-09,1260.8735549256885
Aruba,2024-10,1253.4983866285916
Aruba,2024-11,1243.069255360528
Aruba,2025-03,1237.225799723321
Aruba,2025-06,1243.9043830459084
Aruba,2025-11,1240.5512959942398
Aruba,2026-03,1260.9603400745862
Aruba,2026-06,1266.5563823812424
Australia,2016-03,1786.6314483063395
Australia,2016-05,1796.756883402389
Australia,2016-06,1796.2994364551207
Australia,2016-09,1797.1181853043388
Australia,2016-10,1804.665131972324
Australia,2016-11,1802.2695318594256
Australia,2017-03,1789.3811768181422
Australia,2017-06,1791.3929098610183
Australia,2017-08,1797.8894588006906
Australia,2017-09,1784.3291292206077
Australia,2017-10,1783.1004857295848
Australia,2017-11,1787.0293662322035
Australia,2018-03,1786.542443883057
Australia,2018-06,1784.9021649139545
Australia,2018-10,1757.104745699016
Australia,2018-11,1761.05444164889
Australia,2018-12,1763.312670348354
Australia,2019-01,1764.0455218356117
Australia,2019-06,1745.0117414459105
Australia,2019-09,1742.4599938945466
Australia,2019-10,1757.0349783906122
Australia,2019-11,1759.9611514147148
Australia,2021-06,1783.6711325465317
Australia,2021-09,1803.6146293699908
Australia,2021-10,1818.4496989899235
Australia,2021-11,1803.3038984503216
Australia,2022-01,1797.968007633864
Australia,2022-02,1802.6970545421764
Australia,2022-03,1779.3942382066496
Australia,2022-06,1777.4594379448945
Australia,2022-09,1781.802991471942
Australia,2022-11,1788.4932610946664
Australia,2022-12,1813.9535627547727
Australia,2023-03,1810.6888869135792
Australia,2023-06,1805.9487289840529
Australia,2023-09,1803.8233666249137
Australia,2023-10,1803.1041585315293
Australia,2023-11,1812.774813881768
Australia,2024-01,1825.1760755605203
Australia,2024-02,1830.646369102505
Australia,2024-03,1817.3344464168688
Australia,2024-06,1822.300874581558
Australia,2024-09,1807.6966943998352
Australia,2024-10,1804.9590127548424
Australia,2024-11,1804.5213701152957
Australia,2025-03,1803.8866181419476
Australia,2025-06,1826.6186195843115
Australia,2025-09,1841.5900249483816
Australia,2025-10,1857.3895387943069
Australia,2025-11,1848.13450293542
Australia,2026-03,1846.9547013887448
Australia,2026-05,1850.7934776150823
Australia,2026-06,1848.5606261949997
Australia,2026-07,1845.2059943666984
Austria,2016-03,1706.890731106599
Austria,2016-05,1702.5828270070904
Austria,2016-06,1679.0009364029563
Austria,2016-09,1658.3713071096954
Austria,2016-10,1665.2761607783334
Austria,2016-11,1644.3965313387723
Austria,2017-03,1648.2624571821998
Austria,2017-06,1646.4826865247755
Austria,2017-09,1643.262716352358
Austria,2017-10,1648.4622112817317
Austria,2017-11,1653.276079421056
Austria,2018-03,1663.3606307990365
Austria,2018-05,1664.9236749615998
Austria,2018-06,1675.5484266013618
Austria,2018-09,1680.8208749105938
Austria,2018-10,1679.7952690117493
Austria,2018-11,1676.9238501926422
Austria,2019-03,1678.796359044745
Austria,2019-06,1665.911129662195
Austria,2019-09,1684.0029574708387
Austria,2019-10,1696.66382043588
Austria,2019-11,1710.3280067821493
Austria,2020-09,1706.720918614143
Austria,2020-10,1704.1914568879447
Austria,2020-11,1726.8845322253196
Austria,2021-03,1724.0533403507416
Austria,2021-06,1730.5929585313534
Austria,2021-09,1702.485398397416
Austria,2021-10,1689.944358948748
Austria,2021-11,1696.809954378456
Austria,2022-03,1691.4458275669012
Austria,2022-06,1726.5437937677686
Austria,2022-09,1712.5424386219324
Austria,2022-11,1696.290094293761
Austria,2023-03,1709.480137143487
Austria,2023-06,1720.224046623233
Austria,2023-09,1731.2013586982143
Austria,2023-10,1744.4607230542993
Austria,2023-11,1753.9359863322
Austria,2024-03,1766.44448636124
Austria,2024-06,1793.409455102705
Austria,2024-07,1818.756999744852
Austria,2024-09,1796.86121187124
Austria,2024-10,1785.858154630847
Austria,2024-11,1809.2362406016284
Austria,2025-03,1798.770694533843
Austria,2025-06,1787.9573278785424
Austria,2025-09,1789.546999763758
Austria,2025-10,1796.603643576093
Austria,2025-11,1786.015080392331
Austria,2026-03,1781.3664573044991
Austria,2026-06,1803.18533221566
Austria,2026-07,1803.4344371921131
Aymara,2022-06,1487.723738610773
Azerbaijan,2016-03,1401.3309762157803
Azerbaijan,2016-05,1394.0634046639093
Azerbaijan,2016-06,1388.6993956523345
Azerbaijan,2016-09,1390.7519942892309
Azerbaijan,2016-10,1411.396866694328
Azerbaijan,2016-11,1420.5733428695669
Azerbaijan,2017-03,1416.7484571358852
Azerbaijan,2017-06,1414.9582321614291
Azerbaijan,2017-09,1399.4170724697324
Azerbaijan,2017-10,1396.7805200403704
Azerbaijan,2018-01,1396.1476840735431
Azerbaijan,2018-03,1391.8825999257372
Azerbaijan,2018-05,1392.8824066252057
Azerbaijan,2018-06,1392.5920182219702
Azerbaijan,2018-09,1400.3947047275874
Azerbaijan,2018-10,1414.9710450003083
Azerbaijan,2018-11,1414.77662052934
Azerbaijan,2019-03,1398.0184707955043
Azerbaijan,2019-06,1387.5046913059607
Azerbaijan,2019-09,1377.1082451328473
Azerbaijan,2019-10,1393.0259396316935
Azerbaijan,2019-11,1383.4688124018185
Azerbaijan,2020-09,1359.6190009605573
Azerbaijan,2020-10,1368.9493200205427
Azerbaijan,2020-11,1377.094452208641
Azerbaijan,2021-03,1375.6302411128145
Azerbaijan,2021-05,1372.1451235576594
Azerbaijan,2021-06,1377.5132347660774
Azerbaijan,2021-09,1370.5362830919605
Azerbaijan,2021-10,1357.8368534451572
Azerbaijan,2021-11,1333.4904608160157
Azerbaijan,2022-03,1331.9750401197125
Azerbaijan,2022-06,1311.9021345483534
Azerbaijan,2022-09,1361.932997056365
Azerbaijan,2022-11,1389.1657668335629
Azerbaijan,2023-03,1394.497306474536
Azerbaijan,2023-06,1390.6190120146578
Azerbaijan,2023-09,1388.8929217315383
Azerbaijan,2023-10,1415.8922915209002
Azerbaijan,2023-11,1443.0853110714015
Azerbaijan,2024-03,1443.770095625276
Azerbaijan,2024-06,1439.7120646137623
Azerbaijan,2024-09,1432.913976556135
Azerbaijan,2024-10,1406.609318190357
Azerbaijan,2024-11,1393.4574660750077
Azerbaijan,2025-03,1384.8189831336265
Azerbaijan,2025-06,1379.029071867681
Azerbaijan,2025-09,1367.121907365488
Azerbaijan,2025-10,1375.3653056494552
Azerbaijan,2025-11,1360.351235237389
Azerbaijan,2026-03,1370.0614640741742
Azerbaijan,2026-06,1363.006373342649
Bahamas,2018-09,1367.2356197301144
Bahamas,2018-10,1355.0663090797177
Bahamas,2018-11,1336.6136857755812
Bahamas,2019-03,1336.4404193461255
Bahamas,2019-09,1322.0541884563604
Bahamas,2019-10,1329.7513635595092
Bahamas,2019-11,1340.6956385396386
Bahamas,2021-03,1320.710043628738
Bahamas,2021-06,1281.808173264909
Bahamas,2021-07,1287.494892159785
Bahamas,2022-05,1286.5860967377932
Bahamas,2022-06,1275.8785351148758
Bahamas,2023-03,1261.6997871089973
Bahamas,2023-09,1249.3966856279696
Bahamas,2023-10,1233.7206041152065
Bahamas,2023-11,1237.8152240307763
Bahamas,2024-06,1222.928949855892
Bahamas,2024-09,1215.9548233715195
Bahamas,2024-10,1216.336679117524
Bahamas,2025-06,1192.2199221588885
Bahamas,2025-11,1178.3853257002738
Bahamas,2026-03,1140.2474124822284
Bahrain,2016-02,1541.1974811343357
Bahrain,2016-03,1552.3103115754109
Bahrain,2016-09,1549.9337001404674
Bahrain,2016-10,1554.7860734764463
Bahrain,2016-11,1552.730162209713
Bahrain,2017-03,1548.746573719931
Bahrain,2017-06,1534.6663306103364
Bahrain,2017-08,1544.4143226199938
Bahrain,2017-09,1544.4871825618166
Bahrain,2017-10,1547.665742438994
Bahrain,2017-11,1535.7060192689562
Bahrain,2017-12,1551.9668965896544
Bahrain,2018-01,1552.5186949313577
Bahrain,2018-03,1545.1118415701535
Bahrain,2018-09,1553.852338936804
Bahrain,2018-10,1550.4734134770624
Bahrain,2018-11,1552.64085641994
Bahrain,2018-12,1557.2681963598698
Bahrain,2019-01,1561.8328268900236
Bahrain,2019-08,1574.8807363791198
Bahrain,2019-09,1586.354972088761
Bahrain,2019-10,1582.14325571479
Bahrain,2019-11,1598.6811763803123
Bahrain,2019-12,1600.3862767072908
Bahrain,2020-11,1616.3656424969388
Bahrain,2021-03,1627.894167532828
Bahrain,2021-05,1625.0885565371875
Bahrain,2021-06,1622.0024325576203
Bahrain,2021-09,1639.034645013924
Bahrain,2021-10,1637.5943394271362
Bahrain,2021-11,1635.5240482066329
Bahrain,2021-12,1631.6332882760028
Bahrain,2022-01,1617.092291351827
Bahrain,2022-02,1621.2782244836435
Bahrain,2022-03,1627.613050854367
Bahrain,2022-05,1616.1293337226623
Bahrain,2022-06,1627.5539797354347
Bahrain,2022-09,1627.0854433405036
Bahrain,2022-11,1622.6518128058983
Bahrain,2023-01,1631.8417437885644
Bahrain,2023-03,1618.9409707177767
Bahrain,2023-09,1613.53476755632
Bahrain,2023-10,1613.844493589278
Bahrain,2023-11,1619.627185938098
Bahrain,2024-01,1606.9487396532454
Bahrain,2024-03,1601.9291959796449
Bahrain,2024-06,1594.9018572809046
Bahrain,2024-09,1618.7412357708306
Bahrain,2024-10,1601.4274699503917
Bahrain,2024-11,1590.6123268147528
Bahrain,2024-12,1607.6039281717638
Bahrain,2025-01,1614.6089872975165
Bahrain,2025-03,1618.95432939477
Bahrain,2025-06,1586.7515209762032
Bahrain,2025-09,1576.9167441726458
Bahrain,2025-10,1574.5336501160589
Bahrain,2025-11,1565.923204592384
Bahrain,2025-12,1555.260686981486
Bahrain,2026-06,1564.2864732140886
Bangladesh,2016-01,1210.3480191497702
Bangladesh,2016-03,1208.8087344303417
Bangladesh,2016-06,1199.3343346184922
Bangladesh,2016-09,1188.3888303214114
Bangladesh,2016-10,1182.2442311340903
Bangladesh,2018-03,1162.785293599642
Bangladesh,2018-08,1163.0950803904116
Bangladesh,2018-09,1170.131344681418
Bangladesh,2019-03,1156.750773804489
Bangladesh,2019-06,1172.7921107300194
Bangladesh,2019-09,1160.9661610760415
Bangladesh,2019-10,1164.3993401342095
Bangladesh,2019-11,1173.069663838021
Bangladesh,2020-11,1176.4460135309887
Bangladesh,2020-12,1175.9897206696285
Bangladesh,2021-03,1175.6457554075164
Bangladesh,2021-06,1170.0300845402248
Bangladesh,2021-09,1164.3745654856004
Bangladesh,2021-10,1163.5889543054625
Bangladesh,2021-11,1173.9266039865367
Bangladesh,2022-03,1160.6628995034455
Bangladesh,2022-06,1157.607615955167
Bangladesh,2022-09,1156.6792716595562
Bangladesh,2023-03,1158.3635133201185
Bangladesh,2023-06,1169.0936832708298
Bangladesh,2023-07,1175.117141825095
Bangladesh,2023-09,1173.7789248564538
Bangladesh,2023-10,1177.8613563861722
Bangladesh,2023-11,1187.5073890067956
Bangladesh,2024-03,1188.4064153386878
Bangladesh,2024-06,1183.1993430140103
Bangladesh,2024-09,1177.9219419482336
Bangladesh,2024-11,1168.0792428234251
Bangladesh,2025-03,1171.672078108193
Bangladesh,2025-06,1180.7109903012188
Bangladesh,2025-09,1172.4034221358772
Bangladesh,2025-10,1167.28805621585
Bangladesh,2025-11,1173.4064666480697
Bangladesh,2026-03,1186.5793882373523
Bangladesh,2026-06,1185.0576834142785
Barawa,2016-08,1479.5840089205474
Barawa,2018-04,1474.6864018959805
Barawa,2018-05,1459.3623609910046
Barawa,2018-06,1447.4217401999642
Barawa,2019-05,1428.2943755455842
Barbados,2016-03,1384.3443938542694
Barbados,2017-03,1370.9472511260678
Barbados,2017-05,1376.6399885118244
Barbados,2017-06,1371.1054984954585
Barbados,2017-07,1353.5680779097447
Barbados,2017-10,1367.6323822437992
Barbados,2018-03,1373.65644910712
Barbados,2018-06,1374.19866122285
Barbados,2018-08,1372.0318763663038
Barbados,2018-09,1357.1069226195166
Barbados,2018-10,1357.6071495024416
Barbados,2018-11,1352.6594969969217
Barbados,2019-03,1364.151663352698
Barbados,2019-09,1363.1722146925076
Barbados,2019-10,1357.391309548176
Barbados,2019-11,1356.739517325208
Barbados,2020-01,1362.665748102562
Barbados,2021-03,1356.3683516265228
Barbados,2021-06,1364.6184111598382
Barbados,2021-07,1361.435174674053
Barbados,2022-01,1348.7610814621523
Barbados,2022-03,1343.0482984458934
Barbados,2022-06,1316.7484618097983
Barbados,2023-02,1314.218029633213
Barbados,2023-03,1308.5211347307434
Barbados,2023-09,1310.2052992283022
Barbados,2023-10,1288.69974261612
Barbados,2023-11,1271.5973581089747
Barbados,2024-06,1255.8832335015136
Barbados,2024-09,1257.728437888782
Barbados,2024-10,1273.816276962389
Barbados,2024-11,1272.8856841433335
Barbados,2025-05,1268.55771234827
Barbados,2025-06,1266.0776890080028
Barbados,2025-11,1267.203538809438
Barbados,2026-03,1241.9640223607405
Basque Country,2016-05,1636.7220565444502
Basque Country,2016-12,1636.1773882996804
Basque Country,2018-10,1641.8691256152115
Basque Country,2019-05,1647.475604772725
Basque Country,2020-11,1648.1551437847454
Basque Country,2024-05,1652.229183522576
Basque Country,2025-11,1654.4950338030703
Belarus,2016-03,1538.220947285096
Belarus,2016-05,1533.0440735365464
Belarus,2016-08,1539.6854778018342
Belarus,2016-09,1545.3506463249944
Belarus,2016-10,1550.9265812292394
Belarus,2016-11,1546.62033170769
Belarus,2017-03,1529.743539736806
Belarus,2017-06,1534.0702310964098
Belarus,2017-07,1539.60015686311
Belarus,2017-08,1541.0802726923043
Belarus,2017-09,1520.6567401108537
Belarus,2017-10,1502.651569384738
Belarus,2017-11,1494.73680162317
Belarus,2018-03,1498.8683063224444
Belarus,2018-06,1507.9641388200728
Belarus,2018-09,1506.260599024061
Belarus,2018-10,1505.5481118653136
Belarus,2018-11,1508.9717637463584
Belarus,2019-03,1509.4400334962982
Belarus,2019-06,1499.4679426452033
Belarus,2019-09,1502.079065585587
Belarus,2019-10,1497.3251256404817
Belarus,2019-11,1493.4682372289003
Belarus,2020-09,1466.226380166217
Belarus,2020-10,1469.7609872576538
Belarus,2020-11,1489.50630106632
Belarus,2021-03,1492.239507058153
Belarus,2021-06,1490.513723746407
Belarus,2021-09,1477.96449041708
Belarus,2021-10,1459.796789154332
Belarus,2021-11,1450.0719158347604
Belarus,2022-03,1461.4263518951038
Belarus,2022-06,1451.817696314774
Belarus,2022-09,1414.0838908498963
Belarus,2022-11,1426.206414271132
Belarus,2023-03,1420.3060370624462
Belarus,2023-06,1410.8350357811944
Belarus,2023-09,1418.8876866691808
Belarus,2023-10,1421.132815859062
Belarus,2023-11,1434.5100405230105
Belarus,2024-03,1445.795879712309
Belarus,2024-06,1441.255389448332
Belarus,2024-09,1439.0138938860514
Belarus,2024-10,1457.792867611675
Belarus,2024-11,1443.5773528877482
Belarus,2025-03,1457.9544412094424
Belarus,2025-06,1468.7208783911542
Belarus,2025-09,1461.3208855127702
Belarus,2025-10,1450.1607798890593
Belarus,2025-11,1458.1020184249376
Belarus,2026-03,1469.553897920232
Belarus,2026-06,1481.7367999781004
Belgium,2016-03,1833.050089128722
Belgium,2016-05,1830.232010571631
Belgium,2016-06,1845.4833155956264
Belgium,2016-07,1863.4231309091508
Belgium,2016-09,1819.4962260938485
Belgium,2016-10,1836.498777299622
Belgium,2016-11,1842.412492833398
Belgium,2017-03,1838.828213666894
Belgium,2017-06,1839.758796657976
Belgium,2017-08,1844.9917487554003
Belgium,2017-09,1847.8561221376224
Belgium,2017-10,1864.9632556985832
Belgium,2017-11,1866.5305602331869
Belgium,2018-03,1869.2344608291
Belgium,2018-06,1916.0425957376644
Belgium,2018-07,1956.0250372156684
Belgium,2018-09,1984.613708722208
Belgium,2018-10,2000.1770263320277
Belgium,2018-11,2002.2743154652069
Belgium,2019-03,1976.0252216872495
Belgium,2019-06,1978.7054814587364
Belgium,2019-09,1982.83127927867
Belgium,2019-10,1990.313538555772
Belgium,2019-11,2003.422977554252
Belgium,2020-09,2019.165099386449
Belgium,2020-10,2004.6973639220776
Belgium,2020-11,2022.6743737548431
Belgium,2021-03,2029.4540397301785
Belgium,2021-06,2058.282252209112
Belgium,2021-07,2071.2151779154774
Belgium,2021-09,2057.467574086593
Belgium,2021-10,2042.7036058917956
Belgium,2021-11,2029.897902529212
Belgium,2022-03,2021.0427300978
Belgium,2022-06,1990.540158110664
Belgium,2022-09,2003.5146481834547
Belgium,2022-11,1995.7071328675893
Belgium,2022-12,1950.556009122869
Belgium,2023-03,1959.599708820188
Belgium,2023-06,1956.1619120039284
Belgium,2023-09,1959.9486684621893
Belgium,2023-10,1967.9586676736617
Belgium,2023-11,1961.7192771705493
Belgium,2024-03,1960.5388218487665
Belgium,2024-06,1943.562469649464
Belgium,2024-07,1935.54073424871
Belgium,2024-09,1928.304965781208
Belgium,2024-10,1917.8496738176173
Belgium,2024-11,1889.2528443597464
Belgium,2025-03,1837.992026242375
Belgium,2025-06,1848.441661099992
Belgium,2025-09,1855.1776985474355
Belgium,2025-10,1848.993669568531
Belgium,2025-11,1854.1471358810345
Belgium,2026-03,1862.0107443795296
Belgium,2026-06,1866.3913161479009
Belgium,2026-07,1887.549204499071
Belize,2016-10,1386.2362240360353
Belize,2017-01,1362.4220074154994
Belize,2018-03,1359.870546330468
Belize,2018-06,1364.397603551366
Belize,2018-08,1365.2457189673585
Belize,2018-09,1368.59648215247
Belize,2018-10,1380.7657928028668
Belize,2018-11,1370.3637015118202
Belize,2019-03,1375.4793647705326
Belize,2019-08,1369.545392721862
Belize,2019-09,1365.8904879270954
Belize,2019-10,1341.4199224582278
Belize,2019-11,1367.8672168246096
Belize,2021-03,1356.6817650095138
Belize,2021-06,1374.1584948937368
Belize,2022-01,1356.1291314584064
Belize,2022-02,1350.5070933169811
Belize,2022-03,1351.6289918301286
Belize,2022-06,1332.30902319981
Belize,2023-03,1325.3837666448617
Belize,2023-09,1308.42073256789
Belize,2023-10,1321.008648535517
Belize,2023-11,1335.4099659227272
Belize,2024-03,1322.4022849417695
Belize,2024-06,1311.4974884217486
Belize,2024-09,1312.0373049216944
Belize,2024-10,1316.9688319649315
Belize,2024-11,1333.2831555607818
Belize,2025-03,1331.8031240336352
Belize,2025-06,1315.8161374329152
Belize,2025-11,1320.28602268687
Belize,2026-03,1331.5936022999583
Benin,2016-03,1493.7581711236314
Benin,2016-06,1503.9354296825522
Benin,2016-09,1510.2869465038696
Benin,2017-03,1501.7768497509114
Benin,2017-05,1502.9339730968998
Benin,2017-06,1505.8672014922554
Benin,2017-09,1511.3999944128534
Benin,2017-10,1515.3270192603843
Benin,2017-11,1520.2781731528564
Benin,2018-09,1518.7371347684
Benin,2018-10,1511.589862135535
Benin,2018-11,1523.5682378585605
Benin,2019-03,1506.0430231181954
Benin,2019-06,1530.826469944115
Benin,2019-07,1541.5748811898632
Benin,2019-09,1541.2114759839858
Benin,2019-10,1539.8976891953298
Benin,2019-11,1535.8955096550983
Benin,2020-10,1541.8576351135398
Benin,2020-11,1552.083160899104
Benin,2021-03,1548.887645966273
Benin,2021-06,1541.6054670533413
Benin,2021-09,1541.4329450948276
Benin,2021-10,1551.8451627996064
Benin,2021-11,1545.233526845902
Benin,2022-03,1542.4491888067655
Benin,2022-06,1537.5622645105857
Benin,2022-09,1517.8336679342508
Benin,2023-03,1506.0070362381362
Benin,2023-06,1505.4541514864077
Benin,2023-09,1511.3867459157875
Benin,2023-10,1500.8521882667485
Benin,2023-11,1490.2492228456351
Benin,2024-03,1487.9528462434812
Benin,2024-06,1497.3023114494908
Benin,2024-09,1509.4881575842526
Benin,2024-10,1533.1146989592685
Benin,2024-11,1526.9988486092554
Benin,2025-03,1526.1351090407086
Benin,2025-06,1514.1427864240484
Benin,2025-09,1524.2164904903775
Benin,2025-10,1549.9547748476782
Benin,2025-11,1539.909850020913
Benin,2025-12,1536.4267662678471
Benin,2026-01,1527.899497068472
Benin,2026-03,1521.8241008674026
Benin,2026-06,1530.0880314932203
Bermuda,2016-03,1507.4247898394665
Bermuda,2016-06,1514.842897635173
Bermuda,2017-01,1498.7245651866522
Bermuda,2017-06,1493.1784162335018
Bermuda,2017-10,1496.279397900466
Bermuda,2018-03,1486.044074359764
Bermuda,2018-09,1485.501862244034
Bermuda,2018-10,1466.770606954382
Bermuda,2018-11,1482.3147575733874
Bermuda,2019-02,1490.7188952960998
Bermuda,2019-03,1483.8549106229757
Bermuda,2019-06,1483.4464162883537
Bermuda,2019-09,1486.767366312942
Bermuda,2019-10,1501.4586251074866
Bermuda,2019-11,1501.6519845017388
Bermuda,2021-03,1487.8720507684673
Bermuda,2021-06,1474.8007661370457
Bermuda,2021-07,1480.0779234834604
Bermuda,2022-06,1465.4251082846724
Bermuda,2023-03,1437.8650474625172
Bermuda,2023-09,1432.6197219521064
Bermuda,2023-10,1430.5292274330588
Bermuda,2023-11,1432.8487500070985
Bermuda,2024-03,1423.4989987053025
Bermuda,2024-06,1413.798100286286
Bermuda,2024-09,1389.7389389195182
Bermuda,2024-10,1405.8166681432458
Bermuda,2024-11,1414.9792541472634
Bermuda,2025-03,1397.1786960816696
Bermuda,2025-06,1402.20395421692
Bermuda,2025-09,1404.620379232072
Bermuda,2025-10,1382.1150573475902
Bermuda,2025-11,1358.835800213065
Bermuda,2026-03,1366.43768300913
Bermuda,2026-06,1364.8325832251644
Bhutan,2016-03,1012.0181876940756
Bhutan,2016-08,1006.8628559239938
Bhutan,2016-09,1004.6057371484696
Bhutan,2016-10,1010.7503363357908
Bhutan,2017-03,1030.209273870239
Bhutan,2017-06,1028.6174951094856
Bhutan,2017-09,1019.5178522885506
Bhutan,2017-10,1017.3181400558695
Bhutan,2017-11,1015.4692668503592
Bhutan,2018-03,1014.0240109644524
Bhutan,2018-04,1006.6208258352692
Bhutan,2018-09,991.6870167062116
Bhutan,2019-06,1001.5157249940517
Bhutan,2019-09,991.9004656323746
Bhutan,2019-10,989.0123030361428
Bhutan,2023-03,980.0663517589736
Bhutan,2023-06,979.1495976936942
Bhutan,2023-09,973.1261391394293
Bhutan,2023-10,975.3674380492976
Bhutan,2024-03,1003.0833670217468
Bhutan,2024-09,992.5360691211212
Bhutan,2025-03,997.8691350875526
Bhutan,2025-06,1001.5367239361788
Bhutan,2025-10,992.2383116547644
Bhutan,2025-11,989.9419663467814
Bhutan,2026-06,984.459636623224
Biafra,2022-05,1500.0165178854986
Bolivia,2016-03,1557.1674600158276
Bolivia,2016-06,1541.6919108978177
Bolivia,2016-09,1525.4747062178196
Bolivia,2016-10,1520.724795061324
Bolivia,2016-11,1514.6636770712776
Bolivia,2017-03,1528.2082908492978
Bolivia,2017-06,1563.5472329422892
Bolivia,2017-08,1564.9184154377815
Bolivia,2017-09,1561.312241965752
Bolivia,2017-10,1590.6990239054398
Bolivia,2018-03,1584.0966831885246
Bolivia,2018-05,1578.8681019725088
Bolivia,2018-06,1578.7770812915032
Bolivia,2018-09,1573.9215269664064
Bolivia,2018-10,1579.141683483076
Bolivia,2018-11,1579.4826619163125
Bolivia,2019-03,1576.980366131485
Bolivia,2019-06,1561.387815347211
Bolivia,2019-09,1546.8056178683034
Bolivia,2019-10,1541.238218527557
Bolivia,2020-10,1545.8284046143858
Bolivia,2020-11,1534.97922900638
Bolivia,2021-03,1541.800419221567
Bolivia,2021-06,1546.7274172636437
Bolivia,2021-09,1546.7669716300215
Bolivia,2021-10,1556.3668227206083
Bolivia,2021-11,1583.629432178337
Bolivia,2022-01,1621.5032118106976
Bolivia,2022-02,1606.8614985438624
Bolivia,2022-03,1593.2550694518147
Bolivia,2022-09,1589.8106188881525
Bolivia,2022-11,1586.8355898872276
Bolivia,2023-03,1582.782352450748
Bolivia,2023-06,1586.9080329593032
Bolivia,2023-08,1587.9719803448863
Bolivia,2023-09,1583.153863726807
Bolivia,2023-10,1573.7876349456503
Bolivia,2023-11,1593.537898782454
Bolivia,2024-03,1586.2898091500297
Bolivia,2024-05,1587.453883008936
Bolivia,2024-06,1575.7072452211055
Bolivia,2024-07,1568.849798856968
Bolivia,2024-09,1589.396025175723
Bolivia,2024-10,1628.650878030177
Bolivia,2024-11,1619.0142199363609
Bolivia,2025-03,1611.8813224603318
Bolivia,2025-06,1610.2404712203963
Bolivia,2025-09,1626.2419830544045
Bolivia,2025-10,1651.6697875918017
Bolivia,2025-11,1645.9343149051135
Bolivia,2026-01,1643.2367394039063
Bolivia,2026-03,1653.9683399313683
Bolivia,2026-06,1638.400314346293
Bonaire,2018-09,1394.6633449252424
Bonaire,2018-10,1380.4509085643956
Bonaire,2019-03,1366.214658787845
Bonaire,2019-09,1373.8963834622932
Bonaire,2019-10,1366.1992083591444
Bonaire,2019-11,1369.1230569655834
Bonaire,2022-06,1385.0623392837626
Bonaire,2023-03,1371.0032778866644
Bonaire,2023-09,1358.6418453110605
Bonaire,2023-10,1348.6259457345998
Bonaire,2023-11,1356.5391203956992
Bonaire,2024-03,1336.0022877568497
Bonaire,2024-09,1335.888471871939
Bonaire,2024-10,1322.0137789111502
Bonaire,2024-11,1326.662437547094
Bonaire,2025-03,1314.758003746767
Bonaire,2025-11,1299.2260506268824
Bonaire,2026-03,1306.728069588394
Bonaire,2026-06,1290.4924917174517
Bosnia and Herzegovina,2016-03,1686.6893279616274
Bosnia and Herzegovina,2016-05,1695.0264766476348
Bosnia and Herzegovina,2016-06,1693.552480049634
Bosnia and Herzegovina,2016-09,1705.48892628028
Bosnia and Herzegovina,2016-10,1700.194891961886
Bosnia and Herzegovina,2016-11,1704.1207036856977
Bosnia and Herzegovina,2017-03,1710.424684993519
Bosnia and Herzegovina,2017-06,1713.308132122749
Bosnia and Herzegovina,2017-08,1709.846119270822
Bosnia and Herzegovina,2017-09,1691.1667331422304
Bosnia and Herzegovina,2017-10,1688.975922984629
Bosnia and Herzegovina,2018-01,1698.7366511155876
Bosnia and Herzegovina,2018-03,1700.2027605111412
Bosnia and Herzegovina,2018-05,1701.081003244717
Bosnia and Herzegovina,2018-06,1699.037328573467
Bosnia and Herzegovina,2018-09,1720.2946337659548
Bosnia and Herzegovina,2018-10,1730.7993657829318
Bosnia and Herzegovina,2018-11,1740.857251773628
Bosnia and Herzegovina,2019-03,1742.3622366581596
Bosnia and Herzegovina,2019-06,1718.2013889115142
Bosnia and Herzegovina,2019-09,1715.0222962584303
Bosnia and Herzegovina,2019-10,1703.6762429995968
Bosnia and Herzegovina,2019-11,1679.8925646338428
Bosnia and Herzegovina,2020-09,1692.7325068564303
Bosnia and Herzegovina,2020-10,1682.003901468529
Bosnia and Herzegovina,2020-11,1658.877877281597
Bosnia and Herzegovina,2021-03,1652.167299236511
Bosnia and Herzegovina,2021-06,1646.9686632844182
Bosnia and Herzegovina,2021-09,1657.3641393441103
Bosnia and Herzegovina,2021-10,1655.7081653259838
Bosnia and Herzegovina,2021-11,1639.8700505893664
Bosnia and Herzegovina,2021-12,1624.036213310331
Bosnia and Herzegovina,2022-03,1617.2829902311323
Bosnia and Herzegovina,2022-06,1633.78283225676
Bosnia and Herzegovina,2022-09,1655.3533823693645
Bosnia and Herzegovina,2023-03,1643.7479640629704
Bosnia and Herzegovina,2023-06,1623.9136721348857
Bosnia and Herzegovina,2023-09,1596.7243769039103
Bosnia and Herzegovina,2023-10,1587.2986810739535
Bosnia and Herzegovina,2023-11,1558.0615465385265
Bosnia and Herzegovina,2024-03,1547.0060100403336
Bosnia and Herzegovina,2024-06,1540.33110883309
Bosnia and Herzegovina,2024-09,1536.8957172966975
Bosnia and Herzegovina,2024-10,1542.7948130343923
Bosnia and Herzegovina,2024-11,1526.643477060565
Bosnia and Herzegovina,2025-03,1556.3940548219798
Bosnia and Herzegovina,2025-06,1560.556693733137
Bosnia and Herzegovina,2025-09,1560.7868143050375
Bosnia and Herzegovina,2025-10,1548.828114505738
Bosnia and Herzegovina,2025-11,1572.980211253619
Bosnia and Herzegovina,2026-03,1587.3237254482058
Bosnia and Herzegovina,2026-05,1594.1354276598638
Bosnia and Herzegovina,2026-06,1594.7509099314143
Bosnia and Herzegovina,2026-07,1626.2563888951806
Botswana,2016-03,1450.6398207495329
Botswana,2016-05,1454.1443188393569
Botswana,2016-06,1453.3745860121674
Botswana,2016-09,1444.019495035031
Botswana,2017-03,1443.106671461407
Botswana,2017-06,1435.3291577110294
Botswana,2017-07,1417.3991766068184
Botswana,2017-11,1413.762682733374
Botswana,2018-03,1415.74275055817
Botswana,2018-04,1418.3088685027017
Botswana,2018-05,1432.5170001109236
Botswana,2018-06,1454.328088238614
Botswana,2018-09,1439.9563195578476
Botswana,2018-10,1436.8196056538754
Botswana,2018-11,1440.6063367605243
Botswana,2019-03,1431.631867158759
Botswana,2019-06,1432.6398335211272
Botswana,2019-09,1417.4785416286718
Botswana,2019-10,1416.88666043897
Botswana,2019-11,1420.3460867804274
Botswana,2020-11,1412.6131001815436
Botswana,2021-03,1416.1088859556678
Botswana,2021-07,1417.8802874915543
Botswana,2022-06,1409.3164079415717
Botswana,2022-07,1446.3959372059949
Botswana,2022-09,1443.3382703426796
Botswana,2022-11,1441.8738397238717
Botswana,2023-03,1429.534919685939
Botswana,2023-06,1420.677487101336
Botswana,2023-07,1434.0871057640088
Botswana,2023-09,1435.278140863382
Botswana,2023-10,1431.8065650393064
Botswana,2023-11,1420.9770691019617
Botswana,2024-01,1434.8996310956193
Botswana,2024-06,1428.074647604137
Botswana,2024-09,1424.406212140374
Botswana,2024-10,1433.642330247416
Botswana,2024-11,1444.0277345118902
Botswana,2025-03,1444.2927063996678
Botswana,2025-09,1443.8136570438996
Botswana,2025-10,1421.2857987537045
Botswana,2025-12,1409.410841543984
Botswana,2026-03,1384.8801154631435
Brazil,2016-03,1975.0660243070363
Brazil,2016-06,1967.3713596300436
Brazil,2016-09,1956.3542369201716
Brazil,2016-10,1966.6817912155104
Brazil,2016-11,1992.0959126014088
Brazil,2017-01,2003.7742859687175
Brazil,2017-03,2021.8963786915765
Brazil,2017-06,2016.3690807933376
Brazil,2017-08,2020.8862744510268
Brazil,2017-09,2025.93328211481
Brazil,2017-10,2014.164493564672
Brazil,2017-11,2027.2582781038416
Brazil,2018-03,2028.9896594958063
Brazil,2018-06,2039.3256062891664
Brazil,2018-07,2062.5723117778475
Brazil,2018-09,2039.5451051714383
Brazil,2018-10,2042.179550543182
Brazil,2018-11,2049.3716060626757
Brazil,2019-03,2046.9670850060584
Brazil,2019-06,2051.006650879981
Brazil,2019-07,2048.9864402582757
Brazil,2019-09,2057.0328478438573
Brazil,2019-10,2048.2629412294878
Brazil,2019-11,2034.4981701301235
Brazil,2020-10,2039.3146392760332
Brazil,2020-11,2052.75384169073
Brazil,2021-06,2096.040612941766
Brazil,2021-07,2090.47740324452
Brazil,2021-09,2071.0052162482707
Brazil,2021-10,2076.708228685284
Brazil,2021-11,2089.3912917476123
Brazil,2022-01,2089.4252010469645
Brazil,2022-02,2082.520915712044
Brazil,2022-03,2090.8586986001083
Brazil,2022-06,2098.181683476695
Brazil,2022-09,2101.2547451458663
Brazil,2022-11,2113.043967056476
Brazil,2022-12,2099.1985312495544
Brazil,2023-03,2088.768144495345
Brazil,2023-06,2083.5373490926254
Brazil,2023-09,2075.301162463856
Brazil,2023-10,2071.043109677858
Brazil,2023-11,2032.5982540651771
Brazil,2024-03,2023.6419594553972
Brazil,2024-06,2013.0491820177165
Brazil,2024-07,2018.6119606873915
Brazil,2024-09,2021.5088916561983
Brazil,2024-10,2006.882577522735
Brazil,2024-11,2007.1520588445449
Brazil,2025-03,2010.608064913111
Brazil,2025-06,1995.4956567854847
Brazil,2025-09,2004.12407384489
Brazil,2025-10,1989.9963593220364
Brazil,2025-11,1985.1465664117927
Brazil,2026-03,1979.206459268293
Brazil,2026-05,1983.961395399915
Brazil,2026-06,2006.9135365387804
Brazil,2026-07,2022.230116376143
British Virgin Islands,2016-03,1134.1699646944892
British Virgin Islands,2018-07,1114.3636026581903
British Virgin Islands,2018-10,1118.4625841804125
British Virgin Islands,2019-03,1120.353949873607
British Virgin Islands,2019-09,1117.2275284624588
British Virgin Islands,2019-10,1105.9891849448447
British Virgin Islands,2019-11,1103.0653363384058
British Virgin Islands,2021-03,1096.5722105488792
British Virgin Islands,2021-06,1082.1923161798668
British Virgin Islands,2022-06,1083.92433702175
British Virgin Islands,2023-03,1079.4604301360278
British Virgin Islands,2023-09,1073.8735443700853
British Virgin Islands,2023-10,1093.0435428427124
British Virgin Islands,2023-11,1096.8093742815736
British Virgin Islands,2024-03,1093.382468883317
British Virgin Islands,2024-06,1088.0131350534991
British Virgin Islands,2024-09,1079.8040562209408
British Virgin Islands,2024-10,1073.7427412332954
British Virgin Islands,2025-05,1068.4178515903864
British Virgin Islands,2025-06,1063.637981567142
British Virgin Islands,2025-10,1062.5205225317025
British Virgin Islands,2025-11,1072.7665537805788
British Virgin Islands,2026-03,1098.0608652879937
British Virgin Islands,2026-06,1105.346354706156
Brunei,2016-10,1034.9852461975704
Brunei,2016-11,1036.1267741476986
Brunei,2017-12,1029.287825675278
Brunei,2018-09,1012.8788159714768
Brunei,2019-06,1015.0467703576776
Brunei,2022-03,1031.41728235642
Brunei,2022-05,1028.5514039941352
Brunei,2022-09,1022.5940508671096
Brunei,2022-11,1040.4894783601787
Brunei,2022-12,1019.0833875217978
Brunei,2023-09,1011.349456482332
Brunei,2023-10,1006.4678451458212
Brunei,2024-03,998.741737428345
Brunei,2024-06,1017.8516455956892
Brunei,2024-09,1036.8386778774
Brunei,2024-10,1035.323516221866
Brunei,2024-11,1034.8215299327103
Brunei,2025-03,1034.7345438581442
Brunei,2025-06,1028.1074627584508
Brunei,2025-10,1028.5127401446766
Brunei,2025-11,1020.3970803798233
Bulgaria,2016-03,1601.357319842061
Bulgaria,2016-06,1600.063349587915
Bulgaria,2016-09,1589.792336621107
Bulgaria,2016-10,1587.269295400206
Bulgaria,2016-11,1577.6904215503084
Bulgaria,2017-03,1586.454336620905
Bulgaria,2017-06,1615.877711224599
Bulgaria,2017-08,1602.8497573869756
Bulgaria,2017-09,1618.1204939188378
Bulgaria,2017-10,1608.554724178971
Bulgaria,2017-11,1599.5328890422315
Bulgaria,2018-03,1600.9071363721082
Bulgaria,2018-09,1619.0630173327156
Bulgaria,2018-10,1635.6151199287467
Bulgaria,2018-11,1618.766184414441
Bulgaria,2019-03,1610.1365238429382
Bulgaria,2019-06,1602.377428534179
Bulgaria,2019-09,1582.7206887470309
Bulgaria,2019-10,1580.319072476043
Bulgaria,2019-11,1568.0357368560658
Bulgaria,2020-09,1583.8643835376336
Bulgaria,2020-10,1547.2929548411807
Bulgaria,2020-11,1528.769257926413
Bulgaria,2021-03,1525.0392153214175
Bulgaria,2021-06,1528.0291468855664
Bulgaria,2021-09,1542.5344512438487
Bulgaria,2021-10,1521.4231493839563
Bulgaria,2021-11,1535.5182322255316
Bulgaria,2022-03,1530.4224352436422
Bulgaria,2022-06,1493.2694836331216
Bulgaria,2022-09,1505.653088504546
Bulgaria,2022-11,1528.8216845093243
Bulgaria,2023-03,1515.5731248048862
Bulgaria,2023-06,1505.390603693184
Bulgaria,2023-09,1510.5718488963646
Bulgaria,2023-10,1475.0714160692369
Bulgaria,2023-11,1478.7984333612678
Bulgaria,2024-03,1494.9417215540236
Bulgaria,2024-06,1497.586501134215
Bulgaria,2024-09,1497.4630052724344
Bulgaria,2024-10,1504.086885144843
Bulgaria,2024-11,1496.0553321212808
Bulgaria,2025-03,1479.7201346922802
Bulgaria,2025-06,1471.037599288414
Bulgaria,2025-09,1467.9667349821048
Bulgaria,2025-10,1451.5453291479264
Bulgaria,2025-11,1447.9457319002104
Bulgaria,2026-03,1486.1981216542908
Bulgaria,2026-06,1490.7546205123954
Burkina Faso,2016-02,1538.434009681778
Burkina Faso,2016-03,1546.9807622356386
Burkina Faso,2016-06,1550.6227020499132
Burkina Faso,2016-08,1554.590393614147
Burkina Faso,2016-09,1552.9833141583492
Burkina Faso,2016-10,1558.4818648923642
Burkina Faso,2016-11,1559.5091843456269
Burkina Faso,2017-01,1603.799605814933
Burkina Faso,2017-02,1643.0696697132796
Burkina Faso,2017-03,1663.4482028192815
Burkina Faso,2017-05,1656.1345879209623
Burkina Faso,2017-06,1653.49285956284
Burkina Faso,2017-07,1658.22844400991
Burkina Faso,2017-09,1662.1057718431434
Burkina Faso,2017-10,1662.772223884686
Burkina Faso,2017-11,1646.2518506545116
Burkina Faso,2018-03,1660.8415775502938
Burkina Faso,2018-05,1651.7190844154964
Burkina Faso,2018-09,1656.5022147824775
Burkina Faso,2018-10,1640.2760681285708
Burkina Faso,2018-11,1636.489337021922
Burkina Faso,2019-03,1622.9035524550532
Burkina Faso,2019-06,1626.4335707194125
Burkina Faso,2019-09,1629.9248469948077
Burkina Faso,2019-10,1631.7719307790949
Burkina Faso,2019-11,1623.847854644791
Burkina Faso,2020-10,1633.2002179752865
Burkina Faso,2020-11,1641.671607811389
Burkina Faso,2021-03,1638.6507209781023
Burkina Faso,2021-06,1638.1365907947034
Burkina Faso,2021-09,1642.435845510202
Burkina Faso,2021-10,1649.4116253266734
Burkina Faso,2021-11,1642.9601016358488
Burkina Faso,2021-12,1649.6518667427488
Burkina Faso,2022-01,1639.9693925758108
Burkina Faso,2022-02,1643.4126738704113
Burkina Faso,2022-03,1639.883149017278
Burkina Faso,2022-06,1650.4996389289895
Burkina Faso,2022-09,1658.1308838167854
Burkina Faso,2022-11,1659.3349916404618
Burkina Faso,2023-03,1668.853107680182
Burkina Faso,2023-06,1664.4886495630883
Burkina Faso,2023-09,1641.1851596190695
Burkina Faso,2023-10,1639.0985670269529
Burkina Faso,2023-11,1635.7371487911953
Burkina Faso,2024-01,1626.2261557108238
Burkina Faso,2024-03,1613.328542062563
Burkina Faso,2024-06,1601.9328405594902
Burkina Faso,2024-09,1603.7545202518627
Burkina Faso,2024-10,1621.9455597849485
Burkina Faso,2024-11,1624.6340260383472
Burkina Faso,2025-01,1613.5938716118296
Burkina Faso,2025-03,1607.3142587072678
Burkina Faso,2025-06,1611.609781370388
Burkina Faso,2025-09,1618.3740451049644
Burkina Faso,2025-10,1627.7735391509254
Burkina Faso,2025-11,1635.582900876812
Burkina Faso,2025-12,1640.6739833903987
Burkina Faso,2026-01,1654.5258475574628
Burkina Faso,2026-03,1633.8779856031883
Burkina Faso,2026-06,1627.580715333078
Burundi,2016-03,1405.9594412709455
Burundi,2016-06,1425.434026306207
Burundi,2016-09,1418.4069513998195
Burundi,2017-03,1407.3486065143256
Burundi,2017-06,1404.3789938626323
Burundi,2017-12,1427.7715691621397
Burundi,2018-09,1424.1787997311792
Burundi,2018-10,1435.1957480172389
Burundi,2018-11,1438.4264524160378
Burundi,2019-03,1452.710778648654
Burundi,2019-06,1430.3966149617352
Burundi,2019-09,1411.891568611155
Burundi,2019-11,1402.731737568192
Burundi,2020-10,1396.107844041944
Burundi,2020-11,1404.1575459191215
Burundi,2021-03,1415.896874761671
Burundi,2021-09,1417.1896496394763
Burundi,2021-11,1412.972416989942
Burundi,2022-03,1413.6097090737153
Burundi,2022-06,1419.2515675380737
Burundi,2022-11,1416.1786859309425
Burundi,2023-03,1409.4648698822366
Burundi,2023-06,1410.340600703625
Burundi,2023-09,1423.0133776040684
Burundi,2023-11,1434.3060985499362
Burundi,2024-01,1425.9416432431192
Burundi,2024-06,1426.2564495688025
Burundi,2024-09,1444.021752040911
Burundi,2024-10,1432.416072352002
Burundi,2024-11,1425.100712203982
Burundi,2025-03,1419.341504422994
Burundi,2025-06,1429.9594774813788
Burundi,2025-09,1427.012939956316
Burundi,2025-10,1400.0023607195783
Burundi,2026-05,1392.9554365419783
Cambodia,2016-01,1074.7576020816662
Cambodia,2016-03,1072.7697518503328
Cambodia,2016-05,1070.3253421338643
Cambodia,2016-06,1075.5193928971703
Cambodia,2016-07,1091.5955960392268
Cambodia,2016-09,1097.8637800247177
Cambodia,2016-10,1120.4003524224186
Cambodia,2016-11,1117.894485701588
Cambodia,2017-01,1115.7796419236468
Cambodia,2017-03,1113.1331045886554
Cambodia,2017-06,1109.0056055688858
Cambodia,2017-09,1123.5240681064024
Cambodia,2017-10,1119.6244741191651
Cambodia,2017-11,1113.355210183305
Cambodia,2018-03,1116.7752311955855
Cambodia,2018-09,1112.3365509603714
Cambodia,2018-10,1106.926136587763
Cambodia,2018-11,1105.0831189785056
Cambodia,2019-03,1102.712199241481
Cambodia,2019-06,1117.7649719238973
Cambodia,2019-09,1137.591054011447
Cambodia,2019-10,1134.35710787884
Cambodia,2019-11,1131.3769446266592
Cambodia,2021-06,1122.7507915940753
Cambodia,2021-10,1131.8184351844525
Cambodia,2021-12,1142.614853240784
Cambodia,2022-06,1129.9848801924911
Cambodia,2022-09,1134.896481654298
Cambodia,2022-12,1137.780689313306
Cambodia,2023-01,1145.5146203527715
Cambodia,2023-06,1143.8939975100263
Cambodia,2023-09,1140.8534862848462
Cambodia,2023-10,1141.9248303083698
Cambodia,2024-03,1129.4455074723674
Cambodia,2024-06,1131.398424701326
Cambodia,2024-09,1128.593395894015
Cambodia,2024-10,1128.668655714324
Cambodia,2024-12,1132.256611047072
Cambodia,2025-03,1130.8288677232488
Cambodia,2025-06,1127.3032248672398
Cambodia,2025-11,1125.855438323392
Cambodia,2026-06,1132.2484744625754
Cameroon,2016-01,1690.7435227437095
Cameroon,2016-03,1687.5224000753624
Cameroon,2016-05,1688.1143850644212
Cameroon,2016-06,1686.7699603883657
Cameroon,2016-09,1694.1741411675034
Cameroon,2016-10,1696.0837642937688
Cameroon,2016-11,1698.7088719210292
Cameroon,2017-01,1690.7996861282668
Cameroon,2017-02,1722.795383682368
Cameroon,2017-03,1747.0014976056275
Cameroon,2017-06,1734.6084630687028
Cameroon,2017-09,1708.2047811653397
Cameroon,2017-10,1706.7815345187034
Cameroon,2017-11,1718.3765412311109
Cameroon,2018-03,1716.7162643979857
Cameroon,2018-05,1720.6305871980696
Cameroon,2018-09,1715.8474568310885
Cameroon,2018-10,1710.1025568261448
Cameroon,2018-11,1692.9188601271062
Cameroon,2019-03,1692.0079814344956
Cameroon,2019-06,1703.0154370007765
Cameroon,2019-07,1695.1334177220067
Cameroon,2019-10,1678.503752764414
Cameroon,2019-11,1673.4005299253888
Cameroon,2020-10,1680.084211370062
Cameroon,2020-11,1682.577579064326
Cameroon,2021-03,1671.4654734010642
Cameroon,2021-06,1669.338708997177
Cameroon,2021-09,1675.8285819366936
Cameroon,2021-10,1673.2269063197468
Cameroon,2021-11,1687.4085875901094
Cameroon,2022-01,1711.535459508166
Cameroon,2022-02,1719.0755231781427
Cameroon,2022-03,1699.50212170854
Cameroon,2022-06,1715.6664490714988
Cameroon,2022-09,1712.0821240036155
Cameroon,2022-11,1697.5677871283276
Cameroon,2022-12,1704.2238795464582
Cameroon,2023-03,1733.592459494155
Cameroon,2023-06,1717.5317327193836
Cameroon,2023-09,1719.1135332937945
Cameroon,2023-10,1719.9869212044428
Cameroon,2023-11,1718.8681282513242
Cameroon,2024-01,1693.2390538396394
Cameroon,2024-06,1683.946979259546
Cameroon,2024-09,1686.471037986889
Cameroon,2024-10,1687.2467022106553
Cameroon,2024-11,1686.4500005160892
Cameroon,2025-03,1680.4341640211153
Cameroon,2025-06,1691.38554775385
Cameroon,2025-09,1693.0977296112203
Cameroon,2025-10,1684.2845230231555
Cameroon,2025-11,1678.4051226482857
Cameroon,2025-12,1680.8568882258417
Cameroon,2026-01,1706.1553244564925
Cameroon,2026-03,1692.1199935707762
Canada,2016-03,1589.647092637519
Canada,2016-06,1583.641359433094
Canada,2016-09,1580.5092108418798
Canada,2016-10,1597.3073169812917
Canada,2016-11,1592.038097459976
Canada,2017-01,1590.055528594737
Canada,2017-03,1595.6016775478874
Canada,2017-06,1596.9253470674544
Canada,2017-07,1625.330279806561
Canada,2017-09,1608.2193385944377
Canada,2017-10,1613.2725829968106
Canada,2018-03,1608.5341581749612
Canada,2018-09,1613.4271671868223
Canada,2018-10,1616.2182828699335
Canada,2018-11,1618.9921884758544
Canada,2019-03,1624.852790669943
Canada,2019-06,1661.6119514891573
Canada,2019-09,1651.4228685934213
Canada,2019-10,1654.892173974728
Canada,2019-11,1669.6191843852714
Canada,2020-01,1666.5492481592464
Canada,2021-03,1675.140989530923
Canada,2021-06,1708.5714805441144
Canada,2021-07,1771.1478339732078
Canada,2021-09,1762.0239955294828
Canada,2021-10,1776.0196674272918
Canada,2021-11,1795.1306074441572
Canada,2022-01,1819.1970076779555
Canada,2022-02,1837.3830130249976
Canada,2022-03,1842.0814987589251
Canada,2022-06,1829.358103178748
Canada,2022-09,1821.6809582975663
Canada,2022-11,1808.6817179904488
Canada,2022-12,1779.542686028979
Canada,2023-03,1768.950540104043
Canada,2023-06,1776.51154323978
Canada,2023-07,1764.4835251736797
Canada,2023-10,1771.1949820941663
Canada,2023-11,1775.0531406073276
Canada,2024-03,1763.453607016808
Canada,2024-06,1780.892415025403
Canada,2024-07,1771.7837299622904
Canada,2024-09,1785.3933216611797
Canada,2024-10,1786.153379495284
Canada,2024-11,1792.8113727400596
Canada,2025-03,1785.7375261505624
Canada,2025-06,1813.0484610078736
Canada,2025-09,1811.48366430611
Canada,2025-10,1810.9515914496892
Canada,2025-11,1812.7299813075829
Canada,2026-03,1814.399947308618
Canada,2026-06,1797.5046292226205
Canada,2026-07,1810.95221569612
Cape Verde,2016-03,1581.1670483153216
Cape Verde,2016-06,1570.6643405896714
Cape Verde,2016-09,1576.2570974657024
Cape Verde,2016-10,1564.5323714050874
Cape Verde,2016-11,1556.1824767345026
Cape Verde,2017-03,1535.0204388230652
Cape Verde,2017-06,1536.8223253357576
Cape Verde,2017-09,1540.7507017585283
Cape Verde,2017-10,1558.1406049022892
Cape Verde,2017-11,1546.2418119050735
Cape Verde,2018-06,1539.6140111154652
Cape Verde,2018-09,1536.169004871578
Cape Verde,2018-10,1543.3343814785983
Cape Verde,2018-11,1526.269299150219
Cape Verde,2019-03,1519.994892869485
Cape Verde,2019-10,1514.4372308149652
Cape Verde,2019-11,1523.585376608792
Cape Verde,2020-10,1521.321053405229
Cape Verde,2020-11,1513.526338503316
Cape Verde,2021-03,1532.7433858452368
Cape Verde,2021-06,1542.0075497908365
Cape Verde,2021-09,1535.5204029895656
Cape Verde,2021-10,1536.5694083177457
Cape Verde,2021-11,1548.6074437666675
Cape Verde,2022-01,1564.276979619313
Cape Verde,2022-03,1558.7599407208236
Cape Verde,2022-06,1558.643308097987
Cape Verde,2022-09,1557.02239371079
Cape Verde,2023-03,1556.2128709681492
Cape Verde,2023-06,1564.529372510439
Cape Verde,2023-09,1581.0336126585926
Cape Verde,2023-10,1566.725803995119
Cape Verde,2023-11,1555.4456382840883
Cape Verde,2024-01,1610.8544803609786
Cape Verde,2024-02,1620.83690687058
Cape Verde,2024-03,1627.4822092126892
Cape Verde,2024-06,1618.9514491090092
Cape Verde,2024-09,1615.7075615522622
Cape Verde,2024-10,1604.9986067041618
Cape Verde,2024-11,1594.6721898466255
Cape Verde,2025-03,1583.9422284836617
Cape Verde,2025-05,1598.596305792286
Cape Verde,2025-06,1602.6993094562777
Cape Verde,2025-09,1610.025393844357
Cape Verde,2025-10,1621.1645587900457
Cape Verde,2025-11,1630.4642504189571
Cape Verde,2026-03,1623.8166588336958
Cape Verde,2026-05,1622.4155193036845
Cape Verde,2026-06,1650.7663006333955
Cape Verde,2026-07,1652.6425109022096
Cascadia,2018-05,1500.0
Cascadia,2018-06,1516.5478249257014
Cascadia,2019-05,1517.292307706606
Catalonia,2016-12,1551.206142519473
Catalonia,2019-03,1551.977812022122
Cayman Islands,2018-09,1265.226644111697
Cayman Islands,2018-10,1262.6856797905464
Cayman Islands,2018-11,1257.32280072688
Cayman Islands,2019-03,1257.8471238692644
Cayman Islands,2019-09,1259.5030839382673
Cayman Islands,2019-10,1253.450540701394
Cayman Islands,2019-11,1264.559163953971
Cayman Islands,2021-03,1249.0895670552147
Cayman Islands,2021-06,1224.9263245876268
Cayman Islands,2022-06,1225.8844547439098
Cayman Islands,2023-03,1213.6504478267857
Cayman Islands,2023-09,1205.9499727513528
Cayman Islands,2023-10,1197.4090339919692
Cayman Islands,2023-11,1201.9928375764491
Cayman Islands,2024-06,1207.3049264486417
Cayman Islands,2024-09,1204.5329283408537
Cayman Islands,2024-10,1199.8923356020118
Cayman Islands,2024-11,1198.526210734069
Cayman Islands,2025-06,1188.3364507846973
Cayman Islands,2025-11,1173.9085832532146
Cayman Islands,2026-03,1177.8433919264369
Cayman Islands,2026-06,1177.0383225055648
Central African Republic,2016-03,1372.064381220438
Central African Republic,2016-06,1380.86876225495
Central African Republic,2016-09,1401.1802623857254
Central African Republic,2017-03,1395.2911115694344
Central African Republic,2017-06,1391.3446843390198
Central African Republic,2017-11,1401.1058391914298
Central African Republic,2018-03,1399.9478211380736
Central African Republic,2018-05,1405.8742164006762
Central African Republic,2018-09,1411.900338520967
Central African Republic,2018-10,1403.5901565515126
Central African Republic,2018-11,1409.7053196601496
Central African Republic,2019-03,1411.985019903599
Central African Republic,2019-10,1414.9121828182942
Central African Republic,2019-11,1433.8245611973855
Central African Republic,2020-11,1417.6579308538985
Central African Republic,2021-03,1415.466414371513
Central African Republic,2021-06,1399.8786917313937
Central African Republic,2021-09,1399.224500173411
Central African Republic,2021-10,1410.0210854029704
Central African Republic,2021-11,1399.026930381047
Central African Republic,2022-03,1377.7081896111483
Central African Republic,2022-06,1372.4704923709978
Central African Republic,2023-03,1402.5628834742952
Central African Republic,2023-06,1417.8328493060144
Central African Republic,2023-09,1409.856416967517
Central African Republic,2023-11,1389.4810533076309
Central African Republic,2024-03,1402.3079405037606
Central African Republic,2024-06,1430.6553646100908
Central African Republic,2024-09,1439.0520411138953
Central African Republic,2024-10,1428.2556489790036
Central African Republic,2024-11,1413.7732625905571
Central African Republic,2025-03,1387.4929833916435
Central African Republic,2025-06,1396.0703674051133
Central African Republic,2025-09,1383.9376425301575
Central African Republic,2025-10,1359.366779332134
Central African Republic,2026-06,1372.386672987748
Chad,2019-09,1378.381594018866
Chad,2019-10,1374.7717039096738
Chad,2019-11,1378.1826048117334
Chad,2020-10,1370.4795987853663
Chad,2020-11,1362.1080736744752
Chad,2021-03,1348.6203960299429
Chad,2022-03,1338.9359192430886
Chad,2023-10,1343.4755708967923
Chad,2023-11,1337.305293680479
Chad,2024-03,1329.4333853015496
Chad,2024-06,1329.9614689246612
Chad,2024-09,1318.5707170331318
Chad,2024-10,1322.9187234142282
Chad,2024-11,1322.1822534435437
Chad,2025-03,1313.2493608691732
Chad,2025-06,1307.374232445314
Chad,2025-09,1312.36602655746
Chad,2025-10,1295.9391899641996
Chad,2025-11,1282.455579271752
Chagos Islands,2016-05,1483.9205029474538
Chagos Islands,2016-06,1454.185347985753
Chagos Islands,2016-08,1462.045054564661
Chagos Islands,2018-03,1448.1193669833815
Chagos Islands,2018-04,1442.3630451228844
Chagos Islands,2019-05,1437.1770670218864
Chagos Islands,2019-06,1432.9418579962548
Chagos Islands,2019-12,1421.3484426459568
Chameria,2019-06,1548.0685503887405
Chameria,2023-06,1550.7137993337665
Chameria,2023-07,1539.145002798057
Chile,2016-03,1900.5122177748367
Chile,2016-06,1973.0893866846247
Chile,2016-09,1957.161280398663
Chile,2016-10,1931.2179385291224
Chile,2016-11,1937.4155986313772
Chile,2017-01,1947.6297008124516
Chile,2017-03,1940.6398299194527
Chile,2017-06,1946.005771807862
Chile,2017-07,1944.551185688516
Chile,2017-08,1933.974894984664
Chile,2017-09,1897.625542961668
Chile,2017-10,1883.8109204868128
Chile,2018-03,1877.1479673023764
Chile,2018-05,1876.711409843277
Chile,2018-06,1872.8608297768928
Chile,2018-09,1872.6513714615476
Chile,2018-10,1864.7314488816792
Chile,2018-11,1863.145913354922
Chile,2019-03,1858.767640239889
Chile,2019-06,1881.1653382268612
Chile,2019-07,1849.307074773045
Chile,2019-09,1834.965307448698
Chile,2019-10,1830.9466542686357
Chile,2020-10,1825.082819685397
Chile,2020-11,1841.8091211782
Chile,2021-03,1827.9428323106083
Chile,2021-06,1839.0045800379423
Chile,2021-07,1806.2457537185064
Chile,2021-09,1797.549293031121
Chile,2021-10,1787.2954208833312
Chile,2021-11,1810.8006645717212
Chile,2021-12,1788.8210333469844
Chile,2022-01,1790.911848298836
Chile,2022-02,1784.3400491975492
Chile,2022-03,1787.5071052648443
Chile,2022-06,1751.9760366424262
Chile,2022-09,1744.4680100198664
Chile,2022-11,1741.4595954935792
Chile,2023-03,1740.4169076976634
Chile,2023-06,1746.5981732751047
Chile,2023-09,1737.3127224361529
Chile,2023-10,1759.5655732605076
Chile,2023-11,1735.6152121025336
Chile,2024-03,1733.2108652036793
Chile,2024-06,1734.9034423269643
Chile,2024-09,1733.9647264391258
Chile,2024-10,1710.2430312292847
Chile,2024-11,1708.1071470649813
Chile,2025-02,1725.5606228193587
Chile,2025-03,1723.4723192138115
Chile,2025-06,1722.9498329230046
Chile,2025-09,1697.8446274009807
Chile,2025-10,1702.6825838333775
Chile,2025-11,1714.4253843278768
Chile,2026-03,1727.676187372306
Chile,2026-06,1714.9430563482608
China,2016-03,1667.3587601804468
China,2016-06,1685.078369879868
China,2016-09,1672.2214269885294
China,2016-10,1657.673378029191
China,2016-11,1646.636792711684
China,2017-01,1636.9574610362358
China,2017-03,1654.290158274415
China,2017-06,1651.860127902915
China,2017-08,1650.8947098949695
China,2017-09,1663.0109485125795
China,2017-11,1668.4597134001467
China,2017-12,1662.7237689427625
China,2018-03,1651.654489806446
China,2018-05,1643.9514306171063
China,2018-06,1644.7599580431322
China,2018-09,1645.81619196176
China,2018-10,1642.794248143701
China,2018-11,1647.8043017110444
China,2018-12,1641.806805359089
China,2019-01,1655.5017655305696
China,2019-06,1643.5004700670884
China,2019-08,1644.7768419214767
China,2019-09,1646.6183521351184
China,2019-10,1654.580026098345
China,2019-11,1647.7307115551216
China,2019-12,1626.1282012556387
China,2021-05,1630.9053076166051
China,2021-06,1643.790018868947
China,2021-09,1643.566245074649
China,2021-10,1644.78328299449
China,2021-11,1637.222274761143
China,2022-01,1642.5581655776004
China,2022-02,1635.4137763415342
China,2022-03,1616.638063849383
China,2022-07,1602.9113341299471
China,2023-03,1607.9200319036547
China,2023-06,1606.637224201514
China,2023-09,1608.2105074325875
China,2023-10,1606.7065378849918
China,2023-11,1614.934445839757
China,2024-01,1585.6221126908165
China,2024-03,1570.5085789242648
China,2024-06,1573.88191572983
China,2024-09,1564.945108731598
China,2024-10,1549.8648904449992
China,2024-11,1573.2682938886012
China,2025-03,1560.3138866979416
China,2025-06,1538.6667523286476
China,2026-01,1550.0829821035002
China,2026-03,1565.8237210073032
China,2026-06,1560.3257869913737
Colombia,2016-03,1885.751899990517
Colombia,2016-06,1874.152437047456
Colombia,2016-09,1896.1796597093
Colombia,2016-10,1896.0349298293363
Colombia,2016-11,1891.881257865612
Colombia,2017-01,1879.5926156105695
Colombia,2017-03,1879.6233099604208
Colombia,2017-06,1897.4368999127653
Colombia,2017-08,1901.8863679851247
Colombia,2017-09,1895.888022863342
Colombia,2017-10,1878.4660293468896
Colombia,2017-11,1874.365418520952
Colombia,2018-03,1884.3750972203356
Colombia,2018-06,1882.879085967449
Colombia,2018-07,1898.103997621632
Colombia,2018-09,1900.0087693310104
Colombia,2018-10,1905.4888590079345
Colombia,2019-03,1916.7492179223432
Colombia,2019-06,1960.0920422072663
Colombia,2019-09,1957.435666873234
Colombia,2019-10,1953.6743953180355
Colombia,2019-11,1945.9492732846209
Colombia,2020-10,1955.1775839079155
Colombia,2020-11,1924.9783083329628
Colombia,2021-06,1889.0670743551789
Colombia,2021-07,1888.1966832281005
Colombia,2021-09,1890.3267709881509
Colombia,2021-10,1906.84131318529
Colombia,2021-11,1895.6139945273933
Colombia,2022-01,1889.4037032855515
Colombia,2022-02,1872.670912151828
Colombia,2022-03,1872.854851541842
Colombia,2022-06,1880.2675893663995
Colombia,2022-09,1884.8470375159725
Colombia,2022-11,1888.7793217380988
Colombia,2023-01,1892.0375562650468
Colombia,2023-03,1892.305374019195
Colombia,2023-06,1898.707100328225
Colombia,2023-09,1910.092637239754
Colombia,2023-10,1903.645708913984
Colombia,2023-11,1918.2765585163709
Colombia,2023-12,1925.6084863382123
Colombia,2024-03,1933.7297288458456
Colombia,2024-06,1950.7336931155328
Colombia,2024-07,2001.173812789489
Colombia,2024-09,1982.8450508696903
Colombia,2024-10,1976.193137551912
Colombia,2024-11,1969.9927612087515
Colombia,2025-03,1944.1111869988904
Colombia,2025-06,1928.9228757133203
Colombia,2025-09,1940.4419457762615
Colombia,2025-10,1960.019552739776
Colombia,2025-11,1960.2363845560203
Colombia,2026-03,1960.3274318648384
Colombia,2026-06,1983.0927186631577
Colombia,2026-07,1982.6267059525655
Comoros,2016-03,1246.543938029597
Comoros,2016-06,1243.039439939773
Comoros,2016-09,1239.0717483755393
Comoros,2016-11,1240.0877266412622
Comoros,2017-03,1257.0697750967252
Comoros,2017-06,1256.5865698649463
Comoros,2017-10,1253.0157032134834
Comoros,2017-11,1258.5117797421651
Comoros,2018-03,1260.4129809473793
Comoros,2018-05,1254.30170276591
Comoros,2018-09,1250.1517559880288
Comoros,2018-10,1257.451026429743
Comoros,2018-11,1265.677062711977
Comoros,2019-03,1278.5451317983984
Comoros,2019-05,1277.6933891157046
Comoros,2019-06,1277.2676060751492
Comoros,2019-07,1283.417586516592
Comoros,2019-09,1300.5422643743325
Comoros,2019-10,1292.6459675875683
Comoros,2019-11,1314.9048896986214
Comoros,2020-11,1328.4364469641598
Comoros,2021-03,1342.318723579912
Comoros,2021-06,1339.400070138911
Comoros,2021-09,1333.302478356665
Comoros,2021-11,1337.5197110061993
Comoros,2021-12,1345.6585528644084
Comoros,2022-01,1360.6575693223092
Comoros,2022-03,1357.7704588770282
Comoros,2022-06,1373.9188741001576
Comoros,2022-07,1354.5726734378472
Comoros,2022-09,1357.4984432145789
Comoros,2023-03,1354.3165990718949
Comoros,2023-06,1350.4990334141437
Comoros,2023-07,1362.712819746616
Comoros,2023-08,1360.5660306866962
Comoros,2023-09,1336.3678434930353
Comoros,2023-10,1341.3462777680872
Comoros,2023-11,1365.774627112077
Comoros,2024-03,1395.3815218643565
Comoros,2024-06,1386.519967226795
Comoros,2024-09,1403.2515604123346
Comoros,2024-10,1422.735733239246
Comoros,2024-11,1440.6397539311604
Comoros,2025-03,1442.0548315338422
Comoros,2025-06,1449.7992502685738
Comoros,2025-09,1438.3670286684903
Comoros,2025-10,1441.707984459706
Comoros,2025-11,1446.991559592104
Comoros,2025-12,1435.5737960088536
Comoros,2026-03,1446.3281297734788
Comoros,2026-06,1439.3996647150186
Congo,2016-03,1568.2528371363032
Congo,2016-05,1568.106655521474
Congo,2016-06,1564.2679892083354
Congo,2016-09,1553.4442820593326
Congo,2016-10,1557.672390136305
Congo,2016-11,1549.8326933992837
Congo,2017-01,1541.905754770958
Congo,2017-03,1537.7656999227845
Congo,2017-06,1532.7385415760211
Congo,2017-09,1532.3089158322248
Congo,2017-10,1515.4509311357049
Congo,2017-11,1511.2769168751104
Congo,2018-09,1512.4661992058689
Congo,2018-10,1520.0472031997945
Congo,2018-11,1508.5571802872114
Congo,2019-03,1510.6732840905197
Congo,2019-10,1500.2098320123716
Congo,2019-11,1497.834090181285
Congo,2020-10,1508.27100913113
Congo,2020-11,1508.374440504916
Congo,2021-03,1509.9614825991423
Congo,2021-06,1490.8186234710863
Congo,2021-09,1493.16991352156
Congo,2021-10,1484.9900873833203
Congo,2021-11,1466.868512807108
Congo,2022-03,1458.5108447992768
Congo,2022-06,1448.7761367250482
Congo,2022-09,1458.3156926055349
Congo,2023-03,1436.47582250774
Congo,2023-06,1443.33602169287
Congo,2023-09,1435.4317526772068
Congo,2023-11,1437.7059513993108
Congo,2024-03,1429.6976110713622
Congo,2024-06,1431.0193427632978
Congo,2024-09,1432.488003943766
Congo,2024-10,1418.0254178471514
Congo,2024-11,1411.0231740175404
Congo,2025-09,1402.4837082992772
Congo,2025-10,1385.9140035630005
Cook Islands,2022-03,1302.6706631118907
Cook Islands,2023-08,1292.3857482915255
Cook Islands,2023-11,1284.5858941700408
Cook Islands,2024-03,1263.997741624324
Cook Islands,2024-09,1274.1800686579677
Corsica,2016-05,1524.1170828190518
Corsica,2017-05,1524.6617510638216
Costa Rica,2016-03,1787.7392480970775
Costa Rica,2016-05,1797.2833130621773
Costa Rica,2016-06,1766.020308886199
Costa Rica,2016-09,1796.7691982779952
Costa Rica,2016-10,1807.6394510758453
Costa Rica,2016-11,1824.059076099437
Costa Rica,2017-01,1842.3605430281104
Costa Rica,2017-03,1821.0523034213104
Costa Rica,2017-06,1811.7714669886004
Costa Rica,2017-07,1835.4177276186629
Costa Rica,2017-09,1837.5078243080927
Costa Rica,2017-10,1828.8136273897776
Costa Rica,2017-11,1811.907416175951
Costa Rica,2018-03,1809.7364516430384
Costa Rica,2018-06,1762.8572031733231
Costa Rica,2018-09,1763.2188258202707
Costa Rica,2018-10,1749.799007612782
Costa Rica,2018-11,1752.2946274162323
Costa Rica,2019-02,1757.8814412826423
Costa Rica,2019-03,1748.2722514608224
Costa Rica,2019-06,1737.8574112312713
Costa Rica,2019-09,1743.0260247328667
Costa Rica,2019-10,1739.1982716734055
Costa Rica,2019-11,1737.388896195044
Costa Rica,2020-02,1733.6755196796084
Costa Rica,2020-10,1725.2478084249085
Costa Rica,2020-11,1719.5868883112691
Costa Rica,2021-03,1715.532117837145
Costa Rica,2021-06,1716.0909987379573
Costa Rica,2021-07,1741.7907731743685
Costa Rica,2021-08,1719.7655115277955
Costa Rica,2021-09,1710.567152857876
Costa Rica,2021-10,1713.318589607399
Costa Rica,2021-11,1700.750430941427
Costa Rica,2022-01,1716.7255810360616
Costa Rica,2022-02,1723.8386241980415
Costa Rica,2022-03,1758.405209168147
Costa Rica,2022-06,1770.177366586296
Costa Rica,2022-09,1782.153533421387
Costa Rica,2022-11,1768.4650067680443
Costa Rica,2022-12,1794.2525266679595
Costa Rica,2023-03,1778.4078329379615
Costa Rica,2023-06,1736.347318228274
Costa Rica,2023-07,1740.9280147899376
Costa Rica,2023-09,1730.5576597299844
Costa Rica,2023-11,1705.8756261057058
Costa Rica,2024-02,1698.1637600033548
Costa Rica,2024-03,1712.2946555841795
Costa Rica,2024-05,1710.9817160370565
Costa Rica,2024-06,1733.6659285211374
Costa Rica,2024-07,1720.4105575068545
Costa Rica,2024-09,1740.9018807983423
Costa Rica,2024-10,1735.7508818417064
Costa Rica,2024-11,1734.0760193086917
Costa Rica,2025-01,1736.3251032992746
Costa Rica,2025-03,1736.9031229974369
Costa Rica,2025-06,1762.0658768601545
Costa Rica,2025-09,1760.320672469385
Costa Rica,2025-10,1752.846883559379
Costa Rica,2025-11,1741.2991920084426
Costa Rica,2026-03,1736.2737062622994
Costa Rica,2026-06,1728.828870896684
Croatia,2016-03,1798.504092293069
Croatia,2016-05,1797.5389640331605
Croatia,2016-06,1834.133826951682
Croatia,2016-09,1817.82825972539
Croatia,2016-10,1821.1875897121563
Croatia,2016-11,1835.0813464615608
Croatia,2017-01,1839.718881512948
Croatia,2017-03,1844.5035259716803
Croatia,2017-05,1832.3753844485525
Croatia,2017-06,1837.2095123791896
Croatia,2017-09,1824.281606386372
Croatia,2017-10,1802.7556854396005
Croatia,2017-11,1829.6551433215975
Croatia,2018-03,1820.354788863479
Croatia,2018-06,1890.9801229699915
Croatia,2018-07,1912.4297742333683
Croatia,2018-09,1892.4067945619345
Croatia,2018-10,1872.7013335375564
Croatia,2018-11,1889.6562787494
Croatia,2019-03,1879.4400021700835
Croatia,2019-06,1867.6683171062896
Croatia,2019-09,1876.451840440683
Croatia,2019-10,1872.910976119183
Croatia,2019-11,1876.4272181824265
Croatia,2020-09,1861.4867174461483
Croatia,2020-10,1866.3175239384348
Croatia,2020-11,1840.881169903867
Croatia,2021-03,1813.716809589644
Croatia,2021-06,1818.6323313365492
Croatia,2021-09,1812.390674169092
Croatia,2021-10,1823.1576111407703
Croatia,2021-11,1818.2458718481944
Croatia,2022-03,1823.5099572839608
Croatia,2022-06,1814.9886746014035
Croatia,2022-09,1851.9166732286296
Croatia,2022-11,1867.415130585111
Croatia,2022-12,1887.3979390401391
Croatia,2023-03,1899.903796051501
Croatia,2023-06,1940.362063960552
Croatia,2023-09,1942.6405847727967
Croatia,2023-10,1925.8855464380952
Croatia,2023-11,1911.809044991856
Croatia,2024-03,1909.1289758297285
Croatia,2024-06,1887.4002428781257
Croatia,2024-09,1879.9786851075048
Croatia,2024-10,1891.74203028339
Croatia,2024-11,1868.7626787789404
Croatia,2025-03,1896.9677944935215
Croatia,2025-06,1886.443910535592
Croatia,2025-09,1897.4406235012927
Croatia,2025-10,1897.141989102436
Croatia,2025-11,1898.5311596961035
Croatia,2026-03,1906.0474470859267
Croatia,2026-06,1887.405240588816
Croatia,2026-07,1896.1286689014228
Cuba,2016-01,1470.046504369357
Cuba,2016-03,1473.5924682132995
Cuba,2016-10,1459.3109337390313
Cuba,2018-03,1450.2307363593477
Cuba,2018-08,1444.3159536708977
Cuba,2018-09,1450.190180539254
Cuba,2018-10,1459.8535017610022
Cuba,2018-11,1469.223240802292
Cuba,2019-02,1475.3911010566244
Cuba,2019-03,1482.2550857297483
Cuba,2019-06,1450.7044185183545
Cuba,2019-09,1428.3298220685851
Cuba,2019-10,1424.8605166872785
Cuba,2019-11,1425.9735297018
Cuba,2021-03,1417.8389384752695
Cuba,2021-06,1414.9094188743595
Cuba,2021-07,1424.756993696209
Cuba,2021-11,1415.2227551428632
Cuba,2022-03,1408.0430880357758
Cuba,2022-06,1430.6563110938926
Cuba,2022-11,1446.431367639497
Cuba,2023-03,1453.2557014980337
Cuba,2023-06,1457.9716731634871
Cuba,2023-07,1426.5370528318897
Cuba,2023-09,1425.0547070364992
Cuba,2023-10,1435.8940232399882
Cuba,2023-11,1428.7822124415704
Cuba,2024-03,1426.8825980808297
Cuba,2024-06,1423.7635626989313
Cuba,2024-09,1436.0828305766338
Cuba,2024-10,1436.749809535861
Cuba,2024-11,1422.4339198444843
Cuba,2025-03,1426.3670420964786
Cuba,2025-06,1428.279216686739
Cuba,2025-10,1400.4286656280417
Cuba,2025-11,1405.8589281295797
Cuba,2026-03,1423.659002188186
Curaçao,2016-03,1343.2045056382717
Curaçao,2016-06,1372.4862567986822
Curaçao,2016-10,1397.4625190575923
Curaçao,2017-03,1412.1451411023802
Curaçao,2017-06,1422.9123048281454
Curaçao,2017-07,1403.726733897361
Curaçao,2017-10,1401.057640353956
Curaçao,2018-03,1408.8240023235985
Curaçao,2018-09,1414.052583539614
Curaçao,2018-10,1426.5555587373865
Curaçao,2018-11,1432.5124495209682
Curaçao,2019-03,1450.448526794583
Curaçao,2019-06,1463.6704006095954
Curaçao,2019-09,1471.781159578751
Curaçao,2019-10,1476.4363563390004
Curaçao,2019-11,1482.3305073422453
Curaçao,2021-03,1490.9699156177885
Curaçao,2021-06,1500.9051812152943
Curaçao,2021-10,1500.1036748184288
Curaçao,2022-06,1500.6846460670831
Curaçao,2022-09,1493.437480916346
Curaçao,2023-03,1483.6161303515305
Curaçao,2023-06,1485.9029557487124
Curaçao,2023-09,1479.2676013228793
Curaçao,2023-10,1470.0092635179312
Curaçao,2023-11,1482.780902062212
Curaçao,2024-06,1489.6331170653502
Curaçao,2024-09,1489.2940647861917
Curaçao,2024-10,1492.7033387807385
Curaçao,2024-11,1502.772742754451
Curaçao,2025-03,1512.9280605264428
Curaçao,2025-06,1556.3473428443874
Curaçao,2025-09,1547.145614147673
Curaçao,2025-10,1573.273103337462
Curaçao,2025-11,1587.6735998670304
Curaçao,2026-03,1578.5685977569851
Curaçao,2026-05,1574.729821530647
Curaçao,2026-06,1578.1302934051091
Cyprus,2016-03,1412.1633160186366
Cyprus,2016-05,1411.48410830314
Cyprus,2016-09,1410.3592162052469
Cyprus,2016-10,1400.3044093386957
Cyprus,2016-11,1396.378597614884
Cyprus,2017-03,1416.786796820306
Cyprus,2017-06,1415.1546694043925
Cyprus,2017-08,1426.6857763540872
Cyprus,2017-09,1445.365162482679
Cyprus,2017-10,1429.7115584232629
Cyprus,2017-11,1424.5553799714337
Cyprus,2018-03,1421.6998718643467
Cyprus,2018-05,1422.6436788514116
Cyprus,2018-09,1412.2484637263772
Cyprus,2018-10,1425.5174403905542
Cyprus,2018-11,1437.5961167656524
Cyprus,2019-03,1426.215536885335
Cyprus,2019-06,1421.0605137941138
Cyprus,2019-09,1415.5439281461363
Cyprus,2019-10,1431.1206123071606
Cyprus,2019-11,1417.3086887134878
Cyprus,2020-09,1397.784744424338
Cyprus,2020-10,1355.4225179647572
Cyprus,2020-11,1365.3232626670151
Cyprus,2021-03,1359.5164985699255
Cyprus,2021-06,1376.8611810232944
Cyprus,2021-09,1344.0460391218155
Cyprus,2021-10,1336.4650183068418
Cyprus,2021-11,1328.042020366847
Cyprus,2022-03,1331.472186127615
Cyprus,2022-06,1339.902816122354
Cyprus,2022-09,1372.1982354053566
Cyprus,2022-11,1355.1456489422342
Cyprus,2023-03,1358.8091374717865
Cyprus,2023-06,1355.0041388978275
Cyprus,2023-09,1347.221254225566
Cyprus,2023-10,1339.8677893550037
Cyprus,2023-11,1333.4156560743538
Cyprus,2024-03,1336.0280071289926
Cyprus,2024-06,1331.814634116618
Cyprus,2024-09,1350.4101377565455
Cyprus,2024-10,1322.3999831832884
Cyprus,2024-11,1324.896878384772
Cyprus,2025-03,1324.0515070320555
Cyprus,2025-06,1322.6049268009513
Cyprus,2025-09,1318.5796929481394
Cyprus,2025-10,1332.0069942253567
Cyprus,2025-11,1334.560797944349
Cyprus,2026-03,1324.8985614660658
Cyprus,2026-06,1331.0733142150389
Czech Republic,2016-03,1731.2225851872015
Czech Republic,2016-05,1732.1980931333676
Czech Republic,2016-06,1730.852393295313
Czech Republic,2016-08,1704.9727204865396
Czech Republic,2016-09,1707.3043375499228
Czech Republic,2016-10,1696.421761624093
Czech Republic,2016-11,1694.3326367095417
Czech Republic,2017-03,1695.710802456632
Czech Republic,2017-06,1695.2496455266298
Czech Republic,2017-09,1689.8803234235272
Czech Republic,2017-10,1676.3268254887585
Czech Republic,2017-11,1681.6385631108296
Czech Republic,2018-03,1681.6410402648992
Czech Republic,2018-06,1683.911127429919
Czech Republic,2018-09,1672.9399532671168
Czech Republic,2018-10,1685.771555798907
Czech Republic,2018-11,1682.109739186354
Czech Republic,2019-03,1686.8042110730205
Czech Republic,2019-06,1691.720392034645
Czech Republic,2019-09,1686.771837590814
Czech Republic,2019-10,1717.3374308468065
Czech Republic,2019-11,1716.322032851231
Czech Republic,2020-09,1727.0205938548747
Czech Republic,2020-10,1719.4705047551006
Czech Republic,2020-11,1711.6086337030854
Czech Republic,2021-03,1739.358539796594
Czech Republic,2021-06,1750.7167761795492
Czech Republic,2021-07,1789.4923672597813
Czech Republic,2021-09,1774.6117262987473
Czech Republic,2021-10,1770.8814779093022
Czech Republic,2021-11,1778.345147436314
Czech Republic,2022-03,1772.3020440893558
Czech Republic,2022-06,1785.983272437229
Czech Republic,2022-09,1761.2510718836534
Czech Republic,2022-11,1754.8157361945064
Czech Republic,2023-03,1765.7155029822743
Czech Republic,2023-06,1759.9094181382443
Czech Republic,2023-09,1756.7926493186865
Czech Republic,2023-10,1732.2346760595162
Czech Republic,2023-11,1735.08577006625
Czech Republic,2024-03,1741.8050608570993
Czech Republic,2024-06,1731.9914747608934
Czech Republic,2024-09,1690.116322490324
Czech Republic,2024-10,1715.4117737834315
Czech Republic,2024-11,1714.9927633412676
Czech Republic,2025-03,1725.5460429648422
Czech Republic,2025-06,1733.797766686343
Czech Republic,2025-09,1735.0832452758768
Czech Republic,2025-10,1737.172454233013
Czech Republic,2025-11,1716.123924643012
Czech Republic,2026-03,1713.4129947268862
Czech Republic,2026-05,1715.8374137348228
Czech Republic,2026-06,1706.8300001399853
DR Congo,2016-01,1597.6044605034092
DR Congo,2016-03,1599.0060547717164
DR Congo,2016-05,1613.2472706678066
DR Congo,2016-06,1626.7450755584218
DR Congo,2016-09,1613.7811415498431
DR Congo,2016-10,1613.6216138955865
DR Congo,2016-11,1630.6530279768806
DR Congo,2017-01,1676.938884308949
DR Congo,2017-03,1662.3969329090426
DR Congo,2017-06,1659.9490209559206
DR Congo,2017-09,1657.4862395408031
DR Congo,2017-10,1655.7951781499166
DR Congo,2017-11,1664.940565590857
DR Congo,2018-03,1676.089929658366
DR Congo,2018-05,1667.1616948471506
DR Congo,2018-09,1668.5139553376544
DR Congo,2018-10,1648.7126655052691
DR Congo,2018-11,1648.2060154619294
DR Congo,2019-03,1646.089911658621
DR Congo,2019-06,1602.929799228625
DR Congo,2019-07,1630.9229804349936
DR Congo,2019-09,1624.4810874274726
DR Congo,2019-10,1620.1437164771935
DR Congo,2019-11,1613.0667975989163
DR Congo,2020-10,1602.8393577890326
DR Congo,2020-11,1599.644251829031
DR Congo,2021-03,1590.1454899257913
DR Congo,2021-06,1592.4911322899832
DR Congo,2021-09,1586.2198297034136
DR Congo,2021-10,1595.545769631371
DR Congo,2021-11,1598.0371554161443
DR Congo,2022-02,1610.1575743654134
DR Congo,2022-03,1610.7183166768284
DR Congo,2022-06,1588.935793354067
DR Congo,2022-09,1572.3975308179272
DR Congo,2023-03,1586.5282435914391
DR Congo,2023-06,1587.403062857105
DR Congo,2023-09,1609.4606244563802
DR Congo,2023-10,1607.5731439157414
DR Congo,2023-11,1614.4658983581428
DR Congo,2024-01,1595.069537284318
DR Congo,2024-02,1614.0585944337338
DR Congo,2024-06,1624.7060974582766
DR Congo,2024-09,1636.6581925362843
DR Congo,2024-10,1647.8276773260743
DR Congo,2024-11,1646.264310813566
DR Congo,2025-03,1631.11087834197
DR Congo,2025-06,1647.3347759833384
DR Congo,2025-09,1656.852685453892
DR Congo,2025-10,1656.522090975489
DR Congo,2025-11,1673.547682799406
DR Congo,2025-12,1693.4715781852174
DR Congo,2026-01,1703.177295515566
DR Congo,2026-03,1692.570098178979
DR Congo,2026-06,1706.7860435115333
DR Congo,2026-07,1740.0280098313576
Denmark,2016-03,1717.620134953635
Denmark,2016-06,1713.4599535356997
Denmark,2016-08,1723.7309665025073
Denmark,2016-09,1724.2661781052927
Denmark,2016-10,1719.0733446762506
Denmark,2016-11,1704.2177297096837
Denmark,2017-03,1704.8469939712754
Denmark,2017-06,1708.2222410403165
Denmark,2017-09,1738.3457782506623
Denmark,2017-10,1757.251670050312
Denmark,2017-11,1749.2332320527948
Denmark,2018-01,1775.2876548081092
Denmark,2018-03,1774.0774272231483
Denmark,2018-06,1804.1075944590264
Denmark,2018-07,1812.849969727169
Denmark,2018-09,1809.5578046769535
Denmark,2018-10,1819.4566278742675
Denmark,2018-11,1834.967787564203
Denmark,2019-03,1824.607835100668
Denmark,2019-06,1822.274835173927
Denmark,2019-09,1829.6985224397897
Denmark,2019-10,1832.8517350906848
Denmark,2019-11,1834.5862387593463
Denmark,2020-09,1817.700085655432
Denmark,2020-10,1837.6202825100715
Denmark,2020-11,1865.810976428523
Denmark,2021-03,1866.0454394026624
Denmark,2021-06,1861.8348517901263
Denmark,2021-07,1899.8154717571176
Denmark,2021-09,1894.5721107186448
Denmark,2021-10,1901.9138633622536
Denmark,2021-11,1906.540281031261
Denmark,2022-03,1875.6148479001763
Denmark,2022-06,1891.0899704934448
Denmark,2022-09,1886.0599406955605
Denmark,2022-11,1885.8165206223575
Denmark,2023-03,1866.185639366253
Denmark,2023-06,1848.143439571534
Denmark,2023-09,1843.4690900195403
Denmark,2023-10,1853.297479146072
Denmark,2023-11,1857.4924475413632
Denmark,2024-03,1828.0727936376595
Denmark,2024-06,1829.7931367699716
Denmark,2024-09,1836.8734991571544
Denmark,2024-10,1846.688125528896
Denmark,2024-11,1841.125693140208
Denmark,2025-03,1858.1832647992892
Denmark,2025-06,1845.1441733380736
Denmark,2025-09,1839.407757743104
Denmark,2025-10,1865.9183114902316
Denmark,2025-11,1864.7408055379312
Denmark,2026-03,1849.5862729410624
Denmark,2026-06,1845.5956155202723
Djibouti,2016-03,1083.1769529988348
Djibouti,2016-06,1079.6210453344509
Djibouti,2016-09,1077.8981393282097
Djibouti,2017-03,1096.7742217171212
Djibouti,2019-09,1108.383720134877
Djibouti,2019-10,1121.9518928505008
Djibouti,2021-06,1132.7901225905105
Djibouti,2021-09,1129.7838122076264
Djibouti,2021-10,1120.3950652675835
Djibouti,2021-11,1117.864450564216
Djibouti,2022-03,1103.929734018236
Djibouti,2023-06,1117.7129375118516
Djibouti,2023-11,1129.4670943944643
Djibouti,2024-01,1126.5803655402344
Djibouti,2024-03,1125.223895679036
Djibouti,2024-06,1129.553564727095
Djibouti,2025-03,1135.2305370158465
Djibouti,2025-09,1123.632633053127
Djibouti,2025-10,1118.0698321990485
Djibouti,2025-11,1115.1683903164942
Dominica,2016-03,1260.7707951416546
Dominica,2016-06,1253.9601387098423
Dominica,2017-05,1251.5198936045558
Dominica,2017-06,1254.5445406589618
Dominica,2017-07,1266.611921433714
Dominica,2018-09,1268.54730658137
Dominica,2018-10,1272.1466411150516
Dominica,2018-11,1269.3727355091307
Dominica,2019-03,1285.6647100446123
Dominica,2019-09,1293.8378933456097
Dominica,2019-10,1279.9291413926055
Dominica,2019-11,1258.573078778739
Dominica,2021-03,1262.3187798118245
Dominica,2021-06,1270.1963454645197
Dominica,2022-05,1277.3595443433005
Dominica,2022-06,1275.177939722617
Dominica,2023-03,1266.8781095238255
Dominica,2023-09,1259.360117887596
Dominica,2023-10,1274.41715198293
Dominica,2023-11,1276.0897238217965
Dominica,2024-06,1280.41185920007
Dominica,2024-09,1288.0541845372384
Dominica,2024-10,1272.5679206037662
Dominica,2024-11,1262.8187296651008
Dominica,2025-05,1262.5674964131113
Dominica,2025-06,1269.7446488152098
Dominica,2025-11,1254.3687117760026
Dominica,2026-03,1243.0789654782875
Dominican Republic,2016-03,1405.013724814653
Dominican Republic,2016-06,1416.388262177031
Dominican Republic,2016-08,1426.564357949478
Dominican Republic,2016-10,1424.707965342365
Dominican Republic,2017-11,1424.1284180071127
Dominican Republic,2018-03,1430.1548952929004
Dominican Republic,2018-09,1433.6425184568236
Dominican Republic,2018-10,1447.8549548176704
Dominican Republic,2018-11,1453.217833881337
Dominican Republic,2019-03,1447.0499736270042
Dominican Republic,2019-08,1434.9156925948291
Dominican Republic,2019-09,1420.4120966481407
Dominican Republic,2019-10,1438.7869535886855
Dominican Republic,2019-11,1424.927819112835
Dominican Republic,2021-01,1413.5580137673765
Dominican Republic,2021-03,1421.5325360155812
Dominican Republic,2021-06,1423.333200610162
Dominican Republic,2022-06,1423.0553348008411
Dominican Republic,2022-11,1411.3119860609106
Dominican Republic,2023-03,1414.7652645780113
Dominican Republic,2023-06,1421.7583836862168
Dominican Republic,2023-09,1405.9148474456042
Dominican Republic,2023-10,1427.790477790926
Dominican Republic,2023-11,1424.571939214532
Dominican Republic,2024-03,1429.6815205290063
Dominican Republic,2024-06,1425.2314361554138
Dominican Republic,2024-09,1436.5340223265043
Dominican Republic,2024-10,1453.6798818350417
Dominican Republic,2024-11,1468.7667818208372
Dominican Republic,2025-03,1479.1533730507076
Dominican Republic,2025-06,1473.9014439348605
Dominican Republic,2025-09,1475.8332926154503
Dominican Republic,2025-10,1473.7912103847711
Dominican Republic,2025-11,1479.5527700311882
Dominican Republic,2026-03,1477.5349140084652
Dominican Republic,2026-06,1474.899733269751
Donetsk PR,2016-05,1497.919391406578
Donetsk PR,2016-08,1498.8898433219763
Donetsk PR,2017-08,1498.1166459522622
Délvidék,2016-08,1509.0786201981753
East Turkestan,2019-10,1500.0
East Turkestan,2019-12,1508.5
East Turkestan,2025-07,1484.4287972223328
Ecuador,2016-03,1804.100217001786
Ecuador,2016-06,1810.2995599050555
Ecuador,2016-09,1780.0789544746056
Ecuador,2016-10,1798.132201961849
Ecuador,2016-11,1784.0519029532356
Ecuador,2017-02,1794.3751271070946
Ecuador,2017-03,1783.1053642312577
Ecuador,2017-06,1765.3844166294991
Ecuador,2017-07,1768.4894337958765
Ecuador,2017-08,1770.818804058637
Ecuador,2017-09,1765.7717963948537
Ecuador,2017-10,1746.842242571026
Ecuador,2018-09,1740.055286156945
Ecuador,2018-10,1738.5595361427152
Ecuador,2018-11,1746.0333623083177
Ecuador,2019-03,1746.9053766879176
Ecuador,2019-06,1713.1227454064192
Ecuador,2019-09,1722.7920801617422
Ecuador,2019-10,1725.589985838539
Ecuador,2019-11,1724.04543739057
Ecuador,2020-10,1718.0758335603514
Ecuador,2020-11,1750.4961124439665
Ecuador,2021-03,1781.8181117923546
Ecuador,2021-06,1755.1104876265092
Ecuador,2021-07,1769.1141692666406
Ecuador,2021-09,1767.9587622531303
Ecuador,2021-10,1762.8852950655205
Ecuador,2021-11,1775.6465767201355
Ecuador,2021-12,1798.6962723583003
Ecuador,2022-01,1796.6831362021203
Ecuador,2022-02,1803.5874215370409
Ecuador,2022-03,1786.4763718136437
Ecuador,2022-06,1796.6426495903534
Ecuador,2022-09,1797.3681298729923
Ecuador,2022-11,1837.7052394015184
Ecuador,2023-03,1810.6503864574945
Ecuador,2023-06,1817.0965644237729
Ecuador,2023-09,1818.7860277817435
Ecuador,2023-10,1837.4691467825587
Ecuador,2023-11,1835.7174103376728
Ecuador,2024-03,1844.8240800726155
Ecuador,2024-06,1836.096998220982
Ecuador,2024-07,1836.690096172764
Ecuador,2024-09,1842.554694043311
Ecuador,2024-10,1842.851895108308
Ecuador,2024-11,1854.7929925176568
Ecuador,2025-03,1878.3780047365613
Ecuador,2025-06,1877.295220409528
Ecuador,2025-09,1873.993289495945
Ecuador,2025-10,1890.788301423679
Ecuador,2025-11,1891.3381640382456
Ecuador,2026-03,1895.08531499148
Ecuador,2026-05,1896.4057974562888
Ecuador,2026-06,1883.9985316159036
Egypt,2016-01,1735.799829860886
Egypt,2016-02,1738.530446335743
Egypt,2016-03,1741.6534417720095
Egypt,2016-06,1748.9106141264926
Egypt,2016-08,1754.8655607070737
Egypt,2016-09,1752.778776870819
Egypt,2016-10,1748.332487438142
Egypt,2016-11,1756.1721841751637
Egypt,2017-01,1790.2922552533812
Egypt,2017-02,1793.9337128521315
Egypt,2017-03,1773.500759544109
Egypt,2017-05,1775.0294579982117
Egypt,2017-06,1777.7177325553637
Egypt,2017-08,1765.974737859837
Egypt,2017-09,1750.5894340948098
Egypt,2017-10,1756.356117255041
Egypt,2017-11,1759.8762854884371
Egypt,2018-03,1758.3487541040874
Egypt,2018-05,1753.2944558265096
Egypt,2018-06,1709.4757483503518
Egypt,2018-09,1685.3888381068368
Egypt,2018-10,1693.6784343977329
Egypt,2018-11,1698.713077053458
Egypt,2019-03,1701.16372492583
Egypt,2019-06,1725.1991923477235
Egypt,2019-07,1738.6717884265654
Egypt,2019-10,1712.999151719925
Egypt,2019-11,1708.1506168745927
Egypt,2020-11,1703.5383024515193
Egypt,2021-03,1706.7824715807824
Egypt,2021-09,1709.2832354177976
Egypt,2021-10,1715.179466317751
Egypt,2021-11,1721.9839836844365
Egypt,2021-12,1736.2157009517755
Egypt,2022-01,1732.20137137041
Egypt,2022-02,1754.236595832794
Egypt,2022-03,1768.3212667630862
Egypt,2022-06,1736.047701586996
Egypt,2022-09,1733.477438287477
Egypt,2022-11,1734.8580131597903
Egypt,2023-03,1744.5273867597969
Egypt,2023-06,1756.1804792060943
Egypt,2023-09,1758.8916316368443
Egypt,2023-10,1753.977499548292
Egypt,2023-11,1755.0740026831145
Egypt,2024-01,1737.7196371420926
Egypt,2024-03,1736.7402014782954
Egypt,2024-06,1734.481520895985
Egypt,2024-09,1737.1542581024864
Egypt,2024-10,1747.3978472675376
Egypt,2024-11,1748.4316877280476
Egypt,2025-03,1745.0348604887583
Egypt,2025-09,1750.9651686596892
Egypt,2025-10,1749.7512745657918
Egypt,2025-11,1740.5063752612914
Egypt,2025-12,1737.3782892892025
Egypt,2026-01,1747.3678991776485
Egypt,2026-03,1757.7355604341403
Egypt,2026-05,1761.0745238318
Egypt,2026-06,1795.5524972353342
Egypt,2026-07,1798.6925701197804
El Salvador,2016-03,1588.935626816644
El Salvador,2016-05,1575.1018371105845
El Salvador,2016-06,1571.2149065941182
El Salvador,2016-09,1554.8995976216456
El Salvador,2017-01,1542.8344089960704
El Salvador,2017-03,1547.0248393291752
El Salvador,2017-05,1546.2309953377028
El Salvador,2017-06,1547.3193987327186
El Salvador,2017-07,1554.8170649556505
El Salvador,2017-10,1548.3899424579188
El Salvador,2018-06,1553.128367279768
El Salvador,2018-09,1560.890091285435
El Salvador,2018-10,1559.9335366546793
El Salvador,2018-11,1556.4770514374868
El Salvador,2019-03,1578.349333509973
El Salvador,2019-06,1599.125538664146
El Salvador,2019-09,1576.7661774670285
El Salvador,2019-10,1571.366671183673
El Salvador,2019-11,1579.5013360730145
El Salvador,2020-01,1584.7883390609552
El Salvador,2020-12,1581.6386308230026
El Salvador,2021-03,1585.061156860455
El Salvador,2021-06,1615.716291164283
El Salvador,2021-07,1646.8324662885104
El Salvador,2021-08,1636.3803408163546
El Salvador,2021-09,1630.4148843101589
El Salvador,2021-10,1627.4617252903854
El Salvador,2021-11,1614.0220594558573
El Salvador,2021-12,1608.3362361046363
El Salvador,2022-01,1603.3288192737923
El Salvador,2022-02,1623.777668250582
El Salvador,2022-03,1605.9928057296752
El Salvador,2022-04,1601.6903439534967
El Salvador,2022-06,1592.4615513175572
El Salvador,2022-09,1596.798275383576
El Salvador,2022-11,1593.8025011782458
El Salvador,2023-03,1584.2065600167869
El Salvador,2023-06,1565.8455728865652
El Salvador,2023-07,1572.667667646227
El Salvador,2023-09,1570.082697459139
El Salvador,2023-10,1552.7344715837542
El Salvador,2023-11,1550.9010079915538
El Salvador,2024-02,1550.8650874101745
El Salvador,2024-03,1545.3235062413385
El Salvador,2024-06,1546.21512057161
El Salvador,2024-07,1544.435566901211
El Salvador,2024-09,1554.4354206704895
El Salvador,2024-10,1563.3128976066507
El Salvador,2024-11,1553.935963106878
El Salvador,2025-06,1537.4717887028935
El Salvador,2025-09,1546.8064502502634
El Salvador,2025-10,1525.8682468558422
El Salvador,2025-11,1498.4963786641235
El Salvador,2026-03,1494.984111121877
El Salvador,2026-06,1502.2174679016002
Elba Island,2022-04,1500.0
Elba Island,2022-07,1504.3472786182826
Ellan Vannin,2017-06,1514.383541322259
Ellan Vannin,2018-01,1514.6813002051983
Ellan Vannin,2018-04,1515.2565988858753
Ellan Vannin,2018-05,1519.4853149228095
Ellan Vannin,2018-06,1543.2868681276889
England,2016-03,1903.607577395834
England,2016-05,1900.9204356254277
England,2016-06,1894.69373503639
England,2016-09,1866.6145174768649
England,2016-10,1875.0478934661528
England,2016-11,1875.8152406232052
England,2017-03,1874.0984980582784
England,2017-06,1871.1065652823108
England,2017-09,1869.8105278634
England,2017-10,1877.9132453188347
England,2017-11,1881.472142009316
England,2018-03,1887.2702670922615
England,2018-06,1920.8086428127287
England,2018-07,1903.8652056328408
England,2018-09,1865.6517437520372
England,2018-10,1871.464000039388
England,2018-11,1896.8143781803944
England,2019-03,1915.3095819315656
England,2019-06,1901.992320141663
England,2019-09,1904.1841837649704
England,2019-10,1891.6648413813991
England,2019-11,1904.344416783162
England,2020-09,1918.2757035026395
England,2020-10,1935.107200240074
England,2020-11,1904.9772377555196
England,2021-03,1916.7955671243787
England,2021-06,1927.8198972054004
England,2021-07,1975.671849431954
England,2021-09,1985.5942640214053
England,2021-10,1980.7279678519744
England,2021-11,1974.0501339178725
England,2022-03,1976.6719625192025
England,2022-06,1956.297134247347
England,2022-09,1901.1317346964315
England,2022-11,1927.6098224505367
England,2022-12,1968.2378790673736
England,2023-03,1962.695706462288
England,2023-06,1969.6677171916856
England,2023-09,1966.5574499625247
England,2023-10,1971.9670272522917
England,2023-11,1984.450042310971
England,2024-03,1971.4415737927857
England,2024-06,1954.532562745865
England,2024-07,1973.5863472293224
England,2024-09,1968.329917354657
England,2024-10,1948.1651739000615
England,2024-11,1971.562251956939
England,2025-03,1978.736958146148
England,2025-06,1979.5412255127171
England,2025-09,1970.3709497086136
England,2025-10,1989.546706898944
England,2025-11,1996.7722635906723
England,2026-03,2000.2795381855324
England,2026-06,2004.0495530285475
England,2026-07,2022.1692525112376
Equatorial Guinea,2016-03,1442.6756517966453
Equatorial Guinea,2016-06,1436.0526551932328
Equatorial Guinea,2016-09,1429.7011383719157
Equatorial Guinea,2016-10,1442.686379979939
Equatorial Guinea,2017-06,1443.7969666066492
Equatorial Guinea,2017-09,1440.060749834583
Equatorial Guinea,2017-10,1436.133724987052
Equatorial Guinea,2018-05,1438.6746765675657
Equatorial Guinea,2018-09,1436.06142136018
Equatorial Guinea,2018-10,1431.183926348833
Equatorial Guinea,2018-11,1423.546038617557
Equatorial Guinea,2019-03,1440.4726530852329
Equatorial Guinea,2019-07,1439.1459380645629
Equatorial Guinea,2019-09,1433.4315776509789
Equatorial Guinea,2019-10,1439.1382704265502
Equatorial Guinea,2019-11,1430.8763496491408
Equatorial Guinea,2020-11,1439.294365148818
Equatorial Guinea,2021-03,1457.8488993774708
Equatorial Guinea,2021-09,1448.7556568279483
Equatorial Guinea,2021-10,1478.1122904437627
Equatorial Guinea,2021-11,1499.621375488325
Equatorial Guinea,2022-01,1544.2586243648586
Equatorial Guinea,2022-03,1525.0214525528113
Equatorial Guinea,2022-06,1516.490274968599
Equatorial Guinea,2022-09,1526.5113846274303
Equatorial Guinea,2023-03,1534.4058856176875
Equatorial Guinea,2023-06,1543.2633182022903
Equatorial Guinea,2023-09,1557.53672870708
Equatorial Guinea,2023-10,1556.8500244007002
Equatorial Guinea,2023-11,1528.2870638726351
Equatorial Guinea,2024-01,1582.9051438739486
Equatorial Guinea,2024-03,1566.115631578782
Equatorial Guinea,2024-06,1554.683467789365
Equatorial Guinea,2024-09,1555.2808381240277
Equatorial Guinea,2024-10,1555.9579954185124
Equatorial Guinea,2024-11,1567.0772991331064
Equatorial Guinea,2025-03,1550.5507801337744
Equatorial Guinea,2025-06,1543.4531353026932
Equatorial Guinea,2025-09,1548.3362075733746
Equatorial Guinea,2025-10,1517.092996052128
Equatorial Guinea,2025-11,1512.1801077563157
Equatorial Guinea,2025-12,1475.4704866510976
Equatorial Guinea,2026-03,1472.506714568657
Equatorial Guinea,2026-06,1472.5493420961
Eritrea,2019-09,1281.037560233152
Estonia,2016-01,1466.3521959453024
Estonia,2016-03,1470.11182127077
Estonia,2016-05,1467.4736252848238
Estonia,2016-06,1455.908931016752
Estonia,2016-08,1454.8678761222511
Estonia,2016-09,1452.0445162350572
Estonia,2016-10,1463.7786606932796
Estonia,2016-11,1449.6298845952977
Estonia,2017-03,1454.8950277399126
Estonia,2017-06,1461.7902171656162
Estonia,2017-08,1465.974348736784
Estonia,2017-09,1473.9366675066558
Estonia,2017-10,1500.9843982638931
Estonia,2017-11,1505.87727358223
Estonia,2018-01,1508.001920256963
Estonia,2018-03,1510.806986959915
Estonia,2018-05,1505.4019996792422
Estonia,2018-06,1502.9506757919771
Estonia,2018-09,1489.427783793226
Estonia,2018-10,1469.9931553846911
Estonia,2018-11,1461.5345838267544
Estonia,2019-01,1489.8670474624969
Estonia,2019-03,1481.68504124907
Estonia,2019-06,1474.7237133955375
Estonia,2019-09,1460.1287914847487
Estonia,2019-10,1460.4393343140837
Estonia,2019-11,1456.5615090027184
Estonia,2020-09,1441.465909835454
Estonia,2020-10,1419.2844368398955
Estonia,2020-11,1411.7196571597667
Estonia,2021-03,1400.1522405839655
Estonia,2021-06,1414.9807041465892
Estonia,2021-09,1414.777224185254
Estonia,2021-10,1442.1689018418738
Estonia,2021-11,1436.8997324898737
Estonia,2022-03,1427.2655869935213
Estonia,2022-06,1416.257245562031
Estonia,2022-09,1423.8849354911374
Estonia,2022-11,1427.7146161434007
Estonia,2023-01,1434.56306980599
Estonia,2023-03,1440.1291072473728
Estonia,2023-06,1437.9061935649263
Estonia,2023-09,1426.0024647354276
Estonia,2023-10,1403.7591883405798
Estonia,2023-11,1398.9969725126964
Estonia,2024-01,1395.3569666341016
Estonia,2024-03,1390.3868051812954
Estonia,2024-06,1395.7674034808854
Estonia,2024-09,1389.0258835838222
Estonia,2024-10,1403.7028152886612
Estonia,2024-11,1396.5880377162116
Estonia,2025-03,1387.3727141402328
Estonia,2025-06,1388.0734778767023
Estonia,2025-09,1383.270259641024
Estonia,2025-10,1377.7297911270257
Estonia,2025-11,1370.887982575319
Estonia,2026-03,1379.4248602083007
Estonia,2026-06,1377.575228166111
Eswatini,2016-03,1346.2187621230582
Eswatini,2016-06,1374.5748337338532
Eswatini,2016-09,1387.538767742432
Eswatini,2017-06,1381.057307041102
Eswatini,2017-07,1378.7318098302103
Eswatini,2018-03,1372.1488027230832
Eswatini,2018-05,1370.9114846550578
Eswatini,2018-06,1368.2655460264511
Eswatini,2018-09,1358.8714182792546
Eswatini,2018-10,1350.5307801058843
Eswatini,2018-11,1345.4961374501593
Eswatini,2019-03,1335.033500195199
Eswatini,2019-05,1330.8695612711608
Eswatini,2019-09,1312.079287643753
Eswatini,2019-11,1294.534431439565
Eswatini,2020-11,1286.8703384399373
Eswatini,2021-03,1277.940225416614
Eswatini,2021-06,1287.259005243397
Eswatini,2021-07,1324.7473259719045
Eswatini,2022-03,1335.7322642373404
Eswatini,2022-05,1340.0845341924348
Eswatini,2022-06,1350.583362873558
Eswatini,2022-07,1377.3203770198056
Eswatini,2023-03,1373.6873573777298
Eswatini,2023-06,1368.50554834769
Eswatini,2023-07,1361.8175174642574
Eswatini,2023-09,1359.969167011514
Eswatini,2023-10,1369.7538615725348
Eswatini,2023-11,1358.652968837768
Eswatini,2024-03,1356.6702737775124
Eswatini,2024-06,1346.4264763723563
Eswatini,2024-09,1327.7633336798383
Eswatini,2024-10,1331.3668629142903
Eswatini,2024-11,1324.809136908716
Eswatini,2025-03,1330.8967086303232
Eswatini,2025-09,1324.8826658108972
Eswatini,2025-10,1323.7786330096835
Ethiopia,2016-03,1414.1441863851926
Ethiopia,2016-06,1419.9184974936047
Ethiopia,2016-09,1428.6200058015456
Ethiopia,2017-06,1433.029265918499
Ethiopia,2017-08,1427.6144847837022
Ethiopia,2017-12,1425.524440139496
Ethiopia,2018-09,1429.425914250337
Ethiopia,2018-10,1428.9930288352336
Ethiopia,2018-11,1418.282808360335
Ethiopia,2019-09,1408.294146228158
Ethiopia,2019-10,1409.4827701470176
Ethiopia,2019-11,1400.4195933799674
Ethiopia,2020-11,1407.2116688104709
Ethiopia,2021-03,1446.8989159855023
Ethiopia,2021-08,1442.6714470604131
Ethiopia,2021-09,1444.1974789223254
Ethiopia,2021-10,1443.193474775112
Ethiopia,2021-11,1446.67716108178
Ethiopia,2021-12,1449.6375451557217
Ethiopia,2022-01,1433.69060569286
Ethiopia,2022-03,1443.2230852303524
Ethiopia,2022-05,1437.3340787741984
Ethiopia,2022-06,1427.7303282727553
Ethiopia,2022-09,1453.9129660619649
Ethiopia,2023-03,1443.0280063664154
Ethiopia,2023-06,1435.3203126750225
Ethiopia,2023-08,1435.0281092718806
Ethiopia,2023-09,1440.4846734302432
Ethiopia,2023-11,1438.872556692897
Ethiopia,2024-03,1423.0904350862393
Ethiopia,2024-06,1428.343348625088
Ethiopia,2024-09,1423.387179164528
Ethiopia,2024-10,1405.6779186347544
Ethiopia,2024-11,1383.9291165258874
Ethiopia,2025-03,1396.819042766064
Ethiopia,2025-09,1402.3837025459654
Ethiopia,2025-10,1399.5936059481544
Ethiopia,2026-06,1397.8208121300754
Falkland Islands,2017-06,1338.6892199663057
Falkland Islands,2023-07,1299.900455145265
Faroe Islands,2016-03,1218.7892342364898
Faroe Islands,2016-06,1222.6806975294205
Faroe Islands,2016-09,1220.7361113042075
Faroe Islands,2016-10,1260.9275301557582
Faroe Islands,2016-11,1258.8841003389236
Faroe Islands,2017-03,1257.8140329530538
Faroe Islands,2017-06,1253.6734275430488
Faroe Islands,2017-08,1251.5884033714444
Faroe Islands,2017-09,1250.9674955984267
Faroe Islands,2017-10,1258.781501101268
Faroe Islands,2018-03,1258.3402454322645
Faroe Islands,2018-09,1277.146811089189
Faroe Islands,2018-10,1249.3544794670718
Faroe Islands,2018-11,1246.4155069125034
Faroe Islands,2019-03,1235.511388314363
Faroe Islands,2019-06,1232.9559899488106
Faroe Islands,2019-09,1227.014254579301
Faroe Islands,2019-10,1223.1029679073392
Faroe Islands,2019-11,1228.7781273601731
Faroe Islands,2020-09,1237.3761775560977
Faroe Islands,2020-10,1249.0965407002234
Faroe Islands,2020-11,1260.8991082894406
Faroe Islands,2021-03,1262.1899739365256
Faroe Islands,2021-06,1257.8121097511678
Faroe Islands,2021-09,1252.933747769909
Faroe Islands,2021-10,1258.530277222916
Faroe Islands,2021-11,1254.814065805464
Faroe Islands,2022-03,1252.9664544290713
Faroe Islands,2022-06,1255.2776966282302
Faroe Islands,2022-09,1265.7674279227954
Faroe Islands,2022-11,1290.135477009721
Faroe Islands,2023-03,1294.1151819217002
Faroe Islands,2023-06,1289.4355449514255
Faroe Islands,2023-09,1279.383714011844
Faroe Islands,2023-10,1263.870651780528
Faroe Islands,2023-11,1262.2754186365737
Faroe Islands,2024-03,1274.544870267743
Faroe Islands,2024-06,1266.8551935878413
Faroe Islands,2024-09,1269.6211951936964
Faroe Islands,2024-10,1266.1127932136526
Faroe Islands,2024-11,1288.4996440280377
Faroe Islands,2025-03,1284.1514198778018
Faroe Islands,2025-06,1280.1354490954302
Faroe Islands,2025-09,1285.3116070342703
Faroe Islands,2025-10,1326.598615278691
Faroe Islands,2025-11,1346.6947106935831
Faroe Islands,2026-03,1351.549914280985
Faroe Islands,2026-06,1346.4122609214323
Felvidék,2016-08,1485.7682970495405
Felvidék,2017-06,1481.9866034948566
Fiji,2016-05,1638.8375475511173
Fiji,2016-06,1634.356924843148
Fiji,2017-03,1614.4023768523523
Fiji,2017-05,1603.4975848222448
Fiji,2017-06,1604.6552093069834
Fiji,2017-09,1595.9569363035894
Fiji,2017-11,1594.5752650468871
Fiji,2017-12,1598.337180235107
Fiji,2018-03,1613.3489041075345
Fiji,2018-07,1607.6334203845895
Fiji,2018-09,1599.887691972953
Fiji,2019-03,1596.5480359472317
Fiji,2019-06,1596.7062993313973
Fiji,2019-07,1604.490860265521
Fiji,2022-03,1582.1119306083351
Fiji,2022-09,1583.9608131033017
Fiji,2023-03,1586.4269182680323
Fiji,2023-11,1581.1912880099485
Fiji,2023-12,1571.954947690396
Fiji,2024-03,1579.648761692431
Fiji,2024-06,1597.1119991388362
Fiji,2024-09,1594.117631076646
Fiji,2024-10,1587.9342286513215
Fiji,2024-11,1594.3763187655438
Fiji,2024-12,1589.5654478456963
Fiji,2025-03,1602.2086620685286
Fiji,2025-09,1576.2005589370324
Fiji,2025-11,1531.8208017741
Fiji,2026-06,1520.5613601099883
Finland,2016-01,1582.072882931654
Finland,2016-03,1574.505159308184
Finland,2016-06,1573.3836031342785
Finland,2016-08,1571.977367390305
Finland,2016-09,1571.3434681406204
Finland,2016-10,1559.9410733412888
Finland,2016-11,1554.0798149931393
Finland,2017-01,1548.9199003048518
Finland,2017-03,1547.0573500360017
Finland,2017-06,1545.4554003701114
Finland,2017-09,1552.0503489186624
Finland,2017-10,1570.0573310619288
Finland,2017-11,1572.89570110811
Finland,2018-01,1577.135722871201
Finland,2018-03,1580.4053965599392
Finland,2018-06,1578.603645555912
Finland,2018-09,1594.4936371079712
Finland,2018-10,1613.928265516506
Finland,2018-11,1623.4072734867425
Finland,2019-01,1611.2575059992755
Finland,2019-03,1601.6561467147744
Finland,2019-06,1633.930328527808
Finland,2019-09,1645.2794964876257
Finland,2019-10,1626.660959385824
Finland,2019-11,1637.5933032509363
Finland,2020-09,1615.1719705809446
Finland,2020-10,1644.6146462330737
Finland,2020-11,1680.1046607920523
Finland,2021-03,1670.0131392505791
Finland,2021-05,1668.5410581816486
Finland,2021-06,1675.2349351442092
Finland,2021-09,1672.7962861587112
Finland,2021-10,1657.947076279302
Finland,2021-11,1686.2729297412284
Finland,2022-03,1679.3996590339316
Finland,2022-06,1665.5420638559858
Finland,2022-09,1648.3969805472962
Finland,2022-11,1667.9250011687486
Finland,2023-01,1664.283423331083
Finland,2023-03,1652.1373881427105
Finland,2023-06,1673.5582358625456
Finland,2023-09,1679.5682396631664
Finland,2023-10,1653.9111153744898
Finland,2023-11,1644.3260918806895
Finland,2024-03,1631.895276421285
Finland,2024-06,1632.0654692161263
Finland,2024-09,1618.6183395335906
Finland,2024-10,1597.8453643898115
Finland,2024-11,1580.200836349804
Finland,2025-03,1570.393848699949
Finland,2025-06,1558.9793188701517
Finland,2025-09,1572.4298008835146
Finland,2025-10,1566.558122342204
Finland,2025-11,1541.777290830525
Finland,2026-03,1562.332037650447
Finland,2026-05,1563.7331771804586
Finland,2026-06,1562.5592671412287
France,2016-03,1898.1426576833148
France,2016-05,1900.9740361944555
France,2016-06,1905.403570924406
France,2016-07,1949.7532296658164
France,2016-09,1933.0571759250463
France,2016-10,1928.1514891073468
France,2016-11,1946.6362692954576
France,2017-03,1944.9960729827967
France,2017-06,1924.0894482856156
France,2017-08,1926.7810314795784
France,2017-09,1942.572765199104
France,2017-10,1935.3354518252268
France,2017-11,1938.399755132756
France,2018-03,1935.0484601595383
France,2018-05,1938.4031854255552
France,2018-06,1958.1955743139176
France,2018-07,2019.1401991886205
France,2018-09,2040.464644209319
France,2018-10,2043.6029123701328
France,2018-11,2026.9521493681125
France,2019-03,2029.725635486899
France,2019-06,2006.414394022368
France,2019-09,2008.2146892824665
France,2019-10,2011.7936828289323
France,2019-11,2003.7269406557011
France,2020-09,2016.06432341191
France,2020-10,2023.2493907799503
France,2020-11,2037.786927612933
France,2021-03,2035.7351107007205
France,2021-06,2040.5427332136776
France,2021-09,2015.5550261706449
France,2021-10,2034.285893960547
France,2021-11,2047.4584207044657
France,2022-03,2053.890789188746
France,2022-06,2017.351330445318
France,2022-09,1999.4547167618125
France,2022-11,2008.0704344964493
France,2022-12,2030.026481076741
France,2023-03,2049.001678750219
France,2023-06,2052.1083601263367
France,2023-09,2055.7586447175195
France,2023-10,2061.343350909413
France,2023-11,2063.1211951015694
France,2024-03,2046.0905720519088
France,2024-06,2046.640320100118
France,2024-07,2041.3344238403324
France,2024-09,1992.9761062250004
France,2024-10,2010.1584568387595
France,2024-11,2010.3560149141888
France,2025-03,2004.5811444640617
France,2025-06,2005.0378866887595
France,2025-09,2033.5071632053296
France,2025-10,2035.102012279346
France,2025-11,2030.966589953412
France,2026-03,2035.4711813681745
France,2026-06,2075.774901904387
France,2026-07,2084.46730871832
Franconia,2019-06,1482.3079872236792
French Guiana,2016-02,1486.1632271545557
French Guiana,2016-03,1473.2255540128742
French Guiana,2016-06,1477.3309927146956
French Guiana,2016-10,1493.449325163216
French Guiana,2016-11,1501.3010636852448
French Guiana,2017-06,1528.9840199684434
French Guiana,2017-07,1525.4964994798563
French Guiana,2018-06,1512.2261812129268
French Guiana,2018-09,1518.398412271816
French Guiana,2018-10,1522.3406970578374
French Guiana,2018-11,1509.3783783743932
French Guiana,2019-03,1514.6887777882987
French Guiana,2019-09,1513.9437864301804
French Guiana,2019-10,1508.9625439292215
French Guiana,2019-11,1484.1133201562834
French Guiana,2021-07,1503.6472115913778
French Guiana,2022-06,1522.2252784824748
French Guiana,2023-03,1521.4262034823228
French Guiana,2023-06,1520.2827329745485
French Guiana,2023-09,1517.9137398447374
French Guiana,2023-10,1507.4469564971234
French Guiana,2023-11,1500.5765848243918
French Guiana,2024-09,1501.8202443036234
French Guiana,2024-10,1496.8613978841029
French Guiana,2024-11,1479.8255507586468
Frøya,2017-06,1349.302160501772
Frøya,2023-07,1324.5026919595937
Frøya,2025-07,1310.3867184576152
Gabon,2016-03,1569.420484312966
Gabon,2016-05,1564.7273474843769
Gabon,2016-06,1555.6414114340148
Gabon,2016-09,1557.6955402911346
Gabon,2016-10,1555.7859171648693
Gabon,2016-11,1561.3421303361763
Gabon,2017-01,1547.2064738552758
Gabon,2017-03,1551.171700883712
Gabon,2017-06,1551.389404209765
Gabon,2017-09,1531.700012855462
Gabon,2017-10,1541.198565147812
Gabon,2017-11,1537.310411791796
Gabon,2018-03,1535.330343967
Gabon,2018-09,1531.323164875568
Gabon,2018-10,1533.2455596658726
Gabon,2018-11,1539.0930070793654
Gabon,2019-03,1529.3602686959746
Gabon,2019-10,1534.1746924932495
Gabon,2019-11,1544.604236301428
Gabon,2020-10,1550.712592026594
Gabon,2020-11,1549.7372180294983
Gabon,2021-03,1555.6909460305444
Gabon,2021-09,1527.8218907418864
Gabon,2021-10,1513.2535314186612
Gabon,2021-11,1534.929434130335
Gabon,2022-01,1551.7392786263556
Gabon,2022-06,1569.2551723711026
Gabon,2022-11,1567.9363667955197
Gabon,2023-03,1575.327024846728
Gabon,2023-06,1562.444805019369
Gabon,2023-09,1545.723677554578
Gabon,2023-10,1534.786083658625
Gabon,2023-11,1542.9762386801976
Gabon,2024-03,1548.9771680374722
Gabon,2024-06,1542.8994561020163
Gabon,2024-09,1545.8022906366014
Gabon,2024-10,1547.5204781089235
Gabon,2024-11,1546.5256439846737
Gabon,2025-03,1555.0248649870643
Gabon,2025-06,1561.4513240874976
Gabon,2025-09,1567.788612784881
Gabon,2025-10,1580.480404322121
Gabon,2025-11,1587.5273284997209
Gabon,2025-12,1540.6356966944415
Gabon,2026-03,1528.658277816667
Galicia,2016-05,1515.2010933322083
Galicia,2024-05,1515.485556165934
Gambia,2016-03,1415.604975817693
Gambia,2016-05,1412.3679019014176
Gambia,2016-06,1413.9563165321772
Gambia,2016-09,1403.4343714090762
Gambia,2017-03,1399.944661472531
Gambia,2017-06,1403.8910887029456
Gambia,2017-07,1397.4929838241596
Gambia,2018-03,1402.125045461513
Gambia,2018-09,1401.3525695596254
Gambia,2018-10,1409.669322579859
Gambia,2018-11,1399.5161299611964
Gambia,2019-03,1417.0413447015617
Gambia,2019-06,1424.0154312634656
Gambia,2019-09,1418.1616876663948
Gambia,2019-10,1404.5884580050547
Gambia,2019-11,1418.2943370154403
Gambia,2020-10,1421.8649626073875
Gambia,2020-11,1421.6622222189565
Gambia,2021-03,1442.4975483861765
Gambia,2021-06,1446.9415473300246
Gambia,2021-10,1439.6973389664631
Gambia,2021-11,1442.2533148493983
Gambia,2022-01,1512.4965333127338
Gambia,2022-03,1509.0693800383526
Gambia,2022-05,1504.529728384649
Gambia,2022-06,1511.5964140343024
Gambia,2022-11,1501.659150673384
Gambia,2023-03,1495.5903355848322
Gambia,2023-06,1510.923790155396
Gambia,2023-09,1515.8515995767823
Gambia,2023-11,1498.393087151264
Gambia,2024-01,1468.3326970718126
Gambia,2024-06,1466.341930984026
Gambia,2024-09,1457.341272141473
Gambia,2024-10,1453.7948865511084
Gambia,2024-11,1452.6625652398868
Gambia,2025-03,1470.878652796184
Gambia,2025-06,1472.2790627984298
Gambia,2025-09,1494.6401577027448
Gambia,2025-10,1499.2789507689638
Gambia,2025-11,1504.0292172010052
Gambia,2026-03,1503.6560092177117
Gambia,2026-05,1502.6853086458366
Georgia,2016-03,1481.5307616323346
Georgia,2016-05,1479.7209645264122
Georgia,2016-06,1474.3590116070873
Georgia,2016-09,1482.0795261124483
Georgia,2016-10,1470.62493877757
Georgia,2016-11,1478.7715834937662
Georgia,2017-01,1475.1486159746592
Georgia,2017-03,1461.6054347565623
Georgia,2017-06,1472.750704840529
Georgia,2017-09,1477.3051105072357
Georgia,2017-10,1477.2916811415785
Georgia,2017-11,1476.100640168926
Georgia,2018-03,1480.3753714367003
Georgia,2018-06,1487.0678874833284
Georgia,2018-09,1498.4403855810403
Georgia,2018-10,1509.0518526645988
Georgia,2018-11,1517.6333384979484
Georgia,2019-03,1517.6423207701982
Georgia,2019-06,1519.7437448945575
Georgia,2019-09,1518.0897457670003
Georgia,2019-10,1528.3931257798215
Georgia,2019-11,1532.109798855101
Georgia,2020-09,1544.9575763210992
Georgia,2020-10,1546.0926836789442
Georgia,2020-11,1516.5441462078024
Georgia,2021-03,1505.337255107272
Georgia,2021-06,1517.8952228732592
Georgia,2021-09,1500.2027839184434
Georgia,2021-10,1482.4057656991777
Georgia,2021-11,1527.1505657781624
Georgia,2022-03,1537.6404102504173
Georgia,2022-06,1603.2053416270614
Georgia,2022-09,1612.9916856835216
Georgia,2022-11,1616.3043345664498
Georgia,2023-03,1613.594350404126
Georgia,2023-06,1619.781616134445
Georgia,2023-09,1604.442820462696
Georgia,2023-10,1604.3866190403803
Georgia,2023-11,1612.1982640261854
Georgia,2024-03,1617.3346651470424
Georgia,2024-06,1657.4462081562651
Georgia,2024-09,1675.5492609320029
Georgia,2024-10,1677.5529245016144
Georgia,2024-11,1658.7151109285833
Georgia,2025-03,1663.9380672369325
Georgia,2025-06,1672.5591225350747
Georgia,2025-09,1660.8652805379586
Georgia,2025-10,1666.797741553726
Georgia,2025-11,1652.2492363100432
Georgia,2026-03,1634.6345933592368
Georgia,2026-06,1636.109291821459
Germany,2016-03,2046.1531470161972
Germany,2016-05,2048.818436521455
Germany,2016-06,2037.4001964688764
Germany,2016-07,2037.722041108722
Germany,2016-08,2008.4138728457287
Germany,2016-09,2009.0477720954132
Germany,2016-10,2019.021083055001
Germany,2016-11,2020.9943694931424
Germany,2017-03,2022.318069849017
Germany,2017-06,2032.0536405769572
Germany,2017-07,2050.1507017344884
Germany,2017-09,2064.3106064808635
Germany,2017-10,2070.0887261552075
Germany,2017-11,2069.335039033532
Germany,2018-03,2065.684126347077
Germany,2018-06,2032.2292225976717
Germany,2018-09,1981.383187594883
Germany,2018-10,1956.99279466892
Germany,2018-11,1951.5326564762995
Germany,2019-03,1946.132047914676
Germany,2019-06,1962.459162317832
Germany,2019-09,1944.1392656445369
Germany,2019-10,1948.73956191549
Germany,2019-11,1953.7890927037013
Germany,2020-09,1956.1732667395115
Germany,2020-10,1961.276042270523
Germany,2020-11,1964.009581692796
Germany,2021-03,1950.7403661681465
Germany,2021-06,1928.2500507697605
Germany,2021-09,1912.0853856164
Germany,2021-10,1923.3712975838089
Germany,2021-11,1930.3529556567676
Germany,2022-03,1936.1836476776875
Germany,2022-06,1932.039203708762
Germany,2022-09,1931.0017020295093
Germany,2022-11,1909.2284519985903
Germany,2022-12,1915.4654414875604
Germany,2023-03,1938.665015655036
Germany,2023-06,1926.7173215978385
Germany,2023-09,1910.0788928230647
Germany,2023-10,1921.1410188009847
Germany,2023-11,1914.1527700490249
Germany,2024-03,1915.8361216831247
Germany,2024-06,1934.3268344145336
Germany,2024-07,1948.285697885294
Germany,2024-09,1944.1458286571367
Germany,2024-10,1950.813712765188
Germany,2024-11,1965.5836196111875
Germany,2025-03,1975.118448756082
Germany,2025-06,1953.355132390563
Germany,2025-09,1903.4635081377871
Germany,2025-10,1908.188779856388
Germany,2025-11,1914.9128241148808
Germany,2026-03,1926.3092333716068
Germany,2026-05,1927.1590018322197
Germany,2026-06,1927.762577241184
Ghana,2016-03,1752.795331287737
Ghana,2016-06,1747.1677090955243
Ghana,2016-09,1742.132051295687
Ghana,2016-10,1732.2124865035298
Ghana,2016-11,1732.0405777260733
Ghana,2017-01,1727.529522276032
Ghana,2017-02,1713.0492857379263
Ghana,2017-05,1692.6707526319242
Ghana,2017-06,1690.153114402685
Ghana,2017-07,1695.5678955374822
Ghana,2017-09,1686.3287316787996
Ghana,2017-10,1702.21005941154
Ghana,2017-11,1710.552083329477
Ghana,2018-05,1710.0110275430482
Ghana,2018-06,1718.4247575898964
Ghana,2018-09,1719.163724632456
Ghana,2018-11,1704.7546669748826
Ghana,2019-03,1714.976836238989
Ghana,2019-06,1706.6523416696464
Ghana,2019-07,1713.6809844821762
Ghana,2019-11,1720.8827330425902
Ghana,2020-10,1714.5291040060222
Ghana,2020-11,1725.527286520762
Ghana,2021-03,1708.565564410092
Ghana,2021-06,1707.2917675572462
Ghana,2021-09,1709.9889172270073
Ghana,2021-10,1703.073926975492
Ghana,2021-11,1702.1560381400711
Ghana,2022-01,1685.2395622954848
Ghana,2022-03,1655.5069312901114
Ghana,2022-06,1653.7320305248104
Ghana,2022-09,1654.9289740053007
Ghana,2022-11,1659.9592045887875
Ghana,2022-12,1689.7933088235657
Ghana,2023-03,1677.9562151708128
Ghana,2023-06,1674.4467526901
Ghana,2023-09,1671.6069422846222
Ghana,2023-10,1670.4957408288926
Ghana,2023-11,1671.0025632901752
Ghana,2024-01,1634.2878241256592
Ghana,2024-03,1626.337882676652
Ghana,2024-06,1640.376164485141
Ghana,2024-09,1630.8172099477626
Ghana,2024-10,1618.6898921160212
Ghana,2024-11,1599.6935226588853
Ghana,2025-03,1589.364746399638
Ghana,2025-05,1596.0376521731628
Ghana,2025-09,1601.9078087968498
Ghana,2025-10,1624.2249014797785
Ghana,2025-11,1625.8901276694858
Ghana,2026-03,1621.3014344541823
Ghana,2026-05,1620.4516659935698
Ghana,2026-06,1665.592462073439
Ghana,2026-07,1656.8690337608325
Gibraltar,2016-03,1466.8419086357
Gibraltar,2016-09,1456.0712352093126
Gibraltar,2016-10,1427.2793592511714
Gibraltar,2016-11,1422.8618807186213
Gibraltar,2017-03,1406.849226334019
Gibraltar,2017-06,1401.5719095314066
Gibraltar,2017-08,1390.0408025817117
Gibraltar,2017-09,1387.1764291994896
Gibraltar,2017-10,1362.3101485032173
Gibraltar,2018-03,1357.5762753190668
Gibraltar,2018-09,1343.4534214622154
Gibraltar,2018-10,1337.0157071172596
Gibraltar,2018-11,1320.3515346203878
Gibraltar,2019-03,1306.756061061769
Gibraltar,2019-06,1297.396124304428
Gibraltar,2019-09,1292.3108770605993
Gibraltar,2019-10,1290.1030198851524
Gibraltar,2019-11,1282.8510562759568
Gibraltar,2020-09,1280.564541124582
Gibraltar,2020-10,1276.4015448714913
Gibraltar,2020-11,1278.6401100982168
Gibraltar,2021-03,1261.779044247325
Gibraltar,2021-06,1258.6853719189537
Gibraltar,2021-09,1241.0996880587716
Gibraltar,2021-10,1229.7223723493307
Gibraltar,2021-11,1226.74166011401
Gibraltar,2022-03,1211.2481964723686
Gibraltar,2022-06,1208.923477724392
Gibraltar,2022-09,1199.0720506243676
Gibraltar,2022-11,1198.772381058283
Gibraltar,2023-03,1199.0615177069722
Gibraltar,2023-06,1198.532649986191
Gibraltar,2023-09,1193.8460057202592
Gibraltar,2023-10,1191.4586295338236
Gibraltar,2023-11,1187.9013844865551
Gibraltar,2024-03,1178.258032657339
Gibraltar,2024-06,1171.3651106284192
Gibraltar,2024-09,1177.9177043957816
Gibraltar,2024-10,1174.457119566722
Gibraltar,2024-11,1165.1491999504326
Gibraltar,2025-03,1163.4571765864373
Gibraltar,2025-06,1160.9298647342746
Gibraltar,2025-09,1153.9247263328457
Gibraltar,2025-10,1143.1938136494314
Gibraltar,2025-11,1138.61684002364
Gibraltar,2026-06,1149.463585876326
Gotland,2017-06,1486.629129154648
Gozo,2023-07,1426.657975380872
Gozo,2025-07,1423.697864195673
Greece,2016-03,1641.9392867646216
Greece,2016-06,1634.8523831134528
Greece,2016-09,1648.2441249202034
Greece,2016-10,1663.648146399294
Greece,2016-11,1668.9185320462343
Greece,2017-03,1667.8918675410257
Greece,2017-06,1675.143918851925
Greece,2017-08,1678.605931703852
Greece,2017-09,1670.6436129339804
Greece,2017-10,1669.1994435290717
Greece,2017-11,1664.3249566427517
Greece,2018-03,1664.5599143514469
Greece,2018-05,1669.614212629025
Greece,2018-09,1673.8615440030171
Greece,2018-10,1668.3510622896804
Greece,2018-11,1658.872054319444
Greece,2019-03,1639.1398699809426
Greece,2019-05,1644.085330152874
Greece,2019-06,1631.0893118830418
Greece,2019-09,1605.2267310219297
Greece,2019-10,1591.9595589101616
Greece,2019-11,1613.487037120046
Greece,2020-09,1623.7665839021497
Greece,2020-10,1637.6942213858367
Greece,2020-11,1637.901295570961
Greece,2021-03,1647.6741897048776
Greece,2021-06,1644.7137437804877
Greece,2021-09,1645.4633022715775
Greece,2021-10,1674.5431869348392
Greece,2021-11,1661.927875786101
Greece,2022-03,1659.5930551718857
Greece,2022-06,1683.3444058108796
Greece,2022-09,1669.1293948169962
Greece,2022-11,1676.3879028641247
Greece,2023-03,1676.4514237412595
Greece,2023-06,1681.1899246872003
Greece,2023-09,1674.9313847444716
Greece,2023-10,1694.4113620802727
Greece,2023-11,1694.118767325254
Greece,2024-03,1707.9166945362526
Greece,2024-06,1705.7493100080626
Greece,2024-09,1721.807221587227
Greece,2024-10,1764.099925540669
Greece,2024-11,1757.0137515856973
Greece,2025-03,1753.3919081528036
Greece,2025-06,1785.6689938717402
Greece,2025-09,1791.5749628580656
Greece,2025-10,1752.5846336663806
Greece,2025-11,1752.9156941550143
Greece,2026-03,1740.4265172102432
Greece,2026-06,1741.1399852955171
Greenland,2017-06,1507.3948172363444
Greenland,2023-07,1500.9860519786928
Greenland,2024-06,1485.128196546944
Grenada,2016-03,1343.270485267127
Grenada,2016-06,1351.095360902206
Grenada,2017-06,1348.7344698420886
Grenada,2017-07,1348.936067905409
Grenada,2017-10,1339.2790779988045
Grenada,2017-11,1337.1634191115738
Grenada,2017-12,1339.9556519620787
Grenada,2018-03,1337.8002771558931
Grenada,2018-08,1333.273219934995
Grenada,2018-09,1329.9466460607907
Grenada,2018-10,1317.4436708630185
Grenada,2018-11,1308.0739318217286
Grenada,2019-03,1312.2439350516472
Grenada,2019-09,1335.2631563412892
Grenada,2019-10,1350.0978354951528
Grenada,2019-11,1363.343174635989
Grenada,2021-03,1363.7999961287037
Grenada,2021-06,1358.960913534784
Grenada,2021-07,1329.4963731472271
Grenada,2022-03,1322.33689040129
Grenada,2022-06,1318.2181291302502
Grenada,2022-09,1317.3123845387936
Grenada,2022-10,1310.0441652172815
Grenada,2023-02,1318.2325881031932
Grenada,2023-03,1318.2558946694735
Grenada,2023-06,1316.0278984054426
Grenada,2023-09,1320.4039779424377
Grenada,2023-10,1311.7523895975787
Grenada,2024-04,1305.2872898888625
Grenada,2024-06,1305.7409806611315
Grenada,2024-09,1310.7039551351834
Grenada,2024-10,1306.5302765824222
Grenada,2024-11,1319.793015023768
Grenada,2025-03,1306.156602770484
Grenada,2025-06,1321.104342321631
Grenada,2025-10,1338.2880978275966
Grenada,2026-01,1344.2387182978152
Grenada,2026-03,1333.712662996825
Grenada,2026-05,1324.8020333300994
Guadeloupe,2016-02,1560.5874476312056
Guadeloupe,2016-03,1554.6081415245114
Guadeloupe,2016-06,1531.794138410115
Guadeloupe,2017-04,1534.2343835154015
Guadeloupe,2017-05,1529.5049770409314
Guadeloupe,2018-03,1526.4803299865257
Guadeloupe,2018-06,1522.2021216292342
Guadeloupe,2018-09,1516.029890570345
Guadeloupe,2018-10,1522.286961858188
Guadeloupe,2018-11,1516.6627935086292
Guadeloupe,2019-03,1498.7267162350145
Guadeloupe,2019-09,1499.2207528666736
Guadeloupe,2019-10,1507.071739566399
Guadeloupe,2019-11,1511.9124141945206
Guadeloupe,2021-07,1505.2780086566347
Guadeloupe,2022-03,1488.75448407956
Guadeloupe,2022-06,1483.7204259311616
Guadeloupe,2023-03,1475.7366470389063
Guadeloupe,2023-06,1491.1916679228004
Guadeloupe,2023-07,1524.8759383314314
Guadeloupe,2023-09,1520.6550931654797
Guadeloupe,2023-10,1516.2783270517516
Guadeloupe,2023-11,1528.0113869060872
Guadeloupe,2024-09,1530.2975716753888
Guadeloupe,2024-10,1526.608419581485
Guadeloupe,2024-11,1531.7377935861446
Guadeloupe,2025-03,1538.8622426514662
Guadeloupe,2025-06,1525.7710484914094
Guam,2016-03,1200.2654244979435
Guam,2016-11,1195.9128269905827
Guam,2018-09,1191.5470469020863
Guam,2019-06,1176.9947678314145
Guam,2019-08,1186.6100271930914
Guam,2019-09,1169.043736764161
Guam,2019-10,1152.76514973166
Guam,2019-11,1149.3641270478663
Guam,2021-05,1138.181630892512
Guam,2021-06,1133.4960670948278
Guam,2021-10,1114.7866721333694
Guam,2023-10,1101.6157844119584
Guam,2024-04,1098.022336545859
Guam,2024-12,1100.478319009845
Guam,2026-03,1091.3126402438772
Guam,2026-06,1107.6106296445048
Guatemala,2016-03,1588.094488939785
Guatemala,2016-05,1579.9727993622018
Guatemala,2016-09,1573.7390816705365
Guatemala,2018-08,1585.9639574633186
Guatemala,2018-09,1585.8285580760066
Guatemala,2018-11,1582.3297906334808
Guatemala,2019-03,1573.6215902095664
Guatemala,2019-06,1576.0556593083677
Guatemala,2019-08,1572.9062677343018
Guatemala,2019-09,1573.8235945232736
Guatemala,2019-10,1583.266708911069
Guatemala,2019-11,1586.550223571988
Guatemala,2020-10,1590.1776697176815
Guatemala,2020-11,1588.153441031095
Guatemala,2021-01,1592.3035543708313
Guatemala,2021-02,1593.165877835271
Guatemala,2021-03,1599.1488802008034
Guatemala,2021-06,1609.2619386033289
Guatemala,2021-07,1583.6542971873382
Guatemala,2021-09,1578.9792084896833
Guatemala,2022-03,1587.458115908516
Guatemala,2022-04,1599.5509323992028
Guatemala,2022-06,1590.0466011839487
Guatemala,2022-09,1592.7993309857488
Guatemala,2022-10,1588.4568190254888
Guatemala,2022-11,1584.8535762046274
Guatemala,2023-03,1593.28935524987
Guatemala,2023-06,1598.9680974419405
Guatemala,2023-07,1625.752967851394
Guatemala,2023-09,1620.7898594886246
Guatemala,2023-10,1613.9636763188198
Guatemala,2023-11,1607.231764389272
Guatemala,2024-01,1608.057087132662
Guatemala,2024-03,1600.558156026969
Guatemala,2024-04,1601.920114015269
Guatemala,2024-06,1608.4250793025371
Guatemala,2024-07,1607.552981677048
Guatemala,2024-09,1613.5596550025016
Guatemala,2024-10,1623.5048895153177
Guatemala,2025-03,1608.4502982540378
Guatemala,2025-06,1627.016200566393
Guatemala,2025-07,1634.3591718448463
Guatemala,2025-09,1611.1316997156246
Guatemala,2025-10,1618.0302597174432
Guatemala,2025-11,1620.2115123083138
Guatemala,2026-03,1632.18644469983
Guatemala,2026-06,1621.3831507460818
Guernsey,2016-04,1757.8241639415703
Guernsey,2016-05,1758.3894242496276
Guernsey,2017-05,1751.0770094000657
Guernsey,2017-06,1739.783727244079
Guernsey,2018-03,1744.2299792273036
Guernsey,2018-05,1745.2140534939367
Guernsey,2019-05,1738.1666517711449
Guernsey,2019-06,1752.5917099197466
Guernsey,2022-04,1741.760163526609
Guernsey,2022-05,1733.133106739274
Guernsey,2023-07,1721.6123120504797
Guinea,2016-03,1627.5161226049734
Guinea,2016-06,1634.6513555064664
Guinea,2016-08,1618.8160257798484
Guinea,2016-09,1620.902809616103
Guinea,2016-10,1626.4084517340448
Guinea,2016-11,1613.6684278669295
Guinea,2017-03,1599.461796563003
Guinea,2017-06,1602.5220508323612
Guinea,2017-08,1618.0954506651217
Guinea,2017-09,1626.1747039286013
Guinea,2017-10,1611.822526619628
Guinea,2017-11,1590.7056016326394
Guinea,2018-03,1579.5562375651302
Guinea,2018-09,1571.4034509107942
Guinea,2018-10,1582.5733342726094
Guinea,2018-11,1579.9075226590944
Guinea,2019-03,1581.7488468319248
Guinea,2019-06,1555.1019045404862
Guinea,2019-07,1571.822973718689
Guinea,2019-10,1546.1069385247238
Guinea,2019-11,1548.925565916512
Guinea,2020-10,1557.387101952187
Guinea,2020-11,1564.6281641076596
Guinea,2021-03,1573.4827821056356
Guinea,2021-05,1561.9010059987077
Guinea,2021-06,1559.4657441003485
Guinea,2021-09,1561.5360837281794
Guinea,2021-10,1549.605554863106
Guinea,2021-11,1537.139582442497
Guinea,2022-01,1528.5713284966334
Guinea,2022-03,1509.8756696781743
Guinea,2022-06,1508.4884001670746
Guinea,2022-09,1513.9264381356827
Guinea,2023-03,1524.1115770041552
Guinea,2023-06,1527.421133470289
Guinea,2023-09,1526.8718115318973
Guinea,2023-10,1529.9902748344618
Guinea,2023-11,1542.1246791812152
Guinea,2024-01,1549.641191254861
Guinea,2024-02,1568.2638393119448
Guinea,2024-03,1561.1558199850274
Guinea,2024-06,1589.4164276608892
Guinea,2024-09,1566.748538843637
Guinea,2024-10,1565.0675877509923
Guinea,2024-11,1587.4186778447372
Guinea,2025-03,1565.7275496487596
Guinea,2025-09,1557.163983685325
Guinea,2025-10,1575.902595813047
Guinea,2025-11,1574.6685498816116
Guinea,2026-03,1570.5996865253203
Guinea,2026-06,1561.483907704342
Guinea-Bissau,2016-03,1359.8996394314197
Guinea-Bissau,2016-06,1374.9464490555686
Guinea-Bissau,2016-09,1389.7491971028533
Guinea-Bissau,2017-01,1390.3397205372266
Guinea-Bissau,2017-03,1378.1550173099058
Guinea-Bissau,2017-06,1376.653986629166
Guinea-Bissau,2017-07,1387.8570618200365
Guinea-Bissau,2018-03,1383.225000182683
Guinea-Bissau,2018-09,1381.186229336541
Guinea-Bissau,2018-10,1381.555544972358
Guinea-Bissau,2018-11,1395.5022110603363
Guinea-Bissau,2019-03,1399.295494993728
Guinea-Bissau,2019-06,1386.3131939802709
Guinea-Bissau,2019-07,1393.0028101346868
Guinea-Bissau,2019-09,1397.5645692995704
Guinea-Bissau,2019-11,1414.149878025405
Guinea-Bissau,2020-11,1401.691855763512
Guinea-Bissau,2021-03,1412.248715004379
Guinea-Bissau,2021-09,1435.6875323621723
Guinea-Bissau,2021-10,1452.6712608304597
Guinea-Bissau,2021-11,1453.1795192705808
Guinea-Bissau,2022-01,1445.4335367500046
Guinea-Bissau,2022-03,1446.5537602304785
Guinea-Bissau,2022-06,1452.9656972801365
Guinea-Bissau,2022-11,1449.17155561383
Guinea-Bissau,2023-03,1467.2030191304252
Guinea-Bissau,2023-06,1461.6895714581406
Guinea-Bissau,2023-09,1465.1406064079283
Guinea-Bissau,2023-10,1473.0276447432657
Guinea-Bissau,2023-11,1475.126907161525
Guinea-Bissau,2024-01,1446.4064739002554
Guinea-Bissau,2024-06,1437.3480821368598
Guinea-Bissau,2024-09,1449.6743812647298
Guinea-Bissau,2024-10,1439.6771671803142
Guinea-Bissau,2024-11,1441.052325128422
Guinea-Bissau,2025-03,1413.1754725481126
Guinea-Bissau,2025-06,1401.6798053530913
Guinea-Bissau,2025-09,1397.9463027114482
Guinea-Bissau,2025-10,1389.887537076565
Guinea-Bissau,2026-03,1385.65745813664
Guyana,2016-02,1445.4419262266906
Guyana,2016-06,1430.780130983471
Guyana,2016-10,1442.963383988843
Guyana,2017-03,1434.384274391858
Guyana,2017-10,1435.3736936464402
Guyana,2017-11,1433.0729268710568
Guyana,2018-09,1429.521287879007
Guyana,2018-10,1438.5720147574382
Guyana,2018-11,1452.8446619389117
Guyana,2019-03,1447.534262525006
Guyana,2019-06,1434.384275897807
Guyana,2019-09,1443.4596969387378
Guyana,2019-10,1426.6292276919178
Guyana,2019-11,1442.9695480457815
Guyana,2021-03,1431.2606252911692
Guyana,2021-06,1430.237653947419
Guyana,2021-07,1406.29177787962
Guyana,2022-02,1399.1797160952522
Guyana,2022-03,1403.617171871908
Guyana,2022-06,1409.7168805257686
Guyana,2023-03,1418.0040147600878
Guyana,2023-06,1413.1416852991863
Guyana,2023-08,1403.473476270381
Guyana,2023-09,1415.2761499282512
Guyana,2023-10,1431.8847338442413
Guyana,2023-11,1442.003591476188
Guyana,2024-03,1450.2795820337085
Guyana,2024-04,1451.7654885260267
Guyana,2024-06,1444.6670052698744
Guyana,2024-09,1443.079401770858
Guyana,2024-10,1437.879255290749
Guyana,2024-11,1439.0855521643673
Guyana,2025-03,1455.8415574586509
Guyana,2025-06,1441.6376660929309
Guyana,2025-11,1455.5535713116
Guyana,2026-03,1470.1343996095682
Haiti,2016-01,1570.1630362343146
Haiti,2016-03,1586.4041584318843
Haiti,2016-06,1562.4631118271975
Haiti,2016-09,1542.9591097382677
Haiti,2016-11,1542.4712148048077
Haiti,2017-01,1567.7568799921892
Haiti,2017-10,1580.4284266843054
Haiti,2018-05,1586.1032635486345
Haiti,2018-09,1584.9940151536675
Haiti,2018-10,1595.3251520110464
Haiti,2018-11,1604.8674571518827
Haiti,2019-03,1601.0585366283024
Haiti,2019-06,1639.8678089103366
Haiti,2019-07,1655.805355254467
Haiti,2019-09,1637.9404902452277
Haiti,2019-10,1634.244802072277
Haiti,2019-11,1627.7621903740103
Haiti,2021-03,1631.475566889446
Haiti,2021-06,1634.8103233921058
Haiti,2021-07,1608.698054168024
Haiti,2021-09,1614.664779548119
Haiti,2022-03,1620.5818936650169
Haiti,2022-06,1626.1428633511732
Haiti,2023-03,1639.1182526795208
Haiti,2023-06,1659.6064300842772
Haiti,2023-07,1648.9559622288607
Haiti,2023-09,1625.8202517769234
Haiti,2023-10,1626.1582574970068
Haiti,2024-06,1623.676529780054
Haiti,2024-09,1636.5188523429838
Haiti,2024-10,1645.2445018288747
Haiti,2024-11,1654.054010575832
Haiti,2025-03,1660.841470742634
Haiti,2025-06,1621.0885066311855
Haiti,2025-09,1616.7561297708655
Haiti,2025-10,1639.622014099412
Haiti,2025-11,1640.099242158195
Haiti,2026-03,1647.2866325335992
Haiti,2026-06,1629.7125102300272
Hitra,2017-06,1378.8317458778783
Hitra,2019-06,1378.8216393702826
Hitra,2025-07,1379.8019152557204
Hmong,2023-08,1490.361169201614
Honduras,2016-03,1605.8357386777109
Honduras,2016-08,1619.6695283837705
Honduras,2016-09,1629.441281340668
Honduras,2016-10,1638.142789756026
Honduras,2016-11,1628.1070057078623
Honduras,2017-01,1651.1764694750393
Honduras,2017-02,1653.7279305600707
Honduras,2017-03,1639.3246372541273
Honduras,2017-05,1643.211127099171
Honduras,2017-06,1636.5853978656762
Honduras,2017-07,1628.505572005763
Honduras,2017-09,1635.708024917477
Honduras,2017-10,1647.0345047752164
Honduras,2017-11,1666.3807604144347
Honduras,2018-05,1657.1772045493622
Honduras,2018-06,1654.2244911694206
Honduras,2018-10,1649.0923521805353
Honduras,2018-11,1652.2848441422948
Honduras,2019-03,1649.9094959485983
Honduras,2019-06,1614.523187133025
Honduras,2019-09,1642.6229703990991
Honduras,2019-10,1658.4652285963527
Honduras,2019-11,1662.3814033411263
Honduras,2020-10,1669.4745377855538
Honduras,2020-11,1666.1982463508418
Honduras,2021-03,1660.7449029734853
Honduras,2021-06,1655.2161088783944
Honduras,2021-07,1660.937895120965
Honduras,2021-09,1657.802021913997
Honduras,2021-10,1639.2812481545764
Honduras,2021-11,1604.7884968387466
Honduras,2022-01,1585.8913506761166
Honduras,2022-02,1565.442501699327
Honduras,2022-03,1562.3207315773957
Honduras,2022-06,1551.42791630334
Honduras,2022-09,1562.9760875290106
Honduras,2022-10,1565.148828515352
Honduras,2023-03,1571.086095801661
Honduras,2023-06,1554.3811586415843
Honduras,2023-07,1558.3822441557363
Honduras,2023-09,1572.9364507643534
Honduras,2023-10,1573.9465194919662
Honduras,2023-11,1600.3015281822968
Honduras,2024-01,1597.2445448789315
Honduras,2024-03,1578.4765428885962
Honduras,2024-06,1603.1326234969342
Honduras,2024-09,1611.5872729549185
Honduras,2024-10,1610.0583173826433
Honduras,2024-11,1630.3049457129136
Honduras,2025-03,1628.1026785093234
Honduras,2025-06,1653.1683400098068
Honduras,2025-07,1659.505181136983
Honduras,2025-09,1651.4277026569737
Honduras,2025-10,1660.102550791397
Honduras,2025-11,1650.6661183892936
Honduras,2026-03,1655.7086479258087
Honduras,2026-06,1656.4358738303138
Hong Kong,2016-03,1400.911488088966
Hong Kong,2016-06,1395.5580797385633
Hong Kong,2016-09,1388.6828856587035
Hong Kong,2016-10,1392.5920402553352
Hong Kong,2016-11,1403.6808012114004
Hong Kong,2017-03,1396.4755785644943
Hong Kong,2017-06,1389.2261433129331
Hong Kong,2017-08,1393.7079680654804
Hong Kong,2017-09,1393.841256596125
Hong Kong,2017-10,1395.8198502914445
Hong Kong,2017-11,1400.3752194777803
Hong Kong,2018-03,1392.028680883121
Hong Kong,2018-10,1383.2736929696102
Hong Kong,2018-11,1394.2363276429237
Hong Kong,2019-06,1402.0707322904614
Hong Kong,2019-09,1386.243946142892
Hong Kong,2019-10,1382.793011043472
Hong Kong,2019-11,1383.348306781381
Hong Kong,2019-12,1384.266660398133
Hong Kong,2021-06,1374.340959009775
Hong Kong,2022-06,1379.2044743407732
Hong Kong,2022-07,1362.5792439336246
Hong Kong,2022-09,1362.1897375519598
Hong Kong,2023-03,1358.999768588649
Hong Kong,2023-06,1353.4149072776634
Hong Kong,2023-09,1349.0819045246403
Hong Kong,2023-10,1354.3244576742975
Hong Kong,2023-11,1321.8871398569688
Hong Kong,2024-01,1317.5937863658698
Hong Kong,2024-03,1300.7185108298954
Hong Kong,2024-06,1296.476785599409
Hong Kong,2024-09,1308.2923553952835
Hong Kong,2024-10,1325.0660462755498
Hong Kong,2024-11,1332.2859893591246
Hong Kong,2024-12,1345.8757402828574
Hong Kong,2025-03,1352.6432377849444
Hong Kong,2025-06,1350.7788750653003
Hong Kong,2025-09,1357.473542571924
Hong Kong,2025-10,1393.031242521569
Hong Kong,2025-11,1383.255765759491
Hong Kong,2026-06,1371.5136270036398
Hungary,2016-03,1647.9880402486278
Hungary,2016-05,1648.953168508537
Hungary,2016-06,1682.6256856359498
Hungary,2016-09,1664.6858703224252
Hungary,2016-10,1645.4766500320763
Hungary,2016-11,1656.4383196461083
Hungary,2017-03,1657.465532818184
Hungary,2017-06,1643.292311990148
Hungary,2017-08,1620.5265725458146
Hungary,2017-09,1626.6038821581644
Hungary,2017-10,1613.8327673979438
Hungary,2017-11,1608.7978665959586
Hungary,2018-03,1607.322610229122
Hungary,2018-06,1603.0598925870847
Hungary,2018-09,1588.3198703070902
Hungary,2018-10,1593.8303520204272
Hungary,2018-11,1602.288923578364
Hungary,2019-03,1610.0867588351562
Hungary,2019-06,1636.0979564071906
Hungary,2019-09,1643.0252006951546
Hungary,2019-10,1625.5532259594745
Hungary,2019-11,1627.155314574117
Hungary,2020-09,1638.3906951094996
Hungary,2020-10,1664.6936276330105
Hungary,2020-11,1678.3059653362332
Hungary,2021-03,1700.6790917895298
Hungary,2021-06,1700.1988908049443
Hungary,2021-09,1685.7078457122566
Hungary,2021-10,1667.8844972891147
Hungary,2021-11,1677.8494317638508
Hungary,2022-03,1691.2509868275602
Hungary,2022-06,1718.2998740544965
Hungary,2022-09,1785.7648391670748
Hungary,2022-11,1767.5285244457093
Hungary,2023-03,1770.5934500071933
Hungary,2023-06,1771.1207438313631
Hungary,2023-09,1786.4752015046272
Hungary,2023-10,1794.6544081737632
Hungary,2023-11,1778.732612143558
Hungary,2024-03,1786.6193366756418
Hungary,2024-06,1752.0120232245704
Hungary,2024-09,1756.119375018889
Hungary,2024-10,1752.1530823147823
Hungary,2024-11,1754.275598150209
Hungary,2025-03,1741.5805389035406
Hungary,2025-06,1706.9003616031075
Hungary,2025-09,1707.8944149736724
Hungary,2025-10,1706.9984321013617
Hungary,2025-11,1721.20568998405
Hungary,2026-03,1707.4904729726231
Hungary,2026-06,1708.9651586986308
Iceland,2016-01,1588.0163881862163
Iceland,2016-03,1584.765265084954
Iceland,2016-06,1624.291375591829
Iceland,2016-07,1652.3705931513543
Iceland,2016-09,1644.4362621637267
Iceland,2016-10,1655.7860677016304
Iceland,2016-11,1667.2951401409596
Iceland,2017-01,1675.0896929273504
Iceland,2017-02,1673.7106684822063
Iceland,2017-03,1678.157021660358
Iceland,2017-06,1683.6596468752723
Iceland,2017-09,1683.3919883245862
Iceland,2017-10,1728.1418965415248
Iceland,2017-11,1728.084253221877
Iceland,2018-01,1730.37123774002
Iceland,2018-03,1728.49838175146
Iceland,2018-06,1696.817573241707
Iceland,2018-09,1672.7542548709637
Iceland,2018-10,1666.6621920806167
Iceland,2018-11,1652.792277790731
Iceland,2019-01,1653.925713207671
Iceland,2019-03,1654.2523943499973
Iceland,2019-06,1656.3479142655435
Iceland,2019-09,1671.0493603698185
Iceland,2019-10,1646.623068454919
Iceland,2019-11,1652.447531356525
Iceland,2020-01,1659.7873540204869
Iceland,2020-09,1655.7003500606295
Iceland,2020-10,1643.6646125712427
Iceland,2020-11,1627.029069498415
Iceland,2021-03,1596.6637856460802
Iceland,2021-05,1601.2278686603256
Iceland,2021-06,1601.4014560342173
Iceland,2021-09,1580.9282352950734
Iceland,2021-10,1569.5891539278934
Iceland,2021-11,1577.524190185304
Iceland,2022-01,1562.668551476086
Iceland,2022-03,1561.4086563684075
Iceland,2022-06,1561.8086722500846
Iceland,2022-09,1566.2156523972396
Iceland,2022-11,1559.592607219569
Iceland,2023-01,1555.342982557304
Iceland,2023-03,1541.6239069669311
Iceland,2023-06,1534.3978493645225
Iceland,2023-09,1513.5805318102373
Iceland,2023-10,1520.682599595366
Iceland,2023-11,1512.915507600287
Iceland,2024-01,1516.6161506063418
Iceland,2024-03,1547.3507432632846
Iceland,2024-06,1550.586622681176
Iceland,2024-09,1566.953658819234
Iceland,2024-10,1562.284934100546
Iceland,2024-11,1572.050049871201
Iceland,2025-03,1548.5988296956514
Iceland,2025-06,1537.748041795467
Iceland,2025-09,1544.96049924466
Iceland,2025-10,1533.1056819438363
Iceland,2025-11,1556.019080714126
Iceland,2026-02,1547.5565131048488
Iceland,2026-03,1549.2197874328629
Iceland,2026-05,1550.3197658697052
Iceland,2026-06,1549.707881011664
India,2016-01,1352.8137103024358
India,2016-03,1356.350123036147
India,2016-06,1351.8648456577916
India,2016-08,1358.3509578264193
India,2016-09,1360.6080766019434
India,2017-03,1367.7794607701296
India,2017-06,1381.2777891621938
India,2017-08,1392.0350722996366
India,2017-09,1391.932765645384
India,2017-10,1397.4216898207703
India,2017-11,1400.693187957079
India,2018-03,1397.1902675060137
India,2018-06,1408.6396241625198
India,2018-09,1435.7493509928086
India,2018-10,1423.710607488283
India,2018-11,1426.4227402274792
India,2018-12,1424.8136125058618
India,2019-01,1452.518849110838
India,2019-07,1411.813225281286
India,2019-09,1406.710138274718
India,2019-10,1416.577445520645
India,2019-11,1405.3239454640025
India,2021-03,1403.5230165993466
India,2021-06,1405.9379483513958
India,2021-09,1401.9146349580496
India,2021-10,1406.8983515178654
India,2022-03,1412.7421654771936
India,2022-05,1406.5949271835425
India,2022-06,1413.86317133604
India,2022-09,1426.2506446128662
India,2023-03,1424.710660424894
India,2023-06,1441.7912424232773
India,2023-07,1441.0032701613848
India,2023-09,1445.725129389538
India,2023-11,1454.7199864465758
India,2024-01,1426.55015697916
India,2024-03,1412.5313340556395
India,2024-06,1395.684841822245
India,2024-09,1389.2912915898153
India,2024-10,1379.3865295098974
India,2024-11,1380.849063440574
India,2025-03,1383.511486535232
India,2025-06,1374.5020945708116
India,2025-10,1365.9454069670282
India,2025-11,1352.5853529953072
India,2026-05,1335.9574825722443
India,2026-06,1327.7744832084054
Indonesia,2016-09,1397.6549067145006
Indonesia,2016-10,1402.4211540601111
Indonesia,2016-11,1392.7995753397545
Indonesia,2016-12,1419.5504395942771
Indonesia,2017-03,1413.4123699471709
Indonesia,2017-06,1407.5415368186175
Indonesia,2017-09,1405.7997396144806
Indonesia,2017-11,1407.1814108711828
Indonesia,2017-12,1413.203804066113
Indonesia,2018-01,1405.1238141163813
Indonesia,2018-09,1402.5658967002
Indonesia,2018-10,1408.8426579107406
Indonesia,2018-11,1395.4061689942184
Indonesia,2019-03,1394.399892094717
Indonesia,2019-06,1397.9693542312696
Indonesia,2019-09,1392.7122503469452
Indonesia,2019-10,1368.137336078308
Indonesia,2019-11,1353.1704538416757
Indonesia,2021-05,1335.4562695293196
Indonesia,2021-06,1327.5824250409771
Indonesia,2021-10,1328.1361085570836
Indonesia,2021-11,1333.9835097088587
Indonesia,2021-12,1382.8559624212912
Indonesia,2022-01,1377.8947043715832
Indonesia,2022-06,1387.1025856439758
Indonesia,2022-09,1403.5863816915353
Indonesia,2022-12,1413.4189551607326
Indonesia,2023-01,1423.4768869095526
Indonesia,2023-03,1421.7813805560702
Indonesia,2023-06,1421.592546996072
Indonesia,2023-09,1421.1999534564395
Indonesia,2023-10,1429.1370297904
Indonesia,2023-11,1428.40052715556
Indonesia,2024-01,1425.7270643053173
Indonesia,2024-03,1432.5202151670312
Indonesia,2024-06,1450.536909984255
Indonesia,2024-09,1467.2714406555244
Indonesia,2024-10,1481.359152621937
Indonesia,2024-11,1468.9663158967512
Indonesia,2024-12,1483.2367893357389
Indonesia,2025-03,1466.175564860927
Indonesia,2025-06,1493.3062076672552
Indonesia,2025-09,1491.6908954146795
Indonesia,2025-10,1486.1638627317088
Indonesia,2026-03,1487.3660568342943
Indonesia,2026-06,1485.990252488751
Iran,2016-03,1788.085165350942
Iran,2016-06,1797.1021536622611
Iran,2016-09,1805.450232748381
Iran,2016-10,1815.421733418868
Iran,2016-11,1827.8207382262265
Iran,2017-03,1821.809987376429
Iran,2017-06,1828.5883723456564
Iran,2017-08,1838.660599641834
Iran,2017-09,1839.1721959319243
Iran,2017-10,1832.5063071528737
Iran,2017-11,1834.714494027356
Iran,2018-03,1833.2296473934912
Iran,2018-05,1837.2917907766769
Iran,2018-06,1835.135878110884
Iran,2018-09,1841.415943741872
Iran,2018-10,1844.4791550316336
Iran,2018-11,1846.5193539238585
Iran,2018-12,1841.8766683888807
Iran,2019-01,1868.779911831524
Iran,2019-06,1840.6410300123105
Iran,2019-09,1841.0846359570337
Iran,2019-10,1845.3950950845388
Iran,2019-11,1827.2053685314236
Iran,2020-10,1809.8967916207607
Iran,2020-11,1813.2266754323637
Iran,2021-03,1817.8756115537808
Iran,2021-06,1836.7149355426216
Iran,2021-09,1845.9148887248248
Iran,2021-10,1865.2346212446985
Iran,2021-11,1865.540274802869
Iran,2022-01,1872.3694109241155
Iran,2022-02,1876.3661818294163
Iran,2022-03,1863.555500406845
Iran,2022-06,1866.1793224353733
Iran,2022-09,1865.354504815669
Iran,2022-11,1848.0616712192275
Iran,2023-03,1826.473485520416
Iran,2023-06,1832.6159988848676
Iran,2023-09,1840.6772391925476
Iran,2023-11,1843.423210277198
Iran,2024-01,1860.3933446333851
Iran,2024-02,1867.4839475003932
Iran,2024-03,1848.8558705472933
Iran,2024-06,1853.331419762062
Iran,2024-09,1849.2950428230265
Iran,2024-10,1855.994207165611
Iran,2024-11,1871.43627620946
Iran,2025-03,1879.987014719735
Iran,2025-06,1857.111604362678
Iran,2025-10,1856.294075770084
Iran,2025-11,1852.645479745461
Iran,2026-03,1846.606959991937
Iran,2026-05,1852.148534463281
Iran,2026-06,1850.55610909702
Iraq,2016-03,1611.0966394442817
Iraq,2016-07,1616.8310510874603
Iraq,2016-08,1611.459695616228
Iraq,2016-09,1604.352187957618
Iraq,2016-10,1589.819768678033
Iraq,2016-11,1609.3513073413517
Iraq,2017-03,1610.0035003220385
Iraq,2017-06,1608.5240458505873
Iraq,2017-08,1615.3428710167748
Iraq,2017-09,1626.921901321032
Iraq,2017-10,1640.1201315924377
Iraq,2017-11,1642.032249980219
Iraq,2017-12,1645.9445598347495
Iraq,2018-01,1650.4124753372128
Iraq,2018-02,1650.5995964664369
Iraq,2018-03,1651.304496481264
Iraq,2018-05,1650.5508370676412
Iraq,2018-08,1648.5918152644158
Iraq,2018-09,1654.4483412671716
Iraq,2018-10,1650.8189130820274
Iraq,2018-11,1651.6406222035332
Iraq,2018-12,1654.088302173857
Iraq,2019-01,1680.577540419138
Iraq,2019-06,1664.301577717126
Iraq,2019-07,1659.888731935081
Iraq,2019-08,1665.7448145115166
Iraq,2019-09,1654.270578801875
Iraq,2019-10,1659.12944380377
Iraq,2019-11,1687.538160449386
Iraq,2019-12,1691.0052021116978
Iraq,2020-11,1688.102522501072
Iraq,2021-01,1691.643052512345
Iraq,2021-03,1693.3755292195478
Iraq,2021-05,1695.056698575051
Iraq,2021-06,1700.444676760285
Iraq,2021-09,1700.4983437882977
Iraq,2021-10,1682.0551256327178
Iraq,2021-11,1665.8125051814484
Iraq,2021-12,1664.019180265861
Iraq,2022-01,1657.6130694569308
Iraq,2022-02,1653.6162985516298
Iraq,2022-03,1665.167912069034
Iraq,2022-09,1661.8692744065113
Iraq,2022-11,1664.402181000869
Iraq,2022-12,1665.8750006724051
Iraq,2023-01,1685.4856231771091
Iraq,2023-03,1691.6722156584408
Iraq,2023-06,1687.5853512725143
Iraq,2023-09,1680.880948946552
Iraq,2023-10,1679.1564678229445
Iraq,2023-11,1685.2026535654834
Iraq,2024-01,1731.737328491015
Iraq,2024-03,1713.0582879607114
Iraq,2024-06,1728.1048684123336
Iraq,2024-09,1739.4962394481431
Iraq,2024-10,1737.8760931565785
Iraq,2024-11,1728.2397176785237
Iraq,2024-12,1723.5431167742436
Iraq,2025-03,1701.244870770753
Iraq,2025-06,1669.5062226223638
Iraq,2025-09,1687.8716899448011
Iraq,2025-10,1699.8101833479864
Iraq,2025-11,1702.4679311370044
Iraq,2025-12,1710.24907631727
Iraq,2026-03,1702.663303854262
Iraq,2026-05,1712.992366120125
Iraq,2026-06,1680.4415333486645
Iraqi Kurdistan,2016-05,1659.2588246334683
Iraqi Kurdistan,2016-06,1666.3446246514625
Isle of Man,2017-06,1628.97791300369
Isle of Man,2019-06,1642.3515006480163
Isle of Man,2023-07,1633.4994365078817
Isle of Man,2025-07,1645.9066845055002
Isle of Wight,2023-07,1623.4119165354723
Israel,2016-03,1578.253522602881
Israel,2016-05,1576.288748351323
Israel,2016-09,1572.7407104061842
Israel,2016-10,1575.8222339019603
Israel,2016-11,1577.5620841004245
Israel,2017-03,1602.1940484191837
Israel,2017-06,1595.7906999939626
Israel,2017-09,1549.427821165177
Israel,2017-10,1551.135435829401
Israel,2018-03,1548.512636475486
Israel,2018-09,1533.7881312835923
Israel,2018-10,1546.9632537542088
Israel,2018-11,1571.9385901804244
Israel,2019-03,1562.38121164603
Israel,2019-06,1591.510197967577
Israel,2019-09,1578.918816841532
Israel,2019-10,1561.634570465893
Israel,2019-11,1558.8870826728526
Israel,2020-09,1554.6951557442885
Israel,2020-10,1550.8428248551595
Israel,2020-11,1564.3370247448747
Israel,2021-03,1572.4034615912158
Israel,2021-06,1586.8578578716088
Israel,2021-09,1619.230245782712
Israel,2021-10,1604.5134652843096
Israel,2021-11,1595.4465752854271
Israel,2022-03,1596.4884476924385
Israel,2022-06,1607.7371878762312
Israel,2022-09,1617.3914517785224
Israel,2022-11,1614.4408701367504
Israel,2023-03,1602.8075144582328
Israel,2023-06,1603.5458043627864
Israel,2023-09,1607.691714859007
Israel,2023-11,1596.3091649773653
Israel,2024-03,1599.4487994416324
Israel,2024-06,1573.661250607023
Israel,2024-09,1573.359933971607
Israel,2024-10,1566.3920060568623
Israel,2024-11,1575.1355046993006
Israel,2025-03,1604.8025401458078
Israel,2025-06,1605.583930011241
Israel,2025-09,1619.6359086369112
Israel,2025-10,1606.0228015387706
Israel,2025-11,1598.750519717216
Israel,2026-03,1607.7094170843934
Israel,2026-06,1608.754945164735
Italy,2016-03,1859.6867298787895
Italy,2016-05,1857.021440373532
Italy,2016-06,1869.7396413780327
Italy,2016-07,1902.466923968748
Italy,2016-09,1902.224936452934
Italy,2016-10,1907.6489948216936
Italy,2016-11,1910.6296687858635
Italy,2017-03,1913.9799631221988
Italy,2017-05,1918.362479038512
Italy,2017-06,1923.5773155752167
Italy,2017-09,1909.1105376985663
Italy,2017-10,1900.17381874818
Italy,2017-11,1889.4400399066528
Italy,2018-03,1878.9154083988503
Italy,2018-05,1879.7476083997249
Italy,2018-06,1877.7505066969115
Italy,2018-09,1870.7226001467848
Italy,2018-10,1859.170509605659
Italy,2018-11,1872.0329293537409
Italy,2019-03,1879.3694308916804
Italy,2019-06,1890.3016194114848
Italy,2019-09,1898.519951152504
Italy,2019-10,1907.521676201114
Italy,2019-11,1919.8230295458543
Italy,2020-09,1912.5008937230652
Italy,2020-10,1928.3401376532893
Italy,2020-11,1937.4794689767773
Italy,2021-03,1953.5592178326815
Italy,2021-05,1955.148722892318
Italy,2021-06,1990.93621890733
Italy,2021-07,2016.25822840246
Italy,2021-09,2004.3381180467056
Italy,2021-10,1987.3801598007472
Italy,2021-11,1995.1824743932093
Italy,2022-03,1963.3015373333576
Italy,2022-06,1957.710795192354
Italy,2022-09,1946.448731309944
Italy,2022-11,1963.106739277105
Italy,2023-03,1940.797208893881
Italy,2023-06,1928.334744070284
Italy,2023-09,1938.442541382783
Italy,2023-10,1943.643476637868
Italy,2023-11,1934.116021653735
Italy,2024-03,1931.464107993168
Italy,2024-06,1922.6450398693505
Italy,2024-09,1923.474719789901
Italy,2024-10,1923.7155890544773
Italy,2024-11,1943.37136179448
Italy,2025-03,1907.3863971637163
Italy,2025-06,1886.4540857924237
Italy,2025-09,1889.132558138231
Italy,2025-10,1895.8674361087903
Italy,2025-11,1902.3422931372377
Italy,2026-03,1876.085005571019
Italy,2026-06,1869.9442690950127
Ivory Coast,2016-03,1801.83477687354
Ivory Coast,2016-05,1794.64536755343
Ivory Coast,2016-06,1793.7327151962745
Ivory Coast,2016-09,1794.9224164145508
Ivory Coast,2016-10,1786.7032432572803
Ivory Coast,2016-11,1792.4105496275065
Ivory Coast,2016-12,1794.6454626834673
Ivory Coast,2017-01,1780.5558433051183
Ivory Coast,2017-03,1763.2430903381771
Ivory Coast,2017-05,1763.079597062154
Ivory Coast,2017-06,1756.0473059374876
Ivory Coast,2017-09,1753.9477860275583
Ivory Coast,2017-10,1733.8029607970225
Ivory Coast,2017-11,1731.851651939407
Ivory Coast,2018-03,1706.2388504901255
Ivory Coast,2018-09,1707.0935019042602
Ivory Coast,2018-10,1715.734923075542
Ivory Coast,2018-11,1709.619759966905
Ivory Coast,2019-03,1711.9022174711577
Ivory Coast,2019-06,1725.481598127536
Ivory Coast,2019-07,1732.4159101572943
Ivory Coast,2019-09,1725.7628337368878
Ivory Coast,2019-10,1729.1413030412064
Ivory Coast,2019-11,1734.214107012627
Ivory Coast,2020-10,1720.8762184628386
Ivory Coast,2020-11,1721.0060070805646
Ivory Coast,2021-03,1721.1473756519083
Ivory Coast,2021-06,1727.2536786169162
Ivory Coast,2021-09,1721.1832235856932
Ivory Coast,2021-10,1736.667397632996
Ivory Coast,2021-11,1746.576522603229
Ivory Coast,2022-01,1759.4998293291071
Ivory Coast,2022-03,1757.2037509187828
Ivory Coast,2022-06,1759.7959512807945
Ivory Coast,2022-09,1752.6325561285273
Ivory Coast,2022-11,1756.9231481030429
Ivory Coast,2023-03,1753.8060022583795
Ivory Coast,2023-06,1757.6235679161312
Ivory Coast,2023-09,1733.7047277980655
Ivory Coast,2023-10,1735.5707288923836
Ivory Coast,2023-11,1735.0217274419135
Ivory Coast,2024-01,1674.9777181531915
Ivory Coast,2024-02,1706.121339119631
Ivory Coast,2024-03,1719.1781116747773
Ivory Coast,2024-06,1730.2337174737668
Ivory Coast,2024-09,1728.9099864962332
Ivory Coast,2024-10,1735.4901901772591
Ivory Coast,2024-11,1705.5056425397358
Ivory Coast,2025-03,1712.0441834956398
Ivory Coast,2025-06,1708.7650874899807
Ivory Coast,2025-09,1715.0915934187074
Ivory Coast,2025-10,1713.7995229068574
Ivory Coast,2025-11,1716.3971526502314
Ivory Coast,2025-12,1726.513017274623
Ivory Coast,2026-01,1758.1606257000678
Ivory Coast,2026-03,1750.1736558179314
Ivory Coast,2026-06,1791.6123074517948
Jamaica,2016-03,1640.114952680081
Jamaica,2016-06,1604.780997089388
Jamaica,2016-09,1582.6919017246555
Jamaica,2016-11,1559.4244786137406
Jamaica,2017-06,1561.875839710164
Jamaica,2017-07,1618.6648497618653
Jamaica,2017-08,1613.5291321799612
Jamaica,2017-09,1617.93465215243
Jamaica,2017-10,1612.8814077500572
Jamaica,2018-01,1608.7734640283911
Jamaica,2018-03,1610.7472940918497
Jamaica,2018-04,1612.5578320341262
Jamaica,2018-08,1619.680260556674
Jamaica,2018-09,1613.7013298786417
Jamaica,2018-10,1616.2422941997922
Jamaica,2018-11,1623.2012616717072
Jamaica,2019-03,1614.42796800464
Jamaica,2019-06,1624.1202402912422
Jamaica,2019-07,1640.6272094336111
Jamaica,2019-09,1636.810167309559
Jamaica,2019-10,1648.1732879328056
Jamaica,2019-11,1657.609378344209
Jamaica,2020-11,1646.5458526250836
Jamaica,2021-03,1651.3986124464834
Jamaica,2021-06,1647.353619458161
Jamaica,2021-07,1657.8624416584753
Jamaica,2021-09,1623.6738241748378
Jamaica,2021-10,1626.6380450163217
Jamaica,2021-11,1649.6803743921128
Jamaica,2022-01,1645.4213131332533
Jamaica,2022-02,1636.7639387688064
Jamaica,2022-03,1615.28373058568
Jamaica,2022-06,1627.5875242570028
Jamaica,2022-09,1631.621186239402
Jamaica,2022-11,1630.4462996504203
Jamaica,2023-03,1624.449154720135
Jamaica,2023-06,1633.5571545284492
Jamaica,2023-07,1679.7223435116036
Jamaica,2023-09,1670.9936534617864
Jamaica,2023-10,1673.035361490288
Jamaica,2023-11,1671.676413931182
Jamaica,2024-03,1680.4114556609534
Jamaica,2024-06,1670.745061997427
Jamaica,2024-09,1643.7283508881883
Jamaica,2024-10,1661.3776281853516
Jamaica,2024-11,1652.7464554328496
Jamaica,2025-02,1649.846803315137
Jamaica,2025-03,1643.1550597161777
Jamaica,2025-05,1652.2045232210726
Jamaica,2025-06,1662.0205684276127
Jamaica,2025-09,1657.8786435104876
Jamaica,2025-10,1646.7095174966255
Jamaica,2025-11,1651.3615388934484
Jamaica,2026-01,1647.1095069278033
Jamaica,2026-03,1659.9969212654828
Jamaica,2026-05,1652.573623091582
Jamaica,2026-06,1644.507185064724
Japan,2016-03,1801.8644823050392
Japan,2016-06,1815.7400941650508
Japan,2016-09,1785.354568335843
Japan,2016-10,1799.3613159076533
Japan,2016-11,1807.0741357790548
Japan,2017-03,1827.4483998717965
Japan,2017-06,1827.0766820832607
Japan,2017-08,1820.387950366012
Japan,2017-09,1833.948279946095
Japan,2017-10,1823.2159167862264
Japan,2017-11,1814.744397668441
Japan,2017-12,1818.230955516524
Japan,2018-03,1798.1493534066608
Japan,2018-05,1793.1492659691678
Japan,2018-06,1809.7769858951824
Japan,2018-07,1786.0126827837623
Japan,2018-09,1774.1626939178652
Japan,2018-10,1791.9719141454375
Japan,2018-11,1796.9557278325128
Japan,2019-01,1836.0790467987304
Japan,2019-02,1866.706670621138
Japan,2019-03,1826.733124034104
Japan,2019-06,1802.9137008393457
Japan,2019-09,1805.7207514224435
Japan,2019-10,1809.4341030581816
Japan,2019-11,1821.490938272416
Japan,2019-12,1808.5308324224804
Japan,2020-10,1800.5678982347729
Japan,2020-11,1805.870496142392
Japan,2021-03,1807.421275169676
Japan,2021-05,1808.8165020231063
Japan,2021-06,1819.4727675660763
Japan,2021-09,1802.9789538758785
Japan,2021-10,1796.66793470051
Japan,2021-11,1811.9698844928912
Japan,2022-01,1820.0642310295557
Japan,2022-02,1827.2086202656217
Japan,2022-03,1856.6424143472125
Japan,2022-06,1853.1314813385773
Japan,2022-07,1827.3985828378827
Japan,2022-09,1852.7273210391445
Japan,2022-11,1871.960889372772
Japan,2022-12,1875.1961338984115
Japan,2023-03,1875.966312340224
Japan,2023-06,1873.3666196302036
Japan,2023-09,1887.3408947372864
Japan,2023-10,1890.3195330688711
Japan,2023-11,1894.5705007644915
Japan,2024-01,1888.2697472835027
Japan,2024-02,1896.2034616955195
Japan,2024-03,1878.0582562582777
Japan,2024-06,1881.3851612014653
Japan,2024-09,1891.4968328582024
Japan,2024-10,1913.921382437112
Japan,2024-11,1913.158991860349
Japan,2025-03,1923.2932171262223
Japan,2025-06,1901.3499597531952
Japan,2025-09,1904.3807941632697
Japan,2025-10,1893.965142013127
Japan,2025-11,1905.6663046577687
Japan,2026-03,1912.410795557826
Japan,2026-05,1918.0653455084832
Japan,2026-06,1924.016121794527
Jersey,2016-04,1719.8817200822311
Jersey,2016-05,1723.3247252069125
Jersey,2017-03,1730.6371400564742
Jersey,2017-04,1731.2921822697303
Jersey,2017-05,1721.37529786351
Jersey,2017-06,1717.3323478760292
Jersey,2018-05,1721.78208105586
Jersey,2019-03,1728.8294827786517
Jersey,2019-05,1729.894927228751
Jersey,2019-06,1731.0094965643684
Jersey,2022-03,1733.802147993427
Jersey,2022-05,1744.8801969858391
Jersey,2023-07,1770.2579572696025
Jersey,2025-07,1775.086612707657
Jordan,2016-01,1627.689092864091
Jordan,2016-03,1636.7934067615374
Jordan,2016-06,1640.8825967684384
Jordan,2016-08,1623.6204672553315
Jordan,2016-09,1622.6555140139062
Jordan,2016-10,1622.5666279811687
Jordan,2016-11,1620.1505513609666
Jordan,2017-01,1617.9895034764645
Jordan,2017-03,1622.849533271532
Jordan,2017-06,1619.1346537226673
Jordan,2017-08,1615.7435568021538
Jordan,2017-09,1615.670696860331
Jordan,2017-10,1619.7146319519925
Jordan,2017-11,1612.7837783611649
Jordan,2017-12,1614.299860107022
Jordan,2018-01,1613.0746126384386
Jordan,2018-03,1611.0781775198218
Jordan,2018-05,1605.1287984288083
Jordan,2018-09,1602.3335709211494
Jordan,2018-10,1602.0225387291014
Jordan,2018-11,1602.619716528118
Jordan,2018-12,1591.8224002692405
Jordan,2019-01,1635.9961484678174
Jordan,2019-06,1624.3441948930447
Jordan,2019-08,1630.4575177601482
Jordan,2019-09,1635.289931698296
Jordan,2019-10,1621.0778780742676
Jordan,2019-11,1614.0929228311904
Jordan,2020-11,1617.7303412215797
Jordan,2021-02,1618.5711513892177
Jordan,2021-03,1616.5660898861968
Jordan,2021-05,1614.8010594850891
Jordan,2021-06,1616.4988186320486
Jordan,2021-09,1603.9477758650814
Jordan,2021-10,1611.4915802979308
Jordan,2021-11,1623.2974715040932
Jordan,2021-12,1631.054838175652
Jordan,2022-01,1622.5921262815048
Jordan,2022-05,1629.4689892525123
Jordan,2022-06,1636.1537816911623
Jordan,2022-09,1657.0206615728698
Jordan,2022-11,1663.3784750196965
Jordan,2023-03,1661.2878881064128
Jordan,2023-06,1660.803072138332
Jordan,2023-09,1658.0615661497568
Jordan,2023-11,1648.4086924544083
Jordan,2024-01,1636.46040426469
Jordan,2024-02,1701.7341080724552
Jordan,2024-03,1684.8556563596078
Jordan,2024-06,1694.3757390095252
Jordan,2024-07,1709.2682048777149
Jordan,2024-08,1706.8989184580305
Jordan,2024-09,1700.3157714582032
Jordan,2024-10,1695.0164587312292
Jordan,2024-11,1712.357748592244
Jordan,2025-01,1706.966687672769
Jordan,2025-03,1712.2487735137229
Jordan,2025-05,1718.111651291036
Jordan,2025-06,1732.8825617898551
Jordan,2025-09,1717.8662271340952
Jordan,2025-10,1715.0792744214
Jordan,2025-11,1705.4558832642615
Jordan,2025-12,1742.8706293121058
Jordan,2026-03,1737.7200324627445
Jordan,2026-05,1738.5147048905662
Jordan,2026-06,1691.8560179538597
Kabylia,2018-05,1500.0
Kabylia,2018-06,1483.022252489199
Kazakhstan,2016-03,1377.06011466955
Kazakhstan,2016-06,1378.8699117754722
Kazakhstan,2016-08,1386.0253784038405
Kazakhstan,2016-09,1381.278908656599
Kazakhstan,2016-10,1378.9971544527962
Kazakhstan,2016-11,1386.438978400379
Kazakhstan,2017-03,1377.7735505237918
Kazakhstan,2017-06,1367.8043440337597
Kazakhstan,2017-09,1348.2913165451494
Kazakhstan,2017-10,1342.2254364740545
Kazakhstan,2018-03,1350.916147515371
Kazakhstan,2018-06,1349.382624597884
Kazakhstan,2018-09,1338.666688782875
Kazakhstan,2018-10,1336.6555977771834
Kazakhstan,2018-11,1342.601155806938
Kazakhstan,2019-02,1336.9807078315491
Kazakhstan,2019-03,1373.2391676708926
Kazakhstan,2019-06,1366.558602161998
Kazakhstan,2019-09,1372.7437310817609
Kazakhstan,2019-10,1359.7581524794923
Kazakhstan,2019-11,1362.7617841450412
Kazakhstan,2020-09,1382.198522070471
Kazakhstan,2020-10,1372.5051254935458
Kazakhstan,2020-11,1353.8222867348345
Kazakhstan,2021-03,1335.8462251536246
Kazakhstan,2021-06,1346.537882048562
Kazakhstan,2021-09,1350.6423629852886
Kazakhstan,2021-10,1352.298337003415
Kazakhstan,2021-11,1344.4102856762256
Kazakhstan,2022-03,1360.6817226398216
Kazakhstan,2022-06,1383.517635584142
Kazakhstan,2022-09,1416.6710598348875
Kazakhstan,2022-11,1391.5275189486408
Kazakhstan,2023-03,1384.268391930905
Kazakhstan,2023-06,1406.5977047747451
Kazakhstan,2023-09,1417.2033701322189
Kazakhstan,2023-10,1426.76599575178
Kazakhstan,2023-11,1446.3207769463638
Kazakhstan,2024-03,1448.046331618118
Kazakhstan,2024-06,1439.0060411073553
Kazakhstan,2024-09,1442.3230769392587
Kazakhstan,2024-10,1431.421775370372
Kazakhstan,2024-11,1418.6747465303697
Kazakhstan,2025-03,1417.0984605992342
Kazakhstan,2025-06,1416.7454839133322
Kazakhstan,2025-09,1404.0460350634398
Kazakhstan,2025-10,1404.5808005687377
Kazakhstan,2025-11,1422.1406746850753
Kazakhstan,2026-03,1428.1456284275866
Kazakhstan,2026-06,1435.4842992045735
Kenya,2016-03,1487.9234017508709
Kenya,2016-05,1471.7824435921907
Kenya,2016-06,1470.5844819466165
Kenya,2016-08,1481.4081890956193
Kenya,2016-09,1483.447446154083
Kenya,2016-10,1488.1376271356833
Kenya,2016-11,1497.126095115631
Kenya,2017-03,1499.859733592752
Kenya,2017-08,1504.9540730235365
Kenya,2017-09,1503.7222100117967
Kenya,2017-10,1502.0274450166169
Kenya,2017-12,1514.9454463503364
Kenya,2018-03,1510.6391771311146
Kenya,2018-05,1499.332506974889
Kenya,2018-06,1502.7050471670332
Kenya,2018-09,1504.112556034212
Kenya,2018-10,1506.2430935209898
Kenya,2019-03,1516.9533139958885
Kenya,2019-06,1500.9834098118497
Kenya,2019-07,1515.6314758868848
Kenya,2019-09,1504.7420463317312
Kenya,2019-10,1504.976726503697
Kenya,2019-11,1506.3474986923427
Kenya,2020-10,1502.8526434327546
Kenya,2020-11,1500.6260384363131
Kenya,2021-03,1496.0204280093362
Kenya,2021-09,1506.065674441131
Kenya,2021-10,1491.5434053170393
Kenya,2021-11,1488.3784349562045
Kenya,2023-03,1496.0726759102408
Kenya,2023-06,1497.159480924773
Kenya,2023-09,1491.1417413095392
Kenya,2023-10,1484.6917032050717
Kenya,2023-11,1479.006133633745
Kenya,2024-06,1482.517724753014
Kenya,2024-09,1488.495370812706
Kenya,2024-10,1492.1392492717218
Kenya,2024-11,1486.9227037984672
Kenya,2025-01,1501.0360519714643
Kenya,2025-03,1493.6548366056213
Kenya,2025-06,1479.6601760784072
Kenya,2025-09,1460.0498433007936
Kenya,2025-10,1476.3103916066043
Kenya,2025-11,1470.0460067126392
Kenya,2026-03,1466.0659465730107
Kenya,2026-06,1474.9765762397362
Kernow,2019-05,1531.6776733473353
Kernow,2023-07,1536.0780190835617
Kosovo,2016-06,1508.109794029001
Kosovo,2016-09,1510.0543802542136
Kosovo,2016-10,1506.504602656255
Kosovo,2016-11,1496.2962523352107
Kosovo,2017-03,1490.8550533287314
Kosovo,2017-06,1484.5975228543243
Kosovo,2017-09,1474.7503484912218
Kosovo,2017-10,1458.5355426390993
Kosovo,2017-11,1453.9571548028828
Kosovo,2018-03,1460.4027068481837
Kosovo,2018-05,1469.525199982981
Kosovo,2018-09,1477.7747920784934
Kosovo,2018-10,1489.9449662946552
Kosovo,2018-11,1495.536502808934
Kosovo,2019-03,1513.8490033888827
Kosovo,2019-06,1518.178432197695
Kosovo,2019-09,1547.7797846959893
Kosovo,2019-10,1546.199785603249
Kosovo,2019-11,1554.2271110090958
Kosovo,2020-01,1547.5325364874282
Kosovo,2020-09,1537.0924847676747
Kosovo,2020-10,1501.216139436827
Kosovo,2020-11,1497.271594217842
Kosovo,2021-03,1495.95387632319
Kosovo,2021-06,1493.063088348892
Kosovo,2021-09,1513.8649459172873
Kosovo,2021-10,1506.1967464096738
Kosovo,2021-11,1486.2573132879838
Kosovo,2022-03,1503.5131432539165
Kosovo,2022-06,1524.9624043837696
Kosovo,2022-09,1505.0173411854494
Kosovo,2022-11,1516.4483714591895
Kosovo,2023-03,1518.4130500838444
Kosovo,2023-06,1510.8831896161396
Kosovo,2023-09,1504.5498531292196
Kosovo,2023-10,1496.5425903962928
Kosovo,2023-11,1524.243209968469
Kosovo,2024-03,1512.9912204045363
Kosovo,2024-06,1511.495664103199
Kosovo,2024-09,1491.236227326399
Kosovo,2024-10,1521.0895133712042
Kosovo,2024-11,1538.303577061809
Kosovo,2025-03,1554.5828926620322
Kosovo,2025-06,1578.1826525029242
Kosovo,2025-09,1574.76808544611
Kosovo,2025-10,1598.6953817646151
Kosovo,2025-11,1640.9093398188777
Kosovo,2026-03,1660.8453302272503
Kosovo,2026-05,1652.1687247528146
Kosovo,2026-06,1649.5858749390522
Kuwait,2017-12,1526.549990055714
Kuwait,2018-03,1525.6923597006182
Kuwait,2018-05,1526.8292920822046
Kuwait,2018-09,1528.5650311372387
Kuwait,2018-10,1532.6544081372624
Kuwait,2018-11,1528.3735264824804
Kuwait,2018-12,1524.9690196031534
Kuwait,2019-03,1530.5165379057528
Kuwait,2019-08,1543.7381517687415
Kuwait,2019-09,1541.0558952560075
Kuwait,2019-10,1533.1639414186086
Kuwait,2019-11,1555.4896201562412
Kuwait,2019-12,1549.019382599109
Kuwait,2021-01,1533.2716315782209
Kuwait,2021-03,1529.4915435329758
Kuwait,2021-06,1521.38500545103
Kuwait,2021-09,1510.6115078592338
Kuwait,2021-11,1506.455219848825
Kuwait,2022-01,1505.2707750076977
Kuwait,2022-02,1509.866161552966
Kuwait,2022-03,1500.6241680821631
Kuwait,2022-06,1484.6754526260067
Kuwait,2022-11,1471.4435054204207
Kuwait,2022-12,1477.6625096721411
Kuwait,2023-01,1481.3746113345485
Kuwait,2023-03,1487.3461091612216
Kuwait,2023-06,1497.665810821482
Kuwait,2023-07,1500.0349606362647
Kuwait,2023-09,1508.1871751380384
Kuwait,2023-10,1505.3704702945636
Kuwait,2023-11,1486.9401634135502
Kuwait,2024-01,1493.2512778965274
Kuwait,2024-03,1481.5551895986312
Kuwait,2024-06,1474.929934157113
Kuwait,2024-09,1488.8814737304556
Kuwait,2024-10,1483.3580306883423
Kuwait,2024-11,1479.2800175059676
Kuwait,2024-12,1499.169325089992
Kuwait,2025-03,1500.2127881493952
Kuwait,2025-06,1471.3720287457209
Kuwait,2025-09,1467.9641501566507
Kuwait,2025-10,1469.080186837378
Kuwait,2025-11,1471.8914327250332
Kuwait,2025-12,1484.825877211675
Kuwait,2026-06,1478.0970260053757
Kyrgyzstan,2016-03,1379.337742978835
Kyrgyzstan,2016-06,1395.7832185516388
Kyrgyzstan,2016-08,1394.6968622396607
Kyrgyzstan,2016-09,1399.443331986902
Kyrgyzstan,2016-10,1394.9934840186454
Kyrgyzstan,2016-11,1395.9140765895977
Kyrgyzstan,2017-03,1398.1694168974177
Kyrgyzstan,2017-06,1400.138941985801
Kyrgyzstan,2017-10,1391.4591729404965
Kyrgyzstan,2017-11,1391.750429091118
Kyrgyzstan,2017-12,1400.5608482256146
Kyrgyzstan,2018-03,1420.8099038214414
Kyrgyzstan,2018-05,1428.3131384281835
Kyrgyzstan,2018-09,1422.2926309151812
Kyrgyzstan,2018-10,1428.0587216784677
Kyrgyzstan,2018-11,1431.4629804526223
Kyrgyzstan,2018-12,1433.3373770746837
Kyrgyzstan,2019-01,1448.499116164077
Kyrgyzstan,2019-06,1442.1487018903429
Kyrgyzstan,2019-09,1442.238930285898
Kyrgyzstan,2019-10,1445.3557652286702
Kyrgyzstan,2019-11,1444.5413123298028
Kyrgyzstan,2021-06,1440.3940823392725
Kyrgyzstan,2021-09,1445.9209175308008
Kyrgyzstan,2021-11,1451.9231534779733
Kyrgyzstan,2022-03,1445.5000263252557
Kyrgyzstan,2022-06,1448.162775035495
Kyrgyzstan,2022-09,1446.8959756043444
Kyrgyzstan,2023-03,1440.3019376122672
Kyrgyzstan,2023-06,1426.1660028755116
Kyrgyzstan,2023-09,1422.82046791596
Kyrgyzstan,2023-10,1427.9250103035488
Kyrgyzstan,2023-11,1413.7185352082572
Kyrgyzstan,2024-01,1412.724155454134
Kyrgyzstan,2024-03,1431.2795465046022
Kyrgyzstan,2024-06,1434.8116037807465
Kyrgyzstan,2024-09,1441.2190548671829
Kyrgyzstan,2024-10,1431.8712705744251
Kyrgyzstan,2024-11,1437.7906910035786
Kyrgyzstan,2025-03,1432.906891984068
Kyrgyzstan,2025-06,1461.2147371449153
Kyrgyzstan,2026-03,1461.7058821709495
Kyrgyzstan,2026-06,1455.3209291311985
Kárpátalja,2016-08,1500.0
Kárpátalja,2017-06,1520.4695773753374
Kárpátalja,2018-05,1520.171818492398
Kárpátalja,2018-06,1566.0660899571772
Laos,2016-05,1137.6064990660277
Laos,2016-06,1131.5687029258208
Laos,2016-08,1125.0825907571932
Laos,2016-09,1124.3755225328423
Laos,2016-10,1116.6543208592664
Laos,2016-11,1135.7787458490393
Laos,2017-06,1141.5450927167506
Laos,2017-10,1134.5433585854043
Laos,2017-12,1133.3286949486435
Laos,2018-03,1124.7470242567008
Laos,2018-09,1124.4372374659313
Laos,2018-10,1123.7630275732276
Laos,2018-11,1100.9350974162842
Laos,2019-05,1094.2264320628349
Laos,2019-06,1081.505938334615
Laos,2021-12,1074.6160242908225
Laos,2022-03,1067.700642463298
Laos,2022-09,1066.9862434803335
Laos,2022-12,1051.8109272191286
Laos,2023-03,1057.4829415245472
Laos,2023-10,1060.5278913241468
Laos,2024-11,1049.889404673794
Laos,2024-12,1061.0201867885903
Laos,2025-03,1052.5847355576127
Laos,2025-06,1050.53870739093
Laos,2025-10,1058.245382612041
Laos,2025-11,1055.9042830337132
Latvia,2016-03,1445.5818221769168
Latvia,2016-06,1461.741450028915
Latvia,2016-09,1464.4335219336067
Latvia,2016-10,1436.9851870358332
Latvia,2016-11,1426.023517421801
Latvia,2017-03,1422.25260735762
Latvia,2017-06,1412.794993473483
Latvia,2017-08,1408.610861902315
Latvia,2017-09,1402.5335522899652
Latvia,2017-10,1394.7012232653212
Latvia,2017-11,1399.4453294466475
Latvia,2018-02,1396.769442727973
Latvia,2018-03,1394.511811947041
Latvia,2018-06,1401.6793146657326
Latvia,2018-09,1383.4911173279245
Latvia,2018-10,1371.9123736343877
Latvia,2018-11,1354.7223580289265
Latvia,2019-03,1341.0239957505364
Latvia,2019-06,1328.939585821098
Latvia,2019-09,1312.5613349681876
Latvia,2019-10,1297.9659322727512
Latvia,2019-11,1290.9886697791735
Latvia,2020-09,1301.9177551574237
Latvia,2020-10,1302.487101335136
Latvia,2020-11,1280.3920285276774
Latvia,2021-03,1292.274041599106
Latvia,2021-06,1314.0687856801082
Latvia,2021-09,1316.2075728441691
Latvia,2021-10,1323.189783728498
Latvia,2021-11,1329.8570559477653
Latvia,2022-03,1347.578568479887
Latvia,2022-06,1381.388154474431
Latvia,2022-09,1369.694909345504
Latvia,2022-11,1363.4152561605415
Latvia,2023-03,1365.3541913598815
Latvia,2023-06,1359.472767330497
Latvia,2023-09,1352.9262376365805
Latvia,2023-10,1367.364959260439
Latvia,2023-11,1361.8305093486572
Latvia,2024-03,1361.3611236078018
Latvia,2024-06,1343.312091535321
Latvia,2024-09,1335.7615071294565
Latvia,2024-10,1329.4557067667229
Latvia,2024-11,1325.6382464064338
Latvia,2025-03,1320.6510903468318
Latvia,2025-06,1319.9375608611
Latvia,2025-09,1324.5182257299043
Latvia,2025-10,1313.5883686958614
Latvia,2025-11,1315.305499065257
Latvia,2026-06,1315.1832956051517
Lebanon,2016-02,1484.2362473515682
Lebanon,2016-03,1479.5810374937157
Lebanon,2016-08,1473.1205566601443
Lebanon,2016-09,1474.08550990157
Lebanon,2016-10,1476.7508102344486
Lebanon,2016-11,1475.1168859938898
Lebanon,2017-03,1477.277933878392
Lebanon,2017-06,1486.3283640429013
Lebanon,2017-09,1494.0399977587183
Lebanon,2017-10,1498.678270128085
Lebanon,2017-11,1523.3546339853108
Lebanon,2018-03,1531.7011725799705
Lebanon,2018-09,1540.3406067365734
Lebanon,2018-10,1541.3491473666934
Lebanon,2018-11,1539.6681637667689
Lebanon,2018-12,1537.4099350673048
Lebanon,2019-01,1501.5928686901611
Lebanon,2019-07,1531.9118078391557
Lebanon,2019-08,1536.9176485236055
Lebanon,2019-09,1509.4748038325135
Lebanon,2019-10,1514.50462587801
Lebanon,2019-11,1525.918435358246
Lebanon,2020-11,1523.4563984339477
Lebanon,2021-03,1516.0147899757749
Lebanon,2021-06,1500.7473366849342
Lebanon,2021-09,1509.0169811727774
Lebanon,2021-10,1512.12257677707
Lebanon,2021-11,1522.6370064289963
Lebanon,2021-12,1504.1021455434636
Lebanon,2022-01,1510.508704690613
Lebanon,2022-02,1506.1580127344305
Lebanon,2022-03,1486.7546089525842
Lebanon,2022-11,1484.130786924056
Lebanon,2022-12,1477.9117826723357
Lebanon,2023-03,1476.0245837391597
Lebanon,2023-06,1478.6321026970395
Lebanon,2023-07,1481.4395102899848
Lebanon,2023-09,1476.6218663138227
Lebanon,2023-10,1481.3860846781145
Lebanon,2023-11,1481.3205476068006
Lebanon,2024-01,1467.3830313180893
Lebanon,2024-03,1449.6929765453638
Lebanon,2024-06,1449.2345868276404
Lebanon,2024-09,1466.1852342434893
Lebanon,2024-11,1460.955855301024
Lebanon,2025-03,1463.9046324595329
Lebanon,2025-05,1467.0227193864978
Lebanon,2025-06,1465.3636032519394
Lebanon,2025-08,1460.984813607542
Lebanon,2025-09,1463.5363835467188
Lebanon,2025-10,1466.458534722492
Lebanon,2025-11,1472.2248800076609
Lesotho,2016-03,1304.8263149178797
Lesotho,2016-05,1311.4058554148737
Lesotho,2016-06,1347.9318877505405
Lesotho,2016-09,1344.9269178066395
Lesotho,2017-03,1341.540293918313
Lesotho,2017-06,1344.0693909800018
Lesotho,2017-07,1346.3884686288004
Lesotho,2017-11,1348.6447902894924
Lesotho,2018-03,1347.843195010628
Lesotho,2018-06,1358.281363951072
Lesotho,2018-09,1368.1490564454864
Lesotho,2018-10,1365.1160739340287
Lesotho,2018-11,1356.522313881552
Lesotho,2019-03,1367.261797045334
Lesotho,2019-06,1370.2557004630296
Lesotho,2019-09,1377.821550002609
Lesotho,2019-10,1376.6329260837497
Lesotho,2019-11,1380.8105954176408
Lesotho,2020-11,1372.030730030791
Lesotho,2021-03,1375.5740595052107
Lesotho,2021-06,1372.7301600386818
Lesotho,2021-07,1352.318409991732
Lesotho,2022-03,1343.2637312588588
Lesotho,2022-05,1352.8506394642914
Lesotho,2022-06,1342.5595361095802
Lesotho,2022-07,1366.4049898823594
Lesotho,2023-03,1348.5616171820047
Lesotho,2023-06,1337.2050892171903
Lesotho,2023-07,1342.0661793433685
Lesotho,2023-09,1338.942188061876
Lesotho,2023-11,1347.8514162362924
Lesotho,2024-01,1348.3693629159973
Lesotho,2024-03,1356.891478130958
Lesotho,2024-06,1378.1895574594314
Lesotho,2024-09,1355.4031564712143
Lesotho,2024-10,1360.9336809174936
Lesotho,2024-11,1365.352792668045
Lesotho,2025-03,1401.3056367251536
Lesotho,2025-09,1399.0489376424
Lesotho,2025-10,1380.9368358981194
Lesotho,2025-11,1396.3380694456507
Lesotho,2026-06,1392.9544646879274
Liberia,2016-03,1422.447618242166
Liberia,2016-06,1426.00352590655
Liberia,2016-09,1425.7865849797156
Liberia,2016-11,1420.4999986880002
Liberia,2017-06,1418.045841737939
Liberia,2018-07,1407.834311252739
Liberia,2018-09,1412.827793424808
Liberia,2018-10,1402.8902016186487
Liberia,2018-11,1414.3802245312318
Liberia,2019-03,1423.579769041561
Liberia,2019-07,1422.6542441530328
Liberia,2019-09,1430.688175100063
Liberia,2019-10,1438.0937914697745
Liberia,2019-11,1428.142085296461
Liberia,2021-06,1428.3353709568337
Liberia,2021-09,1434.3618212380338
Liberia,2021-10,1424.0742956273468
Liberia,2021-11,1412.3505373660096
Liberia,2022-03,1420.7477858570398
Liberia,2022-06,1416.6656172718244
Liberia,2022-09,1414.0855956128296
Liberia,2023-03,1419.553050636585
Liberia,2023-09,1413.5603022409157
Liberia,2023-10,1408.5980290312511
Liberia,2023-11,1394.112061691327
Liberia,2024-03,1424.0115204163735
Liberia,2024-06,1419.191204124056
Liberia,2024-09,1428.4271701575233
Liberia,2024-10,1416.3381572357112
Liberia,2024-11,1418.010021012058
Liberia,2025-03,1409.1024698652311
Liberia,2025-09,1409.124129173343
Liberia,2025-10,1430.9935950468798
Liberia,2025-11,1435.906483342692
Liberia,2026-03,1426.01527416545
Liberia,2026-06,1425.0946886117424
Libya,2016-01,1588.4837716578377
Libya,2016-03,1570.8547176785926
Libya,2016-06,1579.0489426988015
Libya,2016-09,1580.7289673658863
Libya,2016-10,1592.4536934265016
Libya,2016-11,1575.4222793452077
Libya,2017-01,1566.8886484221855
Libya,2017-03,1564.506108611149
Libya,2017-05,1563.4745145168893
Libya,2017-06,1560.786239959737
Libya,2017-08,1565.2585661018666
Libya,2017-09,1557.179312838387
Libya,2017-10,1571.5314901473605
Libya,2017-11,1562.38610270642
Libya,2017-12,1569.3468172059022
Libya,2018-09,1570.5720646744855
Libya,2018-10,1565.5903989298731
Libya,2018-11,1560.014329724314
Libya,2019-03,1567.1032778173303
Libya,2019-09,1555.5471295205234
Libya,2019-10,1561.6002737583335
Libya,2019-11,1551.2086503135224
Libya,2020-11,1544.3516568688517
Libya,2021-03,1519.8392103851804
Libya,2021-06,1503.7577745261603
Libya,2021-09,1503.711119076531
Libya,2021-10,1512.3393484774708
Libya,2021-11,1490.3573891510182
Libya,2022-01,1487.3986376096695
Libya,2022-02,1482.803251064401
Libya,2022-03,1493.1497313575203
Libya,2022-06,1492.9301140508855
Libya,2022-09,1481.690996968441
Libya,2022-11,1484.471386537307
Libya,2023-03,1482.9396706755074
Libya,2023-06,1478.43205829887
Libya,2023-09,1468.6405682778443
Libya,2023-10,1472.6725579262816
Libya,2023-11,1479.9662988251582
Libya,2024-01,1494.9524543737327
Libya,2024-03,1501.0279929393678
Libya,2024-06,1509.4695823896682
Libya,2024-09,1499.462818918646
Libya,2024-10,1489.751291302018
Libya,2024-11,1497.0724570495388
Libya,2025-03,1497.3495211166712
Libya,2025-09,1507.4695931612923
Libya,2025-10,1515.932438573896
Libya,2025-11,1511.9207610051744
Libya,2026-03,1511.8889870048895
Liechtenstein,2016-03,1209.359540942599
Liechtenstein,2016-06,1205.4680776496689
Liechtenstein,2016-08,1204.403581660711
Liechtenstein,2016-09,1203.868370057926
Liechtenstein,2016-10,1198.0157436617958
Liechtenstein,2016-11,1196.2758934633318
Liechtenstein,2017-03,1195.2234913557306
Liechtenstein,2017-06,1186.4297947822936
Liechtenstein,2017-09,1183.3578547687955
Liechtenstein,2017-10,1178.8887221395669
Liechtenstein,2017-12,1173.6820222290332
Liechtenstein,2018-03,1176.0968137098575
Liechtenstein,2018-09,1167.420200760471
Liechtenstein,2018-10,1190.0295084223312
Liechtenstein,2018-11,1175.2189255885244
Liechtenstein,2019-03,1180.234970481189
Liechtenstein,2019-06,1174.790177601114
Liechtenstein,2019-09,1170.400056416221
Liechtenstein,2019-10,1186.97075929406
Liechtenstein,2019-11,1184.0914495849638
Liechtenstein,2020-09,1181.1161693761223
Liechtenstein,2020-10,1182.3954857801566
Liechtenstein,2020-11,1167.318555208988
Liechtenstein,2021-03,1166.0898094329636
Liechtenstein,2021-06,1161.315992175314
Liechtenstein,2021-09,1155.3280998593063
Liechtenstein,2021-10,1159.3353795761404
Liechtenstein,2021-11,1156.117608351552
Liechtenstein,2022-03,1151.9816991535008
Liechtenstein,2022-06,1113.1648563900649
Liechtenstein,2022-09,1078.9150290363978
Liechtenstein,2022-11,1070.9115654177017
Liechtenstein,2023-03,1067.742604771914
Liechtenstein,2023-06,1060.3505311851077
Liechtenstein,2023-09,1058.38228676002
Liechtenstein,2023-10,1055.1222076172744
Liechtenstein,2023-11,1053.0491115481032
Liechtenstein,2024-03,1047.0713483974962
Liechtenstein,2024-06,1049.31483313206
Liechtenstein,2024-09,1035.9879583840295
Liechtenstein,2024-10,1049.7262112212109
Liechtenstein,2024-11,1050.0351482061926
Liechtenstein,2025-03,1016.4264155145456
Liechtenstein,2025-06,1011.4106720276984
Liechtenstein,2025-09,1010.4623440191584
Liechtenstein,2025-10,1006.3842214012764
Liechtenstein,2025-11,1005.4314339030908
Liechtenstein,2026-03,1019.9828381739878
Liechtenstein,2026-06,1011.038302217797
Lithuania,2016-03,1431.903837616415
Lithuania,2016-05,1430.5683601154117
Lithuania,2016-06,1435.3868668018208
Lithuania,2016-09,1438.4813932904124
Lithuania,2016-10,1450.1301476767808
Lithuania,2016-11,1455.5001068735478
Lithuania,2017-03,1446.187202543823
Lithuania,2017-06,1444.1951439655004
Lithuania,2017-09,1425.853265084097
Lithuania,2017-10,1412.0844473007212
Lithuania,2018-03,1405.1067051074967
Lithuania,2018-05,1410.480168064869
Lithuania,2018-06,1401.46702140702
Lithuania,2018-09,1395.0299773099152
Lithuania,2018-10,1380.7375458041113
Lithuania,2018-11,1359.4422729339965
Lithuania,2019-03,1344.2011729225353
Lithuania,2019-06,1341.5393499659451
Lithuania,2019-09,1334.5153893539257
Lithuania,2019-10,1331.076428648232
Lithuania,2019-11,1327.3730017554674
Lithuania,2020-09,1310.6123571524165
Lithuania,2020-10,1345.5141554176494
Lithuania,2020-11,1341.6669477684457
Lithuania,2021-03,1354.3876159829038
Lithuania,2021-06,1333.2028010920687
Lithuania,2021-09,1316.708117844953
Lithuania,2021-10,1342.1009068125927
Lithuania,2021-11,1335.3999325177742
Lithuania,2022-03,1337.559804308915
Lithuania,2022-06,1290.6349388364988
Lithuania,2022-09,1284.6742885809197
Lithuania,2022-11,1281.3147358288363
Lithuania,2023-03,1274.7593816876952
Lithuania,2023-06,1283.165169883502
Lithuania,2023-09,1287.6640839694028
Lithuania,2023-10,1312.8013891140474
Lithuania,2023-11,1316.8325831638194
Lithuania,2024-03,1322.8759044536444
Lithuania,2024-06,1344.4990220103602
Lithuania,2024-09,1327.1769927551268
Lithuania,2024-10,1314.6623063124175
Lithuania,2024-11,1299.5732644454663
Lithuania,2025-03,1293.9265539600992
Lithuania,2025-06,1300.8458518929126
Lithuania,2025-09,1296.4121009819962
Lithuania,2025-10,1292.5346271315277
Lithuania,2025-11,1290.8496249087325
Lithuania,2026-03,1297.3909359094848
Lithuania,2026-06,1294.2620535046851
Luhansk PR,2016-08,1495.8750471811236
Luhansk PR,2019-08,1496.6482445508375
Luhansk PR,2019-12,1491.461959341357
Luxembourg,2016-03,1166.10475522501
Luxembourg,2016-05,1164.4450189229576
Luxembourg,2016-09,1162.4030458016812
Luxembourg,2016-10,1159.839813279611
Luxembourg,2016-11,1170.2193674734765
Luxembourg,2017-03,1168.9034764039363
Luxembourg,2017-06,1173.9562095704107
Luxembourg,2017-08,1173.409636879652
Luxembourg,2017-09,1193.833169461103
Luxembourg,2017-10,1204.0659680370322
Luxembourg,2017-11,1213.0878031737714
Luxembourg,2018-03,1224.628774416208
Luxembourg,2018-05,1223.0657302536447
Luxembourg,2018-06,1226.613059877587
Luxembourg,2018-09,1261.9239077532966
Luxembourg,2018-10,1269.4896181854645
Luxembourg,2018-11,1263.1266986151004
Luxembourg,2019-03,1279.9504967723678
Luxembourg,2019-06,1282.8702772486315
Luxembourg,2019-09,1281.170377475227
Luxembourg,2019-10,1277.3024342605156
Luxembourg,2019-11,1275.8581297196702
Luxembourg,2020-09,1295.2125905441685
Luxembourg,2020-10,1305.0377747629418
Luxembourg,2020-11,1316.878543082589
Luxembourg,2021-03,1337.727031307112
Luxembourg,2021-06,1335.50486350239
Luxembourg,2021-09,1342.5492837395243
Luxembourg,2021-10,1342.6283327407614
Luxembourg,2021-11,1363.7623535749206
Luxembourg,2022-03,1350.8407632487908
Luxembourg,2022-06,1377.8763568404695
Luxembourg,2022-09,1382.574482028863
Luxembourg,2022-11,1393.3303546574116
Luxembourg,2023-03,1401.0239986128754
Luxembourg,2023-06,1395.4603927672608
Luxembourg,2023-09,1441.8873193793015
Luxembourg,2023-10,1444.725285844088
Luxembourg,2023-11,1460.2346833493364
Luxembourg,2024-03,1462.927762331101
Luxembourg,2024-06,1455.0914521134437
Luxembourg,2024-09,1440.4417709466838
Luxembourg,2024-10,1429.5261857457772
Luxembourg,2024-11,1416.0916883850016
Luxembourg,2025-03,1425.0182634405255
Luxembourg,2025-06,1422.29630153403
Luxembourg,2025-09,1408.5939676749529
Luxembourg,2025-10,1401.210606892507
Luxembourg,2025-11,1393.8603963592468
Luxembourg,2026-06,1388.2637737985183
Macau,2016-03,1031.0646817898885
Macau,2016-06,1034.1875693440606
Macau,2016-07,1038.4387600248435
Macau,2016-11,1083.7204482564543
Macau,2017-03,1078.5111574683212
Macau,2017-06,1076.541632379938
Macau,2017-09,1066.9827088380578
Macau,2017-10,1067.7405341747624
Macau,2017-11,1064.4690360384536
Macau,2018-03,1058.392749617146
Macau,2018-08,1055.833099064857
Macau,2018-09,1065.4897735556242
Macau,2019-06,1078.1152868894944
Macau,2023-03,1061.0276744826024
Macau,2023-06,1059.1820273595126
Macau,2023-09,1049.9099001044567
Macau,2023-10,1035.9914210079685
Macau,2024-09,1024.711808389735
Macau,2024-12,1013.2016374637484
Macau,2025-03,1005.4514387639653
Macau,2026-03,999.0854173699972
Madagascar,2016-03,1395.3246694016782
Madagascar,2016-06,1383.20316301474
Madagascar,2016-09,1374.8264680110844
Madagascar,2017-03,1388.7496742143471
Madagascar,2017-06,1422.0334729834874
Madagascar,2017-11,1438.0996262626863
Madagascar,2018-03,1436.6042687236995
Madagascar,2018-05,1436.572812316319
Madagascar,2018-06,1440.9180370189686
Madagascar,2018-09,1431.050344524554
Madagascar,2018-10,1449.8316915381777
Madagascar,2018-11,1457.4695792694536
Madagascar,2019-03,1436.8581028881129
Madagascar,2019-06,1449.1855895796366
Madagascar,2019-07,1477.996722057575
Madagascar,2019-11,1481.2419637397306
Madagascar,2020-10,1499.0494023524905
Madagascar,2020-11,1493.2933716262985
Madagascar,2021-03,1478.654394818485
Madagascar,2021-09,1461.9152945333274
Madagascar,2021-10,1442.7456609864626
Madagascar,2021-11,1446.6645309031965
Madagascar,2022-06,1438.393957048923
Madagascar,2022-07,1426.8815531302432
Madagascar,2022-09,1424.4521627483282
Madagascar,2023-03,1408.8166078849008
Madagascar,2023-06,1393.5466420531816
Madagascar,2023-08,1396.5321490018655
Madagascar,2023-09,1415.7171198635067
Madagascar,2023-10,1415.9881778574506
Madagascar,2023-11,1417.5239764904247
Madagascar,2024-06,1444.5037924426206
Madagascar,2024-09,1449.4732255780646
Madagascar,2024-10,1448.3179049789528
Madagascar,2024-11,1435.0501417174737
Madagascar,2025-03,1445.1365183077085
Madagascar,2025-06,1432.3855958715797
Madagascar,2025-09,1446.174403351053
Madagascar,2025-10,1469.4276060354289
Madagascar,2025-11,1462.511750102945
Madagascar,2026-03,1476.2094347336215
Madagascar,2026-06,1476.1668072061786
Malawi,2016-03,1460.1186127184385
Malawi,2016-06,1461.0971707861945
Malawi,2016-09,1450.2415180367927
Malawi,2017-06,1443.4958916534206
Malawi,2017-09,1443.1395193509147
Malawi,2017-10,1447.4916758883055
Malawi,2017-11,1448.202022390863
Malawi,2018-03,1446.4374997251955
Malawi,2018-05,1436.9993529662756
Malawi,2018-06,1436.896148703398
Malawi,2018-09,1432.5954357161895
Malawi,2018-10,1427.647435153758
Malawi,2018-11,1433.1995652473536
Malawi,2019-03,1420.331496160932
Malawi,2019-05,1441.0701357097137
Malawi,2019-06,1448.4006571433893
Malawi,2019-09,1454.5865208230775
Malawi,2019-10,1463.440833048873
Malawi,2019-11,1467.5283807503456
Malawi,2020-10,1457.8581145235917
Malawi,2020-11,1451.905842856764
Malawi,2021-03,1454.843063601826
Malawi,2021-06,1466.7667498641738
Malawi,2021-07,1450.4542625988709
Malawi,2021-09,1442.5613206464104
Malawi,2021-10,1447.8211907003736
Malawi,2021-11,1434.7151441717087
Malawi,2021-12,1422.4127287441602
Malawi,2022-01,1445.7445371544356
Malawi,2022-06,1449.7949546890193
Malawi,2022-07,1431.3982970497057
Malawi,2023-03,1431.5195885199253
Malawi,2023-06,1425.165235739784
Malawi,2023-07,1447.4472076483712
Malawi,2023-09,1452.5034045026798
Malawi,2023-11,1465.4283765589605
Malawi,2024-06,1466.3767562785292
Malawi,2024-09,1446.739826257994
Malawi,2024-10,1435.4584468149794
Malawi,2024-11,1432.54896533533
Malawi,2025-03,1442.5265283979163
Malawi,2025-09,1451.5037383763497
Malawi,2025-10,1470.5254447037023
Malawi,2025-11,1450.3074125697635
Malawi,2026-03,1453.6910173274869
Malawi,2026-06,1441.75713965797
Malaysia,2016-03,1329.9050077469965
Malaysia,2016-05,1326.782120192824
Malaysia,2016-06,1344.693468141306
Malaysia,2016-09,1347.7742425317808
Malaysia,2016-10,1344.057613613868
Malaysia,2016-11,1345.760698606759
Malaysia,2017-03,1339.0369356637034
Malaysia,2017-06,1340.3892621895664
Malaysia,2017-08,1330.9743818795337
Malaysia,2017-09,1327.7856854356974
Malaysia,2017-10,1327.8160671224502
Malaysia,2017-11,1311.8477000448438
Malaysia,2018-03,1304.014389758364
Malaysia,2018-04,1300.885278504938
Malaysia,2018-07,1302.9055439230865
Malaysia,2018-09,1302.7806108184573
Malaysia,2018-10,1310.9255211861782
Malaysia,2018-11,1315.360118410118
Malaysia,2018-12,1337.397735316327
Malaysia,2019-03,1333.4851618978346
Malaysia,2019-06,1344.9037809788013
Malaysia,2019-08,1349.3382709954433
Malaysia,2019-09,1363.7295594904597
Malaysia,2019-10,1360.090715016634
Malaysia,2019-11,1374.1859493703485
Malaysia,2021-05,1387.8185117969638
Malaysia,2021-06,1371.6002102330483
Malaysia,2021-10,1385.5029099772114
Malaysia,2021-12,1382.1681240487094
Malaysia,2022-03,1373.0802563859809
Malaysia,2022-05,1369.2258931944762
Malaysia,2022-06,1385.337240175157
Malaysia,2022-09,1395.1056433195904
Malaysia,2022-12,1409.8210462701493
Malaysia,2023-01,1421.0276373596275
Malaysia,2023-03,1416.966432274067
Malaysia,2023-06,1429.7087064627938
Malaysia,2023-09,1442.8890623468274
Malaysia,2023-11,1454.269260469552
Malaysia,2024-01,1434.4807556830094
Malaysia,2024-03,1440.4936791887876
Malaysia,2024-06,1431.156494720842
Malaysia,2024-09,1439.5368303592145
Malaysia,2024-10,1446.6573215377923
Malaysia,2024-11,1446.017314726873
Malaysia,2024-12,1437.9303246419306
Malaysia,2025-03,1434.0564199028286
Malaysia,2025-05,1438.5262547673558
Malaysia,2025-06,1434.4232511033642
Malaysia,2025-09,1454.9240162717335
Malaysia,2025-10,1463.8915416174686
Malaysia,2025-11,1466.2326411957968
Maldives,2016-01,1269.0039043500549
Maldives,2016-03,1257.7875812278437
Maldives,2016-06,1247.8496811773546
Maldives,2016-09,1242.367416719088
Maldives,2016-10,1252.0639950616928
Maldives,2017-03,1250.010215598384
Maldives,2017-06,1238.0692400558803
Maldives,2017-09,1247.1688828768156
Maldives,2017-10,1243.6863962225264
Maldives,2017-11,1238.8197828710229
Maldives,2018-03,1231.316988609815
Maldives,2018-09,1242.6500721079824
Maldives,2018-11,1254.6888156125085
Maldives,2019-07,1233.3906425824327
Maldives,2019-09,1241.0961485369864
Maldives,2019-10,1235.1707866431584
Maldives,2019-11,1222.8518631681702
Maldives,2021-06,1225.1239374914876
Maldives,2021-10,1231.903251508961
Maldives,2021-11,1211.9328186073917
Maldives,2022-03,1210.7090110826753
Maldives,2022-06,1208.3377420243662
Maldives,2022-09,1219.1189670819174
Maldives,2022-12,1219.9047882031794
Maldives,2023-03,1216.6674955985368
Maldives,2023-06,1209.8222328228885
Maldives,2023-10,1203.7351315596725
Maldives,2024-11,1197.590452786189
Maldives,2025-03,1191.3371314711303
Maldives,2025-06,1179.814758247442
Maldives,2025-09,1178.9349059092435
Maldives,2025-10,1174.8523198656972
Maldives,2025-11,1167.0960359037167
Maldives,2026-06,1156.7463557715569
Mali,2016-03,1629.7973738054295
Mali,2016-05,1636.420370408842
Mali,2016-06,1633.1620631649944
Mali,2016-09,1642.545296252251
Mali,2016-10,1651.0553930052092
Mali,2016-11,1642.4307645251106
Mali,2017-01,1626.6905139794098
Mali,2017-06,1624.7549194208254
Mali,2017-09,1611.88682729475
Mali,2017-10,1611.8007786239668
Mali,2017-11,1613.752087481582
Mali,2018-03,1613.342932972325
Mali,2018-09,1615.3075188617545
Mali,2018-10,1616.6115429196143
Mali,2018-11,1613.3808385208156
Mali,2019-03,1626.4044858311115
Mali,2019-06,1635.766008718807
Mali,2019-07,1648.2695531041106
Mali,2019-09,1634.67496717457
Mali,2019-10,1635.358341402425
Mali,2019-11,1627.8170363494396
Mali,2020-10,1635.5200423758067
Mali,2020-11,1647.846463701886
Mali,2021-03,1641.3818191321031
Mali,2021-06,1642.857679622247
Mali,2021-09,1646.3503874079745
Mali,2021-10,1660.738816026562
Mali,2021-11,1680.7242407438157
Mali,2022-01,1704.6770021143063
Mali,2022-03,1682.0933606030108
Mali,2022-06,1690.372750732552
Mali,2022-09,1693.412853351713
Mali,2022-11,1695.282242547355
Mali,2023-03,1702.248140672178
Mali,2023-06,1686.914686101614
Mali,2023-09,1694.8189551172773
Mali,2023-10,1699.1935638124944
Mali,2023-11,1707.6003231565105
Mali,2024-01,1711.7550383698176
Mali,2024-02,1724.6526520180785
Mali,2024-03,1708.6182784795403
Mali,2024-06,1693.8608437560056
Mali,2024-09,1680.0061253453805
Mali,2024-10,1685.283498974355
Mali,2024-11,1687.339813827114
Mali,2025-03,1699.1057785430844
Mali,2025-06,1690.5283945296148
Mali,2025-09,1694.4471366037756
Mali,2025-10,1686.533585236539
Mali,2025-11,1693.4494411690227
Mali,2025-12,1701.178262122281
Mali,2026-01,1691.4330927182953
Mali,2026-03,1682.0972732172318
Mali,2026-06,1683.7186622698628
Malta,2016-03,1214.7296864289206
Malta,2016-05,1214.8448712617928
Malta,2016-08,1214.5260248317927
Malta,2016-09,1217.3493847189868
Malta,2016-10,1212.6595118423004
Malta,2016-11,1204.3195974325065
Malta,2017-03,1203.2170757093588
Malta,2017-06,1207.8033059725246
Malta,2017-09,1204.1047288177824
Malta,2017-10,1207.3902452508698
Malta,2017-11,1205.61452844089
Malta,2018-03,1197.9688726724362
Malta,2018-05,1196.3749923513035
Malta,2018-06,1198.9301600213769
Malta,2018-09,1184.209327688802
Malta,2018-10,1185.2551448220363
Malta,2018-11,1182.7970053332945
Malta,2019-03,1193.7011239314345
Malta,2019-06,1192.45310353833
Malta,2019-09,1187.9006565466154
Malta,2019-10,1185.4663012472458
Malta,2019-11,1177.2891433194882
Malta,2020-09,1166.1235829736213
Malta,2020-10,1176.3190960159643
Malta,2020-11,1214.7860903223357
Malta,2021-03,1222.2968225669183
Malta,2021-05,1221.358427000236
Malta,2021-06,1219.5242929722938
Malta,2021-09,1242.7006462509482
Malta,2021-10,1234.1378694940968
Malta,2021-11,1236.953777069778
Malta,2022-03,1235.006961636563
Malta,2022-06,1240.6832471069831
Malta,2022-09,1237.7635249105865
Malta,2022-11,1247.7892774275513
Malta,2023-03,1244.254643120258
Malta,2023-06,1248.7155084724716
Malta,2023-09,1250.385888823537
Malta,2023-10,1242.770159489898
Malta,2023-11,1240.722372287291
Malta,2024-03,1243.5203916134035
Malta,2024-06,1244.107351943714
Malta,2024-09,1230.6754401129072
Malta,2024-10,1243.5902425479385
Malta,2024-11,1261.1198722551762
Malta,2025-03,1248.7908500300812
Malta,2025-06,1246.6628891637854
Malta,2025-09,1249.9739013772858
Malta,2025-10,1250.1245168748665
Malta,2025-11,1268.824623175975
Malta,2026-06,1265.9504357437152
Mapuche,2022-06,1492.0
Marshall Islands,2025-08,1472.3167375972891
Martinique,2016-02,1570.027711694837
Martinique,2016-03,1572.529191231854
Martinique,2016-04,1579.3398476636662
Martinique,2016-06,1574.604782298551
Martinique,2016-10,1585.526933272186
Martinique,2017-03,1587.1441619813102
Martinique,2017-04,1586.154742726728
Martinique,2017-06,1578.0107952185606
Martinique,2017-07,1572.7323474851207
Martinique,2018-03,1557.223833677885
Martinique,2018-06,1556.6445832482234
Martinique,2018-10,1565.6443627130311
Martinique,2018-11,1567.138791751924
Martinique,2019-03,1572.3360147550725
Martinique,2019-06,1576.117858060786
Martinique,2019-09,1568.947307013681
Martinique,2019-10,1569.7614241531255
Martinique,2019-11,1565.086446368191
Martinique,2021-07,1543.6843159393725
Martinique,2022-06,1521.2869930204647
Martinique,2023-03,1523.8599480001426
Martinique,2023-06,1550.2032482131287
Martinique,2023-07,1541.8084153315574
Martinique,2023-09,1525.6648161261255
Martinique,2023-10,1538.351822542618
Martinique,2024-03,1540.148519029445
Martinique,2024-09,1531.7723529072407
Martinique,2024-10,1538.100004563922
Martinique,2025-03,1532.0341367005851
Martinique,2025-11,1506.2551072905671
Martinique,2026-03,1505.2056024025428
Matabeleland,2018-05,1500.0
Matabeleland,2018-06,1485.1971686638278
Matabeleland,2022-05,1500.889222574116
Maule Sur,2022-06,1508.0
Mauritania,2016-03,1363.9420345345711
Mauritania,2016-05,1367.1791084508466
Mauritania,2016-06,1376.2650445012084
Mauritania,2016-09,1372.3505736586158
Mauritania,2016-10,1379.9870216161578
Mauritania,2016-11,1376.5982067203065
Mauritania,2017-01,1378.5426418235213
Mauritania,2017-03,1381.5053848828318
Mauritania,2017-05,1386.532543229595
Mauritania,2017-06,1381.062561853907
Mauritania,2017-08,1394.3665587608286
Mauritania,2017-09,1395.5984217725684
Mauritania,2017-10,1389.5883912673603
Mauritania,2018-03,1384.0923147386789
Mauritania,2018-09,1392.245101393015
Mauritania,2018-10,1401.8279927509432
Mauritania,2018-11,1411.3626168048504
Mauritania,2019-03,1416.8070681422566
Mauritania,2019-06,1403.3473339321947
Mauritania,2019-07,1407.0735743302926
Mauritania,2019-09,1418.5625494251133
Mauritania,2019-10,1417.449809908732
Mauritania,2019-11,1426.2757050470773
Mauritania,2020-10,1438.8177022420978
Mauritania,2020-11,1439.2014292836227
Mauritania,2021-03,1431.631205258821
Mauritania,2021-06,1445.611340471214
Mauritania,2021-09,1445.1649294188612
Mauritania,2021-10,1430.5015282971642
Mauritania,2021-11,1424.938024658472
Mauritania,2021-12,1427.9471386767473
Mauritania,2022-01,1403.841586909046
Mauritania,2022-03,1399.601819590055
Mauritania,2022-06,1420.7464642308255
Mauritania,2022-09,1431.3049382646218
Mauritania,2023-03,1428.4882024176975
Mauritania,2023-06,1431.1038818500338
Mauritania,2023-09,1448.0523677649749
Mauritania,2023-10,1462.5376723402376
Mauritania,2023-11,1452.164844113691
Mauritania,2024-01,1458.3372777034483
Mauritania,2024-03,1446.1625156255852
Mauritania,2024-06,1426.9091349257878
Mauritania,2024-09,1432.213480886178
Mauritania,2024-10,1423.4427284621852
Mauritania,2024-11,1422.3499005947374
Mauritania,2025-03,1438.6520774316314
Mauritania,2025-06,1422.6195114181446
Mauritania,2025-09,1439.39894631591
Mauritania,2025-10,1433.9652464301157
Mauritania,2025-11,1431.9491156095512
Mauritania,2026-03,1418.6660069250731
Mauritania,2026-06,1420.105441980988
Mauritius,2016-03,1302.790916442665
Mauritius,2016-06,1272.8208262277628
Mauritius,2016-09,1290.4410174329098
Mauritius,2017-03,1272.3547205318491
Mauritius,2017-06,1269.2366824452777
Mauritius,2017-08,1270.896021050565
Mauritius,2017-10,1272.7933013078375
Mauritius,2017-11,1270.2523497273237
Mauritius,2018-03,1269.646995498249
Mauritius,2018-05,1287.3804921932804
Mauritius,2018-06,1282.364537834801
Mauritius,2018-09,1273.4602712900005
Mauritius,2019-03,1281.937959016106
Mauritius,2019-05,1282.293062156737
Mauritius,2019-07,1284.9956937991683
Mauritius,2019-09,1280.6142112457285
Mauritius,2019-10,1256.191483852343
Mauritius,2022-01,1249.5431323473535
Mauritius,2022-02,1245.8992188819154
Mauritius,2022-03,1257.1929832871945
Mauritius,2022-07,1239.798384975139
Mauritius,2023-06,1223.6746878784263
Mauritius,2023-07,1240.2604967623945
Mauritius,2023-08,1246.728996128258
Mauritius,2023-09,1244.7232215740264
Mauritius,2023-11,1258.3263216419132
Mauritius,2024-03,1255.342968818329
Mauritius,2024-06,1242.4126502475694
Mauritius,2024-09,1259.9563075553133
Mauritius,2024-11,1256.2490616249668
Mauritius,2025-03,1251.5247464670251
Mauritius,2025-09,1248.3724401089885
Mauritius,2025-10,1240.9670617108125
Mayotte,2019-07,1462.6875163449106
Mayotte,2023-08,1464.4075377720544
Menorca,2017-06,1573.8921994085806
Menorca,2023-07,1561.101059790399
Mexico,2016-03,1888.1846760124413
Mexico,2016-05,1892.1378105799697
Mexico,2016-06,1915.0619598592732
Mexico,2016-09,1883.5159257658008
Mexico,2016-10,1877.038634576337
Mexico,2016-11,1890.8669491884511
Mexico,2017-02,1887.1694987919
Mexico,2017-03,1900.955761780521
Mexico,2017-05,1905.9052956756116
Mexico,2017-06,1920.458644839271
Mexico,2017-07,1892.052580562818
Mexico,2017-09,1872.2795082464704
Mexico,2017-10,1876.93749417344
Mexico,2017-11,1860.459533072675
Mexico,2018-01,1864.4634256958664
Mexico,2018-03,1871.1188479107288
Mexico,2018-05,1866.5385288332548
Mexico,2018-06,1902.4916317588552
Mexico,2018-07,1855.650940584287
Mexico,2018-09,1834.7412156276243
Mexico,2018-10,1833.5400680718697
Mexico,2018-11,1825.344737373104
Mexico,2019-03,1828.404054983706
Mexico,2019-06,1862.681920744768
Mexico,2019-07,1864.667198817485
Mexico,2019-09,1887.290716697483
Mexico,2019-10,1885.4697912822949
Mexico,2019-11,1895.7633072222816
Mexico,2020-10,1902.1754879497323
Mexico,2020-11,1903.847588671288
Mexico,2021-03,1903.3302445767465
Mexico,2021-05,1905.3566990844397
Mexico,2021-06,1891.5939656780995
Mexico,2021-07,1911.558239852844
Mexico,2021-08,1920.8060354456131
Mexico,2021-09,1917.2609864485669
Mexico,2021-10,1918.662674457791
Mexico,2021-11,1896.256393805724
Mexico,2021-12,1883.013130636375
Mexico,2022-01,1888.6421159258496
Mexico,2022-02,1881.5290727638696
Mexico,2022-03,1887.9162111527407
Mexico,2022-04,1892.2186729289192
Mexico,2022-05,1889.4704331694245
Mexico,2022-06,1885.3907584862632
Mexico,2022-08,1881.357096503864
Mexico,2022-09,1878.964757806815
Mexico,2022-11,1849.6923410052768
Mexico,2023-03,1866.2832163782064
Mexico,2023-04,1860.619307610644
Mexico,2023-06,1863.0272861676192
Mexico,2023-07,1879.09207328998
Mexico,2023-09,1887.7386459894176
Mexico,2023-10,1888.4681395095763
Mexico,2023-11,1869.5999970867483
Mexico,2023-12,1872.6569803901136
Mexico,2024-03,1879.6845955633264
Mexico,2024-05,1868.7007198257
Mexico,2024-06,1848.223292379119
Mexico,2024-09,1852.223310224766
Mexico,2024-10,1851.4632523906616
Mexico,2024-11,1838.088430296255
Mexico,2025-03,1853.63572953162
Mexico,2025-06,1860.605852302652
Mexico,2025-07,1879.6131304791184
Mexico,2025-09,1894.8647727021155
Mexico,2025-10,1888.1306108624844
Mexico,2025-11,1886.9311494899173
Mexico,2026-01,1885.602308457093
Mexico,2026-02,1887.720972390668
Mexico,2026-03,1889.121781289584
Mexico,2026-05,1890.3460082634747
Mexico,2026-06,1931.5044523697468
Mexico,2026-07,1952.1157978882284
Moldova,2016-03,1362.185557882281
Moldova,2016-05,1363.4526476397102
Moldova,2016-06,1363.024600023088
Moldova,2016-09,1362.4792784127962
Moldova,2016-10,1349.60334035387
Moldova,2016-11,1344.7821078985878
Moldova,2017-01,1350.990512583799
Moldova,2017-03,1351.88167698784
Moldova,2017-06,1353.938317965438
Moldova,2017-09,1351.8845957253354
Moldova,2017-10,1343.2649173043148
Moldova,2018-01,1337.9153218607776
Moldova,2018-02,1338.579538632781
Moldova,2018-03,1337.3450884339925
Moldova,2018-06,1336.4904370198578
Moldova,2018-09,1308.548582492517
Moldova,2018-10,1317.6700831176554
Moldova,2018-11,1330.972789046701
Moldova,2019-02,1325.866194070181
Moldova,2019-03,1321.0602074760466
Moldova,2019-06,1321.8984138728997
Moldova,2019-09,1312.292759746326
Moldova,2019-10,1292.3279307806354
Moldova,2019-11,1280.765077739261
Moldova,2020-01,1277.550557548058
Moldova,2020-09,1286.311539703465
Moldova,2020-10,1279.2466307234815
Moldova,2020-11,1265.8699159914268
Moldova,2021-03,1258.1751611641998
Moldova,2021-06,1249.4588142555858
Moldova,2021-09,1249.219667793856
Moldova,2021-10,1238.1515040096012
Moldova,2021-11,1232.158196464971
Moldova,2022-01,1229.2909825649854
Moldova,2022-03,1217.0496138556052
Moldova,2022-06,1236.2263375329903
Moldova,2022-09,1265.177708078251
Moldova,2022-11,1269.7249746525408
Moldova,2023-03,1265.9594934631202
Moldova,2023-06,1270.769627012756
Moldova,2023-09,1294.753001281279
Moldova,2023-10,1306.5894198183917
Moldova,2023-11,1322.569954045896
Moldova,2024-03,1320.2540117851793
Moldova,2024-06,1325.970175047328
Moldova,2024-09,1337.261604044302
Moldova,2024-10,1344.8328700768257
Moldova,2024-11,1337.9023528690257
Moldova,2025-03,1330.8840310699684
Moldova,2025-06,1317.7575515606936
Moldova,2025-09,1307.31162460149
Moldova,2025-10,1304.1357602749044
Moldova,2025-11,1307.030531471679
Moldova,2026-03,1290.8304902060024
Moldova,2026-06,1289.4494626450748
Monaco,2017-04,1441.41951711904
Mongolia,2016-06,1239.901548751502
Mongolia,2016-07,1220.7315390610347
Mongolia,2016-11,1234.882000434027
Mongolia,2017-10,1216.2479062063023
Mongolia,2017-12,1207.1612884479528
Mongolia,2018-03,1207.5319476415682
Mongolia,2018-09,1222.3411862890523
Mongolia,2018-10,1216.8431960513742
Mongolia,2018-11,1213.5669670395132
Mongolia,2019-06,1212.6735176070722
Mongolia,2019-09,1210.1447988937311
Mongolia,2019-10,1202.603437683884
Mongolia,2019-11,1196.259230757501
Mongolia,2021-03,1183.51681431238
Mongolia,2021-06,1182.121587458949
Mongolia,2022-03,1196.886653726461
Mongolia,2022-06,1186.222439010873
Mongolia,2023-03,1203.8059283950752
Mongolia,2023-10,1194.2715128287598
Mongolia,2024-03,1181.9868147612333
Mongolia,2024-06,1171.4026228555572
Mongolia,2024-09,1148.073262874157
Mongolia,2024-12,1148.3653089161694
Mongolia,2026-05,1130.2896909990936
Mongolia,2026-06,1127.670187179074
Montenegro,2016-03,1530.755604126187
Montenegro,2016-05,1530.099201087514
Montenegro,2016-09,1528.7843965802765
Montenegro,2016-10,1546.6003438976684
Montenegro,2016-11,1565.7258419200027
Montenegro,2017-03,1552.5413688343087
Montenegro,2017-06,1544.1820139509912
Montenegro,2017-09,1571.9314585286638
Montenegro,2017-10,1576.2746551640648
Montenegro,2018-03,1569.3083562615589
Montenegro,2018-05,1570.1370030181006
Montenegro,2018-06,1572.180677689351
Montenegro,2018-09,1572.194588815644
Montenegro,2018-10,1563.6803982733018
Montenegro,2018-11,1573.9388454786654
Montenegro,2019-03,1565.5231441510705
Montenegro,2019-06,1555.4763635167037
Montenegro,2019-09,1550.691698769762
Montenegro,2019-10,1534.672577811475
Montenegro,2019-11,1518.18419348002
Montenegro,2020-09,1541.1794722626232
Montenegro,2020-10,1554.316474424258
Montenegro,2020-11,1521.9843759152895
Montenegro,2021-03,1545.277241468881
Montenegro,2021-06,1537.21398037037
Montenegro,2021-09,1534.5152889397807
Montenegro,2021-10,1535.5718287232455
Montenegro,2021-11,1536.5492618776984
Montenegro,2022-03,1524.1477139292365
Montenegro,2022-06,1543.9919010041094
Montenegro,2022-09,1570.0536376985965
Montenegro,2022-11,1549.498456582717
Montenegro,2023-03,1559.4684121759144
Montenegro,2023-06,1555.4565627811817
Montenegro,2023-09,1545.3118776151696
Montenegro,2023-10,1555.7642615637074
Montenegro,2023-11,1555.7831677795923
Montenegro,2024-03,1554.8132430389965
Montenegro,2024-06,1557.966250982258
Montenegro,2024-09,1534.639567720582
Montenegro,2024-10,1520.32362517068
Montenegro,2024-11,1492.1050602220162
Montenegro,2025-03,1527.591003540696
Montenegro,2025-06,1524.5189290688409
Montenegro,2025-09,1511.3220937631977
Montenegro,2025-10,1476.6492946200808
Montenegro,2025-11,1481.2041205580924
Montenegro,2026-03,1479.3611682903088
Montenegro,2026-06,1481.6299441851793
Montserrat,2018-09,1210.757438126269
Montserrat,2018-10,1208.127853109488
Montserrat,2018-11,1218.5299444005343
Montserrat,2019-03,1232.9480739246828
Montserrat,2019-09,1253.6958828683291
Montserrat,2019-10,1249.67796975765
Montserrat,2019-11,1253.1230571608432
Montserrat,2021-03,1268.781206625676
Montserrat,2021-06,1291.0773966872473
Montserrat,2021-07,1307.455598728724
Montserrat,2022-06,1292.8255487758834
Montserrat,2023-03,1299.123086035372
Montserrat,2023-09,1311.6411430502055
Montserrat,2023-10,1294.8657811841888
Montserrat,2023-11,1298.4994526310704
Montserrat,2024-06,1297.9811192408624
Montserrat,2024-09,1290.407190992095
Montserrat,2024-10,1288.0410830876474
Montserrat,2024-11,1273.773288723787
Montserrat,2025-06,1285.8273040761571
Morocco,2016-03,1623.6362571680795
Morocco,2016-05,1634.13896489373
Morocco,2016-06,1637.9776312068686
Morocco,2016-08,1636.2976065397838
Morocco,2016-09,1636.25387096982
Morocco,2016-10,1638.8678702169657
Morocco,2016-11,1647.0544118481534
Morocco,2017-01,1666.72245315259
Morocco,2017-03,1660.5491180176723
Morocco,2017-05,1663.7449011348249
Morocco,2017-06,1661.3640882824618
Morocco,2017-09,1674.39542039898
Morocco,2017-10,1685.1277420079496
Morocco,2017-11,1692.7434705237447
Morocco,2018-03,1719.871441010995
Morocco,2018-05,1724.509451527532
Morocco,2018-06,1708.4402438910402
Morocco,2018-09,1722.1520673151488
Morocco,2018-10,1727.1500253740137
Morocco,2018-11,1730.5555556972226
Morocco,2019-03,1728.776516779844
Morocco,2019-06,1719.062736444329
Morocco,2019-07,1747.8677833640515
Morocco,2019-09,1736.6426384614442
Morocco,2019-10,1734.9737313896728
Morocco,2019-11,1720.4675224249345
Morocco,2020-10,1733.251613071633
Morocco,2020-11,1734.8370989672053
Morocco,2021-03,1732.8595106318428
Morocco,2021-06,1737.8477583533358
Morocco,2021-09,1740.0818085919727
Morocco,2021-10,1754.8031377687769
Morocco,2021-11,1766.3459764073973
Morocco,2021-12,1794.326768137661
Morocco,2022-01,1803.1111876732996
Morocco,2022-03,1778.9908316890123
Morocco,2022-06,1787.988189716359
Morocco,2022-09,1795.5438028081687
Morocco,2022-11,1802.5171425844333
Morocco,2022-12,1876.92266747388
Morocco,2023-03,1863.3056072670825
Morocco,2023-06,1859.7419070951205
Morocco,2023-09,1845.5144190838405
Morocco,2023-10,1846.8582574161248
Morocco,2023-11,1848.6888317972707
Morocco,2024-01,1854.7664901721391
Morocco,2024-03,1815.7600735466488
Morocco,2024-06,1815.8428839319429
Morocco,2024-09,1823.8655708896672
Morocco,2024-10,1827.4132511059572
Morocco,2024-11,1838.471359868103
Morocco,2025-03,1841.6869191346395
Morocco,2025-06,1847.2812620797204
Morocco,2025-09,1850.6135853900284
Morocco,2025-10,1859.4766890458984
Morocco,2025-11,1861.1430654003868
Morocco,2025-12,1870.189231833546
Morocco,2026-01,1881.0928305089312
Morocco,2026-03,1905.2392481314516
Morocco,2026-05,1908.0211688495976
Morocco,2026-06,1934.5855303997528
Morocco,2026-07,1936.5971696084632
Mozambique,2016-03,1466.5252424963635
Mozambique,2016-06,1478.5231054700505
Mozambique,2016-09,1465.3653992980696
Mozambique,2016-10,1469.3819965607
Mozambique,2016-11,1461.9055773538585
Mozambique,2017-03,1467.625190550452
Mozambique,2017-06,1473.686053224096
Mozambique,2017-09,1457.619899944897
Mozambique,2018-05,1455.941537779791
Mozambique,2018-09,1458.9751048752053
Mozambique,2018-10,1443.0802786425434
Mozambique,2018-11,1435.4384403804272
Mozambique,2019-03,1447.6234986745965
Mozambique,2019-05,1435.338329838406
Mozambique,2019-09,1444.735663200017
Mozambique,2019-10,1452.3315378699483
Mozambique,2019-11,1469.2904683536829
Mozambique,2020-10,1472.595191180072
Mozambique,2020-11,1459.4308402971888
Mozambique,2021-03,1442.1315303385472
Mozambique,2021-06,1438.1044292627412
Mozambique,2021-07,1451.289901633966
Mozambique,2021-09,1455.084594611022
Mozambique,2021-10,1436.942226126703
Mozambique,2021-11,1425.9574664147722
Mozambique,2022-03,1437.6119783513006
Mozambique,2022-05,1433.8793375481323
Mozambique,2022-06,1427.8707060471525
Mozambique,2022-07,1440.324297859328
Mozambique,2022-11,1446.4260680331492
Mozambique,2023-03,1441.9074923038438
Mozambique,2023-06,1437.952904987829
Mozambique,2023-07,1445.384765464692
Mozambique,2023-09,1449.143327775516
Mozambique,2023-10,1459.366868460488
Mozambique,2023-11,1471.2738283001556
Mozambique,2024-01,1458.1205673961194
Mozambique,2024-06,1467.9422153207934
Mozambique,2024-09,1490.4436659921514
Mozambique,2024-10,1491.55997721314
Mozambique,2024-11,1494.6862304178476
Mozambique,2025-03,1524.597535237503
Mozambique,2025-06,1517.594643529006
Mozambique,2025-09,1496.9297773761168
Mozambique,2025-10,1496.67334560287
Mozambique,2025-11,1498.230815918778
Mozambique,2025-12,1509.2277642241197
Mozambique,2026-01,1500.0031592451342
Mozambique,2026-06,1488.2464057820312
Myanmar,2016-03,1335.4726617309718
Myanmar,2016-05,1341.9331425645428
Myanmar,2016-06,1336.753310249122
Myanmar,2016-11,1336.66447674057
Myanmar,2016-12,1335.635602017432
Myanmar,2017-03,1338.9115220343697
Myanmar,2017-06,1327.8752907259989
Myanmar,2017-08,1337.434214267879
Myanmar,2017-10,1336.581310919189
Myanmar,2017-11,1338.6093779887412
Myanmar,2018-03,1326.742551124353
Myanmar,2018-05,1329.302201676642
Myanmar,2018-10,1320.621040007779
Myanmar,2018-11,1331.5109926561058
Myanmar,2019-03,1317.6844734788478
Myanmar,2019-06,1311.8867149459566
Myanmar,2019-08,1316.8946409797932
Myanmar,2019-09,1301.21133748075
Myanmar,2019-10,1298.5552463282388
Myanmar,2019-11,1300.6410564198395
Myanmar,2021-05,1307.2141051571773
Myanmar,2021-06,1286.6723184635323
Myanmar,2021-11,1270.8765529566926
Myanmar,2021-12,1254.4498989870003
Myanmar,2022-05,1248.8916847609028
Myanmar,2022-06,1233.5738752879795
Myanmar,2022-09,1216.3354796360163
Myanmar,2022-12,1207.3622891773664
Myanmar,2023-01,1202.8715127000958
Myanmar,2023-03,1197.607447482288
Myanmar,2023-06,1201.5570651388114
Myanmar,2023-09,1204.5167876638352
Myanmar,2023-10,1217.3977005645584
Myanmar,2023-11,1212.8727654897932
Myanmar,2024-03,1211.409215446207
Myanmar,2024-06,1203.8625203523336
Myanmar,2024-10,1201.2871997010986
Myanmar,2024-11,1197.1776855360993
Myanmar,2024-12,1199.6597877692004
Myanmar,2025-03,1195.2943393807402
Myanmar,2025-06,1206.9551741795565
Myanmar,2025-09,1212.5509729607077
Myanmar,2025-10,1209.9448049440266
Myanmar,2026-06,1216.20036547103
Namibia,2016-03,1447.851035500733
Namibia,2016-06,1447.6091480789428
Namibia,2016-09,1457.694450912858
Namibia,2017-06,1453.39354896046
Namibia,2017-07,1447.5099844125623
Namibia,2017-11,1444.7552656156472
Namibia,2018-03,1451.5389990118945
Namibia,2018-06,1456.887926758519
Namibia,2018-09,1452.9870093272352
Namibia,2018-10,1461.5826918669952
Namibia,2018-11,1469.2245301291114
Namibia,2019-03,1465.43124619572
Namibia,2019-05,1454.779031080069
Namibia,2019-06,1453.466713861786
Namibia,2019-07,1443.6363636570834
Namibia,2019-09,1442.3467130081426
Namibia,2019-11,1451.6193580735276
Namibia,2020-10,1443.1578220378522
Namibia,2020-11,1441.9632007086238
Namibia,2021-03,1453.060904924963
Namibia,2021-07,1490.7109258600397
Namibia,2021-09,1482.1548629224485
Namibia,2021-10,1489.6739270737687
Namibia,2021-11,1485.8967611754142
Namibia,2022-06,1472.326989241538
Namibia,2022-07,1488.8477491377655
Namibia,2023-03,1489.4528236041272
Namibia,2023-06,1505.5135503788986
Namibia,2023-07,1486.2004374326584
Namibia,2023-09,1485.0094023332852
Namibia,2023-11,1515.9834809246663
Namibia,2024-01,1532.188928423238
Namibia,2024-06,1501.5354284342666
Namibia,2024-09,1504.618086556129
Namibia,2024-10,1482.870006102259
Namibia,2024-11,1472.6137804589607
Namibia,2025-03,1486.6779946811516
Namibia,2025-09,1475.1069615945469
Namibia,2025-10,1464.742511554619
Namibia,2025-11,1455.6129736376954
Namibia,2026-03,1438.323694425935
Nepal,2016-01,1199.580105060879
Nepal,2016-05,1207.960506252704
Nepal,2016-11,1210.2290036310335
Nepal,2017-03,1215.4382944191666
Nepal,2017-06,1206.0945054642746
Nepal,2017-09,1208.666416169729
Nepal,2017-10,1202.897098621586
Nepal,2017-11,1197.5708172795196
Nepal,2018-03,1201.5222619306971
Nepal,2018-09,1208.362526690849
Nepal,2019-03,1198.4995227055751
Nepal,2019-06,1194.927919432543
Nepal,2019-09,1191.151568310743
Nepal,2019-10,1212.9074442980395
Nepal,2019-11,1210.3209083298768
Nepal,2020-11,1201.6396531780788
Nepal,2021-03,1201.055569943895
Nepal,2021-05,1204.0375634039713
Nepal,2021-06,1217.0159370086103
Nepal,2021-09,1216.81054249705
Nepal,2021-10,1222.7592280127117
Nepal,2022-01,1215.5545097836618
Nepal,2022-02,1219.1984232491
Nepal,2022-03,1222.759264740199
Nepal,2022-06,1213.2971772906003
Nepal,2022-09,1201.199275116299
Nepal,2022-11,1205.3681831557658
Nepal,2023-03,1207.8601901183629
Nepal,2023-06,1201.716803286325
Nepal,2023-09,1208.5611871323986
Nepal,2023-10,1198.6193999020988
Nepal,2023-11,1205.3699733505691
Nepal,2024-03,1185.2908269131312
Nepal,2024-06,1179.6851921440416
Nepal,2024-11,1181.984530458361
Nepal,2025-03,1196.351561795103
Nepal,2025-06,1194.1711444744035
Nepal,2025-09,1181.9457874893294
Nepal,2025-10,1177.7844554228052
Nepal,2025-11,1176.3705421818454
Netherlands,2016-03,1925.9920651594132
Netherlands,2016-05,1930.480248617641
Netherlands,2016-06,1931.6528366341945
Netherlands,2016-09,1927.9169669907164
Netherlands,2016-10,1926.6750503390872
Netherlands,2016-11,1911.0089126216828
Netherlands,2017-03,1882.3067123442293
Netherlands,2017-05,1877.924196427916
Netherlands,2017-06,1884.40407200959
Netherlands,2017-08,1884.950644700349
Netherlands,2017-09,1869.1589109808235
Netherlands,2017-10,1879.587168505167
Netherlands,2017-11,1891.4774240121983
Netherlands,2018-03,1890.613529803061
Netherlands,2018-05,1898.70985346755
Netherlands,2018-06,1897.1643243840456
Netherlands,2018-09,1900.3118495785172
Netherlands,2018-10,1919.9586643701507
Netherlands,2018-11,1946.4414870939836
Netherlands,2019-03,1951.3930993686365
Netherlands,2019-06,1958.220957144436
Netherlands,2019-09,1966.1868654846612
Netherlands,2019-10,1971.7658377446808
Netherlands,2019-11,1965.972074891752
Netherlands,2020-09,1972.6348753846808
Netherlands,2020-10,1940.916999465169
Netherlands,2020-11,1947.8156864492803
Netherlands,2021-03,1932.6393172439296
Netherlands,2021-06,1951.248999242504
Netherlands,2021-09,1910.4226165727916
Netherlands,2021-10,1919.6311761042944
Netherlands,2021-11,1911.4456223234447
Netherlands,2022-03,1921.524016166568
Netherlands,2022-06,1957.303260160752
Netherlands,2022-09,1976.6642945166236
Netherlands,2022-11,1994.081997060286
Netherlands,2022-12,2024.656957021772
Netherlands,2023-03,2009.9091205286727
Netherlands,2023-06,1979.8669669415133
Netherlands,2023-09,1965.9437999576417
Netherlands,2023-10,1959.457585344374
Netherlands,2023-11,1966.660718234994
Netherlands,2024-03,1969.6163915785075
Netherlands,2024-06,1980.128066850013
Netherlands,2024-07,1973.1272623763928
Netherlands,2024-09,1958.1776605586788
Netherlands,2024-10,1949.57697341704
Netherlands,2024-11,1948.835886709441
Netherlands,2025-03,1942.0599536565733
Netherlands,2025-06,1954.9455723897545
Netherlands,2025-09,1946.7273781714173
Netherlands,2025-10,1948.683987019721
Netherlands,2025-11,1946.414029093374
Netherlands,2026-03,1949.2430800735935
Netherlands,2026-06,1969.6498488432665
New Caledonia,2016-05,1652.133021291925
New Caledonia,2016-06,1645.580958960794
New Caledonia,2016-10,1644.4916253674346
New Caledonia,2016-11,1635.9900651498572
New Caledonia,2017-06,1637.77817531479
New Caledonia,2017-11,1646.476448318184
New Caledonia,2017-12,1623.488801954954
New Caledonia,2018-03,1608.4477447210948
New Caledonia,2018-11,1608.7757435853914
New Caledonia,2019-03,1602.9629135024254
New Caledonia,2019-07,1626.0138248730043
New Caledonia,2022-03,1603.439751459228
New Caledonia,2022-09,1576.3793576170822
New Caledonia,2023-03,1574.4276490485306
New Caledonia,2023-10,1589.5515743259016
New Caledonia,2023-11,1590.287763189938
New Caledonia,2023-12,1597.1658740368064
New Caledonia,2024-10,1598.8607487902923
New Caledonia,2024-11,1620.6379474847186
New Caledonia,2025-03,1637.1945625433716
New Caledonia,2025-10,1626.4437347096784
New Caledonia,2026-03,1627.4400654972906
New Zealand,2016-05,1691.0101915133546
New Zealand,2016-06,1712.1031648530757
New Zealand,2016-10,1709.0409568528175
New Zealand,2016-11,1718.6524939557055
New Zealand,2017-03,1734.9167538531626
New Zealand,2017-06,1705.604446550827
New Zealand,2017-09,1702.1187874210789
New Zealand,2017-10,1698.355534714623
New Zealand,2017-11,1696.4640590348913
New Zealand,2018-03,1687.4285669973394
New Zealand,2018-06,1671.8298043805585
New Zealand,2019-11,1671.2145510812625
New Zealand,2021-10,1666.789146762522
New Zealand,2021-11,1671.199916118638
New Zealand,2022-01,1673.7338856787665
New Zealand,2022-03,1717.9834348086692
New Zealand,2022-06,1728.847883435197
New Zealand,2022-09,1715.658095814532
New Zealand,2023-03,1707.8764247748047
New Zealand,2023-06,1710.1082027461584
New Zealand,2023-10,1703.8557373343558
New Zealand,2023-11,1690.2014568685995
New Zealand,2024-03,1684.507490667612
New Zealand,2024-06,1714.7480352208531
New Zealand,2024-09,1718.5017172847877
New Zealand,2024-10,1731.4940139250832
New Zealand,2024-11,1741.578739330974
New Zealand,2025-03,1757.5532064442216
New Zealand,2025-06,1775.098799135515
New Zealand,2025-09,1761.7324982462449
New Zealand,2025-10,1746.512667507198
New Zealand,2025-11,1746.041184060373
New Zealand,2026-03,1722.705726165026
New Zealand,2026-06,1704.1314108640656
Nicaragua,2016-08,1350.4246423958757
Nicaragua,2016-12,1355.5059690450958
Nicaragua,2017-01,1362.8442299209396
Nicaragua,2017-03,1358.6537995878348
Nicaragua,2017-06,1353.4397294989578
Nicaragua,2017-07,1341.4872287697362
Nicaragua,2017-11,1332.2806573251348
Nicaragua,2018-03,1337.0378752101867
Nicaragua,2018-09,1337.5891847282296
Nicaragua,2018-10,1352.2335837220337
Nicaragua,2018-11,1358.94399378989
Nicaragua,2019-03,1364.9396271939918
Nicaragua,2019-06,1348.07653644818
Nicaragua,2019-09,1332.8176502733736
Nicaragua,2019-10,1332.6273599850938
Nicaragua,2019-11,1338.3896608139612
Nicaragua,2020-10,1333.535988692653
Nicaragua,2021-02,1336.812280127365
Nicaragua,2021-03,1335.725165452362
Nicaragua,2021-06,1376.6675279322294
Nicaragua,2021-09,1373.5847539090614
Nicaragua,2021-11,1374.432411833753
Nicaragua,2022-01,1380.0150012264862
Nicaragua,2022-02,1385.6370393679117
Nicaragua,2022-06,1404.763562013322
Nicaragua,2022-09,1408.9560078743905
Nicaragua,2022-11,1412.3634608356797
Nicaragua,2023-03,1416.829475987278
Nicaragua,2023-06,1419.2282494757892
Nicaragua,2023-09,1432.1622590739498
Nicaragua,2023-10,1448.567547206827
Nicaragua,2023-11,1465.2547988434849
Nicaragua,2024-03,1461.5827316407383
Nicaragua,2024-04,1456.4653938360357
Nicaragua,2024-06,1467.4647353809955
Nicaragua,2024-09,1495.3585332165271
Nicaragua,2024-10,1486.5954076679975
Nicaragua,2025-03,1487.6892010535523
Nicaragua,2025-06,1487.1403939803142
Nicaragua,2025-09,1488.8188471941717
Nicaragua,2025-10,1464.7519036412075
Nicaragua,2025-11,1485.2587995354647
Nicaragua,2026-03,1474.7887477912457
Nicaragua,2026-05,1473.4146729270649
Nicaragua,2026-06,1475.8403496174922
Niger,2016-03,1400.3969196133478
Niger,2016-06,1396.0633184020633
Niger,2016-09,1388.793199465113
Niger,2017-06,1402.2707131362183
Niger,2017-08,1399.838998699902
Niger,2017-09,1395.0175954898148
Niger,2018-05,1401.0276259950226
Niger,2018-06,1400.334175779844
Niger,2018-09,1405.7486299611085
Niger,2018-10,1398.4333637120774
Niger,2018-11,1394.4109904835511
Niger,2019-03,1404.8736277385117
Niger,2019-09,1407.1712416871935
Niger,2019-10,1407.5981148772955
Niger,2019-11,1398.7616629089066
Niger,2020-10,1385.6709465818178
Niger,2020-11,1398.4778953796365
Niger,2021-03,1380.127210737201
Niger,2021-06,1376.6704543167605
Niger,2021-08,1379.6232230388512
Niger,2021-09,1367.6898362435138
Niger,2021-10,1372.1020704682007
Niger,2021-11,1374.9858293930492
Niger,2022-03,1382.1315501164331
Niger,2022-06,1381.0541103831192
Niger,2022-09,1385.7985545405832
Niger,2022-11,1383.230191258133
Niger,2023-03,1378.7160544174656
Niger,2023-06,1376.7269499378313
Niger,2023-09,1370.2099265869062
Niger,2023-10,1364.3697767054318
Niger,2023-11,1356.5016683591678
Niger,2024-01,1375.7189547525631
Niger,2024-03,1375.2577552916205
Niger,2024-09,1364.9264831878322
Niger,2024-10,1366.585747045211
Niger,2024-11,1387.8748365171768
Niger,2025-03,1403.2256020757657
Niger,2025-06,1415.3057507184678
Niger,2025-09,1413.4387601020592
Niger,2025-10,1446.0390462049534
Niger,2025-11,1461.7568377256034
Niger,2026-03,1464.1567315146265
Niger,2026-06,1456.6511126123305
Nigeria,2016-03,1708.8540931507944
Nigeria,2016-05,1704.855228040159
Nigeria,2016-09,1705.5853472883744
Nigeria,2016-10,1708.1227365497862
Nigeria,2016-11,1718.3202067194975
Nigeria,2017-03,1732.3650213843998
Nigeria,2017-05,1732.559014999756
Nigeria,2017-06,1733.5777603490958
Nigeria,2017-09,1731.8027038110065
Nigeria,2017-10,1733.2259504576425
Nigeria,2017-11,1715.711907082365
Nigeria,2018-03,1730.9152991542655
Nigeria,2018-05,1724.4264892667136
Nigeria,2018-06,1728.887175939772
Nigeria,2018-09,1720.603257347335
Nigeria,2018-10,1730.6925888342596
Nigeria,2018-11,1734.9250542524078
Nigeria,2019-03,1733.7908540146286
Nigeria,2019-06,1745.878038613498
Nigeria,2019-07,1714.663760993563
Nigeria,2019-09,1730.255449390226
Nigeria,2019-10,1731.3505709480585
Nigeria,2019-11,1737.9031526461429
Nigeria,2020-10,1739.031720767182
Nigeria,2020-11,1730.587097714193
Nigeria,2021-03,1731.9137147085326
Nigeria,2021-06,1729.9600463510828
Nigeria,2021-07,1729.2691148078038
Nigeria,2021-09,1729.0522448028903
Nigeria,2021-10,1714.834709293051
Nigeria,2021-11,1725.5145871273896
Nigeria,2022-01,1751.3276440383804
Nigeria,2022-03,1730.2374181434018
Nigeria,2022-05,1725.6556997795626
Nigeria,2022-06,1722.9756185306803
Nigeria,2022-09,1726.3932798867993
Nigeria,2022-11,1719.6152651505286
Nigeria,2023-03,1700.019732098568
Nigeria,2023-06,1705.5331797708527
Nigeria,2023-09,1709.4382874991834
Nigeria,2023-10,1711.022196514641
Nigeria,2023-11,1702.310680253788
Nigeria,2024-01,1707.903679291899
Nigeria,2024-02,1738.7487354992531
Nigeria,2024-03,1723.3281567689291
Nigeria,2024-06,1721.9618091106809
Nigeria,2024-09,1709.7759629759191
Nigeria,2024-10,1704.5176285217997
Nigeria,2024-11,1702.9592365503372
Nigeria,2025-03,1695.3542297617369
Nigeria,2025-05,1693.3283283059948
Nigeria,2025-06,1692.385815129917
Nigeria,2025-09,1697.068687086902
Nigeria,2025-10,1701.5801946396666
Nigeria,2025-11,1725.427798103093
Nigeria,2025-12,1746.8646512643622
Nigeria,2026-01,1805.9654510029336
Nigeria,2026-03,1807.674641324541
Nigeria,2026-05,1809.7348667537487
Nigeria,2026-06,1817.3477759007917
North Korea,2016-03,1629.2469095472184
North Korea,2016-08,1611.6893176515136
North Korea,2016-10,1609.0425219759095
North Korea,2016-11,1616.5198785931575
North Korea,2017-06,1621.8372628761008
North Korea,2017-07,1602.23579661091
North Korea,2017-09,1603.514027799407
North Korea,2017-10,1598.87575543004
North Korea,2017-11,1583.3021485625325
North Korea,2017-12,1582.7364611218657
North Korea,2018-03,1584.546372956839
North Korea,2018-10,1590.0983693028531
North Korea,2018-11,1585.6800416106637
North Korea,2018-12,1588.72593997763
North Korea,2019-01,1530.4332852830862
North Korea,2019-06,1500.1143461340916
North Korea,2019-07,1508.5661616093555
North Korea,2019-09,1530.2548616492247
North Korea,2019-10,1532.7176682194604
North Korea,2019-11,1518.6089036714338
North Korea,2023-11,1510.107774347361
North Korea,2024-03,1520.0931276628137
North Korea,2024-06,1532.067342050626
North Korea,2024-07,1537.582968432633
North Korea,2024-08,1539.9522548523173
North Korea,2024-09,1534.237681336391
North Korea,2024-10,1545.339307809131
North Korea,2024-11,1528.6563775860775
North Korea,2025-03,1515.5454031409988
North Korea,2025-06,1506.3910931301382
North Macedonia,2016-03,1435.332850056999
North Macedonia,2016-05,1431.0299201796188
North Macedonia,2016-06,1436.3939291911938
North Macedonia,2016-09,1434.5269633935316
North Macedonia,2016-10,1419.1817645757164
North Macedonia,2016-11,1417.2534927191482
North Macedonia,2017-03,1428.035124625036
North Macedonia,2017-06,1438.191832779189
North Macedonia,2017-09,1454.7155238233934
North Macedonia,2017-10,1467.187685857938
North Macedonia,2017-11,1472.3943857684717
North Macedonia,2018-03,1480.604190807473
North Macedonia,2018-09,1497.404834786697
North Macedonia,2018-10,1517.1876594060493
North Macedonia,2018-11,1497.133324474803
North Macedonia,2019-03,1514.6988092226095
North Macedonia,2019-06,1512.3587662690773
North Macedonia,2019-09,1502.3990808152887
North Macedonia,2019-10,1524.736152859826
North Macedonia,2019-11,1515.4665856898362
North Macedonia,2020-09,1534.9551724055068
North Macedonia,2020-10,1543.893313708344
North Macedonia,2020-11,1561.3345544840224
North Macedonia,2021-03,1542.283930082735
North Macedonia,2021-06,1542.7690471760395
North Macedonia,2021-09,1540.981841890734
North Macedonia,2021-10,1549.481966725383
North Macedonia,2021-11,1570.9291576913015
North Macedonia,2022-03,1608.3854061969596
North Macedonia,2022-06,1578.527544051767
North Macedonia,2022-09,1566.209022223907
North Macedonia,2022-10,1547.359028268682
North Macedonia,2022-11,1545.877058763533
North Macedonia,2023-03,1539.0225099914453
North Macedonia,2023-06,1533.8807426145104
North Macedonia,2023-09,1539.6760225183232
North Macedonia,2023-10,1539.7201729717308
North Macedonia,2023-11,1540.9170322829789
North Macedonia,2024-03,1547.3663392635783
North Macedonia,2024-06,1542.4167789247383
North Macedonia,2024-09,1533.318698444763
North Macedonia,2024-10,1562.827887914872
North Macedonia,2024-11,1585.6050571538403
North Macedonia,2025-03,1590.8770865458214
North Macedonia,2025-06,1599.5688680413623
North Macedonia,2025-09,1604.434350937758
North Macedonia,2025-10,1614.1617370292463
North Macedonia,2025-11,1603.1575990213548
North Macedonia,2026-03,1583.0107869751514
North Macedonia,2026-05,1584.635229898298
North Macedonia,2026-06,1585.4800366483155
Northern Cyprus,2016-05,1602.662360607752
Northern Cyprus,2016-06,1596.1667343436209
Northern Cyprus,2017-06,1640.2857395536782
Northern Cyprus,2018-05,1642.549682275279
Northern Cyprus,2018-06,1666.2673690491936
Northern Ireland,2016-03,1528.2344241266358
Northern Ireland,2016-05,1532.331451377504
Northern Ireland,2016-06,1569.5303656997337
Northern Ireland,2016-09,1556.4006957642075
Northern Ireland,2016-10,1564.324421161805
Northern Ireland,2016-11,1573.0858873647078
Northern Ireland,2017-03,1569.677948288038
Northern Ireland,2017-06,1590.6351472399544
Northern Ireland,2017-09,1600.9093605082608
Northern Ireland,2017-10,1616.542483865821
Northern Ireland,2017-11,1598.3855583664583
Northern Ireland,2018-03,1606.4606757888723
Northern Ireland,2018-05,1611.8296370559976
Northern Ireland,2018-06,1613.725570844054
Northern Ireland,2018-09,1598.3765327401936
Northern Ireland,2018-10,1593.993275498508
Northern Ireland,2018-11,1585.7144039570217
Northern Ireland,2019-03,1582.7104240284225
Northern Ireland,2019-06,1599.286398652754
Northern Ireland,2019-09,1609.9449752498315
Northern Ireland,2019-10,1601.60468549847
Northern Ireland,2019-11,1615.2131998838004
Northern Ireland,2020-09,1616.352845726743
Northern Ireland,2020-10,1580.2068816213236
Northern Ireland,2020-11,1555.6477950762735
Northern Ireland,2021-03,1553.185442421972
Northern Ireland,2021-05,1550.0432107688314
Northern Ireland,2021-06,1551.8773447967735
Northern Ireland,2021-09,1565.889385155081
Northern Ireland,2021-10,1569.4661203671178
Northern Ireland,2021-11,1561.972478947728
Northern Ireland,2022-03,1574.9297115718828
Northern Ireland,2022-06,1539.3865739459168
Northern Ireland,2022-09,1541.251228855118
Northern Ireland,2023-03,1532.1771265225973
Northern Ireland,2023-06,1520.7748797222864
Northern Ireland,2023-09,1496.1192078010702
Northern Ireland,2023-10,1485.6260086999316
Northern Ireland,2023-11,1468.7906561814068
Northern Ireland,2024-03,1499.6973452055588
Northern Ireland,2024-06,1505.9268446516037
Northern Ireland,2024-09,1521.3964159320833
Northern Ireland,2024-10,1506.9091475349576
Northern Ireland,2024-11,1542.5907126432223
Northern Ireland,2025-03,1542.2970293032888
Northern Ireland,2025-06,1538.5823788090538
Northern Ireland,2025-09,1557.1105578389036
Northern Ireland,2025-10,1575.169625872685
Northern Ireland,2025-11,1564.054572791585
Northern Ireland,2026-03,1565.1214710746187
Northern Ireland,2026-06,1571.2557409241244
Northern Mariana Islands,2016-07,1207.3413787903098
Northern Mariana Islands,2018-09,1159.8106224054754
Northern Mariana Islands,2023-11,1166.878766745438
Northern Mariana Islands,2024-04,1155.349053220039
Norway,2016-03,1625.1479091926049
Norway,2016-05,1629.2214517478492
Norway,2016-06,1630.0903389698117
Norway,2016-08,1628.6683953510662
Norway,2016-09,1623.003226827906
Norway,2016-10,1600.1774469205443
Norway,2016-11,1601.154216883319
Norway,2017-03,1594.0668656226314
Norway,2017-06,1579.9470292877993
Norway,2017-09,1588.5299982637785
Norway,2017-10,1589.1489561654157
Norway,2017-11,1592.787937081586
Norway,2018-03,1600.1569487126517
Norway,2018-06,1610.4450740140462
Norway,2018-09,1622.67981260546
Norway,2018-10,1620.921085326426
Norway,2018-11,1632.2431621024516
Norway,2019-03,1643.6638138540002
Norway,2019-06,1646.5874550712304
Norway,2019-09,1652.020730508083
Norway,2019-10,1665.3493118504773
Norway,2019-11,1670.5928266131436
Norway,2020-09,1656.4548136008991
Norway,2020-10,1694.5532010122977
Norway,2020-11,1678.0740659919604
Norway,2021-03,1670.0665778802656
Norway,2021-06,1680.9942734036777
Norway,2021-09,1687.6084607891462
Norway,2021-10,1692.1096411783062
Norway,2021-11,1689.6863825884152
Norway,2022-03,1688.149805006912
Norway,2022-06,1724.2053977357516
Norway,2022-09,1720.2668981757722
Norway,2022-11,1704.570582743001
Norway,2023-03,1698.6879827880127
Norway,2023-06,1686.286660562352
Norway,2023-09,1695.693107858462
Norway,2023-10,1708.5719683491184
Norway,2023-11,1704.1496586877834
Norway,2024-03,1703.1522465057485
Norway,2024-06,1704.2357492681406
Norway,2024-09,1693.930920401546
Norway,2024-10,1729.7027173125214
Norway,2024-11,1740.4527841692834
Norway,2025-03,1751.7231547205804
Norway,2025-06,1788.5698348298074
Norway,2025-09,1792.9209682438334
Norway,2025-10,1804.877296949823
Norway,2025-11,1805.8074950347552
Norway,2026-03,1833.7943230605445
Norway,2026-06,1860.38452465607
Norway,2026-07,1876.4765840148293
Oman,2016-03,1610.7499376341054
Oman,2016-08,1605.5600491687435
Oman,2016-10,1601.3147924617224
Oman,2016-11,1594.7559095912677
Oman,2017-03,1598.3265582690678
Oman,2017-06,1599.3812778213182
Oman,2017-08,1588.8132053989948
Oman,2017-09,1590.413577226773
Oman,2017-10,1593.8960638810622
Oman,2017-11,1598.762677232566
Oman,2017-12,1601.5470765975458
Oman,2018-01,1623.2235828359358
Oman,2018-03,1624.0297314904735
Oman,2018-09,1628.863303138718
Oman,2018-10,1627.040099740805
Oman,2018-11,1627.728581400495
Oman,2018-12,1630.8666393358442
Oman,2019-01,1621.6483330286358
Oman,2019-03,1611.248559167998
Oman,2019-09,1616.293676368443
Oman,2019-10,1623.4926586578372
Oman,2019-11,1622.7543595460104
Oman,2019-12,1629.224597103143
Oman,2021-03,1617.4560642107338
Oman,2021-05,1618.2030954125748
Oman,2021-06,1620.560640281817
Oman,2021-09,1641.3719242405027
Oman,2021-10,1619.679815317106
Oman,2021-11,1621.5276488797194
Oman,2021-12,1632.7417691199764
Oman,2022-01,1626.308137205527
Oman,2022-02,1619.4629920895125
Oman,2022-03,1633.682141842119
Oman,2022-06,1648.4599656509138
Oman,2022-09,1649.6735618775006
Oman,2022-11,1641.5889319422429
Oman,2022-12,1647.3084420635116
Oman,2023-01,1670.3382933328112
Oman,2023-03,1664.1517008514795
Oman,2023-06,1657.277290038305
Oman,2023-09,1662.6820462763078
Oman,2023-11,1661.7581540491517
Oman,2024-01,1630.9584534538044
Oman,2024-03,1629.300715665575
Oman,2024-06,1644.7723033885193
Oman,2024-09,1630.0510987495236
Oman,2024-10,1629.1739868307309
Oman,2024-11,1621.7697058022002
Oman,2024-12,1620.3428207829982
Oman,2025-01,1629.5208134086877
Oman,2025-02,1621.1776666011986
Oman,2025-03,1624.975950784234
Oman,2025-05,1634.9319243072932
Oman,2025-06,1616.2528732256603
Oman,2025-10,1617.5456728240245
Oman,2025-11,1604.5465099843284
Oman,2025-12,1594.8246135748077
Oman,2026-06,1599.4218492835842
Orkney,2017-06,1405.0586739293883
Orkney,2019-06,1417.9112325695512
Orkney,2023-07,1412.7423273265188
Orkney,2025-07,1416.735752199912
Padania,2016-05,1770.1513366117283
Padania,2016-06,1774.2082539786445
Padania,2017-06,1751.8312904863888
Padania,2018-05,1749.567347764788
Padania,2018-06,1758.4243383624812
Padania,2019-06,1740.0985868235862
Pakistan,2018-09,1193.569427380949
Pakistan,2018-11,1188.6910913429117
Pakistan,2018-12,1187.9324281375305
Pakistan,2019-06,1167.1953952055835
Pakistan,2022-11,1153.499555502088
Pakistan,2023-03,1150.796504574217
Pakistan,2023-06,1119.1516142693358
Pakistan,2023-10,1116.2893081461616
Pakistan,2023-11,1125.6232495215588
Pakistan,2024-03,1115.9266368930444
Pakistan,2024-06,1112.6950925894037
Pakistan,2025-03,1109.734431656696
Pakistan,2025-06,1107.704338076933
Pakistan,2025-10,1105.837492742036
Pakistan,2025-11,1110.8979605360496
Pakistan,2026-06,1143.2911338051968
Palestine,2016-03,1492.5452495803945
Palestine,2016-09,1496.0073537576527
Palestine,2016-10,1494.7249006274174
Palestine,2016-11,1494.9216296385
Palestine,2017-03,1497.8808952898714
Palestine,2017-06,1514.6231484590996
Palestine,2017-09,1525.191220881423
Palestine,2017-10,1527.390933114104
Palestine,2017-11,1529.2398063196142
Palestine,2018-03,1535.2583056813912
Palestine,2018-05,1531.375215206252
Palestine,2018-08,1526.3239600245818
Palestine,2018-09,1520.0822576699147
Palestine,2018-11,1516.3576447019148
Palestine,2018-12,1520.337820591118
Palestine,2019-01,1509.158217992256
Palestine,2019-06,1514.9871703944873
Palestine,2019-07,1514.896941998932
Palestine,2019-08,1515.788626840498
Palestine,2019-09,1549.1125523805515
Palestine,2019-10,1532.096337329284
Palestine,2019-11,1515.1695114839486
Palestine,2021-01,1507.5468201016288
Palestine,2021-03,1512.622637806406
Palestine,2021-06,1526.0181739777724
Palestine,2021-09,1526.7984750113312
Palestine,2021-12,1527.849418839095
Palestine,2022-06,1530.1331032497712
Palestine,2023-03,1540.548302524043
Palestine,2023-06,1545.4789645735025
Palestine,2023-09,1539.5074600841506
Palestine,2023-11,1532.6185441481157
Palestine,2024-01,1538.9522264466636
Palestine,2024-03,1537.5162248928048
Palestine,2024-06,1538.215258770516
Palestine,2024-09,1541.737597702603
Palestine,2024-10,1527.183321050734
Palestine,2024-11,1518.6762080504277
Palestine,2025-03,1520.4285297565782
Palestine,2025-06,1557.049709171085
Palestine,2025-09,1559.0749500238803
Palestine,2025-11,1550.719076973819
Palestine,2025-12,1565.3448789774675
Palestine,2026-06,1559.6011155342817
Panama,2016-01,1708.8468973191757
Panama,2016-03,1712.7140855476655
Panama,2016-04,1718.7021406895255
Panama,2016-06,1720.1179606405717
Panama,2016-09,1716.1898080324877
Panama,2016-10,1705.3195552346372
Panama,2016-11,1715.2198930236098
Panama,2017-01,1718.9173434201607
Panama,2017-03,1713.6661167431814
Panama,2017-06,1719.3632257510735
Panama,2017-07,1739.2535009380654
Panama,2017-09,1722.1700306991695
Panama,2017-10,1731.1109293126442
Panama,2017-11,1730.3321689711497
Panama,2018-03,1727.853914921467
Panama,2018-04,1722.7936015252635
Panama,2018-05,1725.826915210332
Panama,2018-06,1680.4614977299
Panama,2018-09,1660.1694024954438
Panama,2018-10,1646.5250993905674
Panama,2018-11,1645.495106676561
Panama,2019-01,1641.9028349765472
Panama,2019-03,1638.7620810759963
Panama,2019-05,1642.0774808252231
Panama,2019-06,1659.1433706378064
Panama,2019-09,1653.4671050685697
Panama,2019-10,1634.4719761810466
Panama,2019-11,1631.1227678178502
Panama,2020-10,1630.0104423666046
Panama,2020-11,1633.530366150805
Panama,2021-01,1629.352159177119
Panama,2021-03,1634.0341658670352
Panama,2021-06,1648.0574087999298
Panama,2021-07,1634.802822644354
Panama,2021-09,1667.1483388802603
Panama,2021-10,1678.6421851878297
Panama,2021-11,1679.335375761038
Panama,2022-01,1679.826709317928
Panama,2022-02,1688.4840836823748
Panama,2022-03,1670.0310148369094
Panama,2022-06,1702.1401764808893
Panama,2022-09,1699.5672215012114
Panama,2022-11,1701.6886379905309
Panama,2023-03,1699.6013161731648
Panama,2023-06,1714.421478231731
Panama,2023-07,1748.2743590009015
Panama,2023-08,1738.6696288134954
Panama,2023-09,1746.4433396947682
Panama,2023-10,1748.7996860690005
Panama,2023-11,1770.7603662319968
Panama,2024-03,1768.049567253331
Panama,2024-05,1758.0733614074393
Panama,2024-06,1748.4385167381029
Panama,2024-07,1785.2618166232949
Panama,2024-10,1763.3716353406348
Panama,2024-11,1769.4552302172997
Panama,2025-02,1767.2061462267163
Panama,2025-03,1770.6929898760934
Panama,2025-06,1809.7498778257652
Panama,2025-09,1796.6557078069166
Panama,2025-10,1795.2043340933458
Panama,2025-11,1795.3540875374583
Panama,2026-01,1798.962092584965
Panama,2026-03,1794.315887879512
Panama,2026-05,1797.483146863311
Panama,2026-06,1750.5720473436356
Panjab,2016-04,1496.7282789732633
Panjab,2016-05,1502.8841166008788
Panjab,2016-06,1522.9097790268297
Panjab,2017-04,1525.2274298525415
Panjab,2018-04,1535.1443142587618
Panjab,2018-05,1530.9155982218276
Panjab,2018-06,1548.9741248344892
Panjab,2018-11,1548.2296420535847
Panjab,2019-12,1544.5436037676598
Papua New Guinea,2016-03,1494.0867565666194
Papua New Guinea,2016-05,1489.8164562388451
Papua New Guinea,2016-06,1506.9795534710247
Papua New Guinea,2016-11,1507.5206345264216
Papua New Guinea,2017-03,1482.8868827458432
Papua New Guinea,2017-06,1490.110390219679
Papua New Guinea,2019-07,1510.7803118457016
Papua New Guinea,2022-03,1536.2146290864168
Papua New Guinea,2022-09,1535.3873485747977
Papua New Guinea,2023-06,1543.152632289356
Papua New Guinea,2023-10,1512.5699323616136
Papua New Guinea,2023-11,1518.4992082254698
Papua New Guinea,2024-03,1500.6798592593543
Papua New Guinea,2024-06,1475.1788393622298
Papua New Guinea,2024-10,1480.256328907023
Papua New Guinea,2024-11,1470.337648798498
Papua New Guinea,2024-12,1472.6385364406096
Papua New Guinea,2025-11,1499.548885666643
Paraguay,2016-03,1692.5779166631824
Paraguay,2016-05,1699.2412608282489
Paraguay,2016-06,1694.5230724317248
Paraguay,2016-09,1704.1220399919048
Paraguay,2016-10,1685.6597521036097
Paraguay,2016-11,1686.875304663611
Paraguay,2017-03,1685.367767033777
Paraguay,2017-06,1679.4071295946292
Paraguay,2017-07,1677.3351069996522
Paraguay,2017-08,1675.6155266548435
Paraguay,2017-09,1711.9648786778398
Paraguay,2017-10,1721.1582792629813
Paraguay,2018-03,1705.145158938127
Paraguay,2018-06,1702.892097851914
Paraguay,2018-11,1698.2090298795242
Paraguay,2019-03,1695.546639074304
Paraguay,2019-06,1698.9726194287928
Paraguay,2019-09,1706.041162697863
Paraguay,2019-10,1708.8668228555728
Paraguay,2019-11,1712.6348773450727
Paraguay,2020-10,1714.6023757343933
Paraguay,2020-11,1737.423217908926
Paraguay,2021-06,1770.0531843306153
Paraguay,2021-07,1758.6348726087988
Paraguay,2021-09,1749.152606575382
Paraguay,2021-10,1748.8084233934946
Paraguay,2021-11,1706.9568476914098
Paraguay,2022-01,1714.4342482170632
Paraguay,2022-02,1704.5552622706086
Paraguay,2022-03,1721.3721671694643
Paraguay,2022-06,1707.6948432853226
Paraguay,2022-08,1709.801920575601
Paraguay,2022-09,1718.6347528954088
Paraguay,2022-11,1717.332597976522
Paraguay,2023-03,1714.074363449574
Paraguay,2023-06,1711.1024060151667
Paraguay,2023-09,1714.1375168528286
Paraguay,2023-10,1701.405367610973
Paraguay,2023-11,1710.6096819297563
Paraguay,2024-06,1698.0981300323922
Paraguay,2024-07,1689.751740295864
Paraguay,2024-09,1683.2922580992845
Paraguay,2024-10,1709.6799967265465
Paraguay,2024-11,1741.9098552249438
Paraguay,2025-03,1749.4798715665263
Paraguay,2025-06,1779.8384686623162
Paraguay,2025-09,1777.0403266751414
Paraguay,2025-10,1793.779056120493
Paraguay,2025-11,1786.643817588
Paraguay,2026-03,1795.9728783484204
Paraguay,2026-06,1793.0834101368214
Paraguay,2026-07,1800.4698504101498
Parishes of Jersey,2018-10,1500.0
Parishes of Jersey,2019-06,1497.2601040187194
Peru,2016-03,1702.286129712343
Peru,2016-05,1702.9332044290918
Peru,2016-06,1749.2381063996208
Peru,2016-09,1768.5710792853972
Peru,2016-10,1784.525300207233
Peru,2016-11,1799.6518080673768
Peru,2017-03,1785.290450445339
Peru,2017-06,1799.0839732434838
Peru,2017-08,1800.8992580608628
Peru,2017-09,1804.5054315328923
Peru,2017-10,1823.9594869144487
Peru,2017-11,1821.4003359728936
Peru,2018-03,1836.3641159528004
Peru,2018-05,1840.5589689834676
Peru,2018-06,1810.4566455710883
Peru,2018-09,1835.6283787801417
Peru,2018-10,1841.572060229768
Peru,2018-11,1833.1239799114237
Peru,2019-03,1830.1125059737517
Peru,2019-06,1810.1352880076688
Peru,2019-07,1850.7272891616756
Peru,2019-09,1836.169328007592
Peru,2019-10,1839.8873662704111
Peru,2019-11,1839.99125177908
Peru,2020-10,1835.106808898592
Peru,2020-11,1809.4522916590745
Peru,2021-06,1802.8019433373584
Peru,2021-07,1808.894973188902
Peru,2021-09,1803.8380803642328
Peru,2021-10,1794.7859809591284
Peru,2021-11,1798.3449029986396
Peru,2022-01,1809.5234042327208
Peru,2022-02,1826.2561953664444
Peru,2022-03,1814.704807727128
Peru,2022-06,1827.9879258492028
Peru,2022-09,1822.818441795552
Peru,2022-11,1827.9876343807457
Peru,2023-03,1825.898602174164
Peru,2023-06,1831.08883525061
Peru,2023-09,1824.512333881948
Peru,2023-10,1799.735062850173
Peru,2023-11,1766.0746743875843
Peru,2024-03,1763.7379642512362
Peru,2024-06,1747.0324970571885
Peru,2024-09,1746.6566695883157
Peru,2024-10,1756.210663564323
Peru,2024-11,1746.2276926372526
Peru,2025-03,1753.0306269507923
Peru,2025-06,1750.2477837393724
Peru,2025-09,1742.9042199712703
Peru,2025-10,1729.8410141114246
Peru,2025-11,1727.5349562304316
Peru,2026-03,1719.5847790662958
Peru,2026-06,1722.1366497560125
Philippines,2016-03,1390.1787853490075
Philippines,2016-09,1407.7337028334357
Philippines,2016-10,1407.6173722861013
Philippines,2016-11,1402.8853262924983
Philippines,2017-03,1394.955879471402
Philippines,2017-06,1399.2814048588532
Philippines,2017-09,1412.3267197932005
Philippines,2017-10,1409.0708102950073
Philippines,2017-11,1407.7578258226092
Philippines,2017-12,1396.2014204487982
Philippines,2018-03,1394.7608936147449
Philippines,2018-09,1404.127535698857
Philippines,2018-10,1406.3442944243538
Philippines,2018-11,1416.4714242693535
Philippines,2018-12,1403.5417436925256
Philippines,2019-01,1385.2715857574606
Philippines,2019-06,1364.167174025804
Philippines,2019-09,1349.9655381033197
Philippines,2019-10,1364.2078130664222
Philippines,2019-11,1380.5486720268086
Philippines,2021-06,1377.3382251927678
Philippines,2021-12,1363.9856979582855
Philippines,2022-03,1363.5006194686375
Philippines,2022-06,1364.1098788828915
Philippines,2022-12,1343.614869279947
Philippines,2023-01,1337.961972641091
Philippines,2023-03,1327.5891399707675
Philippines,2023-06,1327.7748313541083
Philippines,2023-09,1320.5630115786753
Philippines,2023-10,1328.857096139238
Philippines,2023-11,1316.6138647054688
Philippines,2024-03,1316.6182728649924
Philippines,2024-06,1304.83941321128
Philippines,2024-09,1292.8141426165594
Philippines,2024-10,1293.8067208791165
Philippines,2024-11,1314.6506138830964
Philippines,2024-12,1329.2193920524053
Philippines,2025-03,1325.653801554182
Philippines,2025-06,1334.0878147677636
Philippines,2025-10,1340.605679237893
Philippines,2025-11,1343.4731145214246
Philippines,2026-06,1355.989174979973
Poland,2016-03,1726.9227478745916
Poland,2016-06,1761.8916922707313
Poland,2016-09,1766.7775336000211
Poland,2016-10,1766.8449825482933
Poland,2016-11,1789.5255632117385
Poland,2017-03,1787.137341020699
Poland,2017-06,1793.7045077900364
Poland,2017-09,1778.5770044813962
Poland,2017-10,1790.0823764037764
Poland,2017-11,1795.797642133835
Poland,2018-03,1786.3499564079898
Poland,2018-06,1743.595326519233
Poland,2018-09,1773.8656969921926
Poland,2018-10,1761.829569653041
Poland,2018-11,1743.62350999956
Poland,2019-03,1763.6255495729786
Poland,2019-06,1771.207015006136
Poland,2019-09,1756.0363420653375
Poland,2019-10,1755.6910238697783
Poland,2019-11,1767.8438051950436
Poland,2020-09,1766.8282977199538
Poland,2020-10,1787.1727358654316
Poland,2020-11,1794.6032412034192
Poland,2021-03,1783.891473008135
Poland,2021-06,1762.984643875914
Poland,2021-09,1756.9240827543506
Poland,2021-10,1762.4920023499276
Poland,2021-11,1771.4062092073875
Poland,2022-03,1754.2475835400091
Poland,2022-06,1782.5570195605758
Poland,2022-09,1760.197140497428
Poland,2022-11,1812.5533402934996
Poland,2022-12,1799.3841205136778
Poland,2023-03,1768.38418078218
Poland,2023-06,1776.770036998718
Poland,2023-09,1757.7867932212148
Poland,2023-10,1737.8337737230418
Poland,2023-11,1726.1538610818486
Poland,2024-03,1730.879733460964
Poland,2024-06,1711.327919143146
Poland,2024-09,1740.2057764878166
Poland,2024-10,1721.753926223471
Poland,2024-11,1718.0779577892547
Poland,2025-03,1702.8768070146375
Poland,2025-06,1705.4361662243707
Poland,2025-09,1699.5484823503348
Poland,2025-10,1712.2318973197723
Poland,2025-11,1721.825439425799
Poland,2026-03,1730.740329287768
Poland,2026-05,1719.8512389682226
Poland,2026-06,1713.2381666593085
Portugal,2016-03,1873.8651809204084
Portugal,2016-05,1876.6832594774996
Portugal,2016-06,1864.6396876950269
Portugal,2016-07,1874.4064761439051
Portugal,2016-09,1898.747275070804
Portugal,2016-10,1877.7080334034636
Portugal,2016-11,1879.7514632202976
Portugal,2017-03,1888.4497901593895
Portugal,2017-06,1912.207898390791
Portugal,2017-07,1913.662484510137
Portugal,2017-08,1928.248930484284
Portugal,2017-09,1928.8698382573011
Portugal,2017-10,1934.1481467613428
Portugal,2017-11,1945.555900871504
Portugal,2018-03,1945.479658564837
Portugal,2018-05,1937.383334900348
Portugal,2018-06,1941.7655771228283
Portugal,2018-09,1917.9741314505256
Portugal,2018-10,1938.0418972274183
Portugal,2018-11,1940.726119661934
Portugal,2019-03,1924.6868785811705
Portugal,2019-06,1932.1850243842596
Portugal,2019-09,1954.642052568141
Portugal,2019-10,1956.7904283307887
Portugal,2019-11,1942.827897483848
Portugal,2020-09,1959.4614828109245
Portugal,2020-10,1979.868683805091
Portugal,2020-11,1974.0829272529293
Portugal,2021-03,1980.407151530761
Portugal,2021-06,1973.5192745891984
Portugal,2021-09,1965.496112474011
Portugal,2021-10,1969.628201843837
Portugal,2021-11,1962.72737193445
Portugal,2022-03,1948.359955995781
Portugal,2022-06,1979.663006990775
Portugal,2022-09,1980.424104962873
Portugal,2022-11,1972.1039311836328
Portugal,2022-12,1998.2158584126091
Portugal,2023-03,1971.3369665306077
Portugal,2023-06,1977.0490310110056
Portugal,2023-09,1982.5046156698288
Portugal,2023-10,1985.723490082112
Portugal,2023-11,1991.5678553801465
Portugal,2024-03,1994.544627377588
Portugal,2024-06,1999.4417639090668
Portugal,2024-07,1942.6541020688564
Portugal,2024-09,1956.8059793573163
Portugal,2024-10,1972.420357530728
Portugal,2024-11,1972.3921724718973
Portugal,2025-03,1954.2833895663048
Portugal,2025-06,1984.83359733788
Portugal,2025-09,1991.8700507643923
Portugal,2025-10,1998.8589617987188
Portugal,2025-11,1958.8087485874903
Portugal,2026-03,1960.3665226086805
Portugal,2026-06,1974.9957831743045
Portugal,2026-07,1975.4617958848964
Puerto Rico,2016-03,1322.0771294154758
Puerto Rico,2016-05,1333.609657922868
Puerto Rico,2016-06,1332.4925307324577
Puerto Rico,2016-08,1334.8534217925749
Puerto Rico,2016-09,1330.2355177654429
Puerto Rico,2016-10,1325.110195375404
Puerto Rico,2017-06,1310.427573330616
Puerto Rico,2018-09,1312.169370534753
Puerto Rico,2018-10,1308.2469226231178
Puerto Rico,2018-11,1304.2036933095176
Puerto Rico,2019-03,1299.0880300508052
Puerto Rico,2019-09,1284.0901599690242
Puerto Rico,2019-10,1277.2027252896116
Puerto Rico,2019-11,1278.9932113388647
Puerto Rico,2021-01,1290.148890758678
Puerto Rico,2021-03,1281.8293331750642
Puerto Rico,2021-06,1310.9996226654323
Puerto Rico,2022-06,1347.1795056503556
Puerto Rico,2023-03,1357.2302983020204
Puerto Rico,2023-06,1366.7750781589714
Puerto Rico,2023-09,1374.5037625098812
Puerto Rico,2023-10,1376.9672447040966
Puerto Rico,2023-11,1376.1973396314309
Puerto Rico,2024-03,1383.814571942867
Puerto Rico,2024-06,1383.930093418052
Puerto Rico,2024-09,1381.2736099431663
Puerto Rico,2024-10,1376.4024745814108
Puerto Rico,2024-11,1391.0998597891733
Puerto Rico,2025-03,1384.6590758270834
Puerto Rico,2025-06,1376.6990619636415
Puerto Rico,2025-10,1385.8579401636655
Puerto Rico,2026-03,1388.976382586848
Puerto Rico,2026-06,1391.92272969523
Qatar,2016-03,1637.3459222265308
Qatar,2016-05,1624.1492171842872
Qatar,2016-08,1620.1328900977717
Qatar,2016-09,1606.8312950293937
Qatar,2016-10,1609.4474485918454
Qatar,2016-11,1623.2893796466444
Qatar,2017-01,1626.2766802588494
Qatar,2017-03,1608.9766579772388
Qatar,2017-06,1602.0774409750802
Qatar,2017-08,1620.639558140388
Qatar,2017-09,1602.9372666104862
Qatar,2017-10,1592.4555196415338
Qatar,2017-11,1582.2963147700964
Qatar,2017-12,1575.969306491573
Qatar,2018-03,1581.0106303870905
Qatar,2018-09,1585.839047182552
Qatar,2018-10,1595.3168408126885
Qatar,2018-11,1598.8089861337828
Qatar,2018-12,1601.6477164716557
Qatar,2019-01,1712.8682694303338
Qatar,2019-02,1743.1727494035763
Qatar,2019-06,1760.8943006139862
Qatar,2019-09,1746.0569437221202
Qatar,2019-10,1738.055491620188
Qatar,2019-11,1736.1904416857242
Qatar,2019-12,1744.3730905657471
Qatar,2020-10,1732.921236130274
Qatar,2020-11,1724.961252952896
Qatar,2020-12,1721.905173091891
Qatar,2021-03,1724.9457982053118
Qatar,2021-06,1726.1199814676124
Qatar,2021-07,1766.0425630389168
Qatar,2021-09,1746.8015659542089
Qatar,2021-10,1741.561258335541
Qatar,2021-11,1724.495832315659
Qatar,2021-12,1742.3626495833123
Qatar,2022-03,1742.116706185346
Qatar,2022-09,1735.3187341359262
Qatar,2022-10,1739.027287546137
Qatar,2022-11,1684.6572019310456
Qatar,2023-01,1667.9172981301194
Qatar,2023-06,1649.352593434159
Qatar,2023-07,1668.998720300843
Qatar,2023-09,1638.4327763272315
Qatar,2023-10,1638.9152216378875
Qatar,2023-11,1644.8193265537368
Qatar,2024-01,1680.6254539404054
Qatar,2024-02,1708.3576635252437
Qatar,2024-03,1733.675006622966
Qatar,2024-06,1729.8169754014034
Qatar,2024-09,1706.0764138080544
Qatar,2024-10,1705.291040874116
Qatar,2024-11,1705.1661993146322
Qatar,2024-12,1671.721499892161
Qatar,2025-03,1679.6937345157096
Qatar,2025-06,1670.1067043398446
Qatar,2025-08,1658.1639543814288
Qatar,2025-09,1654.0309314709568
Qatar,2025-10,1644.5437735296891
Qatar,2025-11,1655.3092229711626
Qatar,2025-12,1634.7868428524594
Qatar,2026-05,1621.502624293846
Qatar,2026-06,1612.2007999561993
Raetia,2016-05,1378.571769031833
Raetia,2016-06,1354.9936018996214
Raetia,2017-03,1357.2174804462782
Raetia,2019-03,1352.3492954871597
Raetia,2019-06,1354.2659680998438
Raetia,2022-07,1350.9839043139682
Raetia,2022-08,1347.4400539174142
Raetia,2022-11,1346.9223268938993
Raetia,2023-06,1348.4969807741902
Raetia,2023-08,1383.44655714359
Republic of Ireland,2016-03,1743.9710589929114
Republic of Ireland,2016-05,1743.711941515979
Republic of Ireland,2016-06,1739.227325026009
Republic of Ireland,2016-08,1732.1201655352197
Republic of Ireland,2016-09,1735.8586562628975
Republic of Ireland,2016-10,1738.8836894144
Republic of Ireland,2016-11,1743.7049218696825
Republic of Ireland,2017-03,1750.391506220505
Republic of Ireland,2017-06,1747.8332385058725
Republic of Ireland,2017-09,1736.0915996371814
Republic of Ireland,2017-10,1723.0599010837077
Republic of Ireland,2017-11,1739.582677461044
Republic of Ireland,2018-03,1713.5282547057295
Republic of Ireland,2018-05,1710.1612292161203
Republic of Ireland,2018-06,1708.2888182378497
Republic of Ireland,2018-09,1692.0637805579408
Republic of Ireland,2018-10,1696.183643634268
Republic of Ireland,2018-11,1678.3438244270783
Republic of Ireland,2019-03,1689.373943752166
Republic of Ireland,2019-06,1699.551313220368
Republic of Ireland,2019-09,1704.3514468854216
Republic of Ireland,2019-10,1703.8190716898314
Republic of Ireland,2019-11,1700.566655222395
Republic of Ireland,2020-09,1700.4824226565145
Republic of Ireland,2020-10,1682.111609575535
Republic of Ireland,2020-11,1658.837613187465
Republic of Ireland,2021-03,1622.820856126599
Republic of Ireland,2021-06,1624.7870615227405
Republic of Ireland,2021-09,1615.322248457886
Republic of Ireland,2021-10,1628.6986542323475
Republic of Ireland,2021-11,1645.00365818538
Republic of Ireland,2022-03,1657.2133248486086
Republic of Ireland,2022-06,1652.4757863481325
Republic of Ireland,2022-09,1648.0058849302811
Republic of Ireland,2022-11,1649.3625484772583
Republic of Ireland,2023-03,1651.3157046588055
Republic of Ireland,2023-06,1640.2623920851763
Republic of Ireland,2023-09,1640.2424846274764
Republic of Ireland,2023-10,1618.5707831992531
Republic of Ireland,2023-11,1619.9029758185752
Republic of Ireland,2024-03,1622.62194842219
Republic of Ireland,2024-06,1625.2253508989406
Republic of Ireland,2024-09,1616.8208692914318
Republic of Ireland,2024-10,1615.465883936365
Republic of Ireland,2024-11,1616.7995078744664
Republic of Ireland,2025-03,1623.9850914541937
Republic of Ireland,2025-06,1631.8939309124532
Republic of Ireland,2025-09,1630.7687394241163
Republic of Ireland,2025-10,1611.9846521017844
Republic of Ireland,2025-11,1647.2339626510195
Republic of Ireland,2026-03,1667.7364047195526
Republic of Ireland,2026-05,1668.0792452198089
Republic of Ireland,2026-06,1670.8370837783057
Romani people,2016-03,1498.1491831659264
Romani people,2016-05,1482.2471605505154
Romania,2016-03,1716.3810587014314
Romania,2016-05,1717.284803400755
Romania,2016-06,1712.1345551690986
Romania,2016-09,1687.4487120480094
Romania,2016-10,1695.9755188579245
Romania,2016-11,1668.4974191304764
Romania,2017-03,1665.5099151366203
Romania,2017-06,1655.7501113498397
Romania,2017-09,1666.7062491536808
Romania,2017-10,1657.452012367913
Romania,2017-11,1668.5491738585308
Romania,2018-03,1667.9454623446595
Romania,2018-05,1672.4047250759618
Romania,2018-06,1678.518668541174
Romania,2018-09,1675.202740516411
Romania,2018-10,1685.3987226674292
Romania,2018-11,1689.4554442698611
Romania,2019-03,1695.598361740463
Romania,2019-06,1697.849340707157
Romania,2019-09,1696.0051911892226
Romania,2019-10,1700.192938862956
Romania,2019-11,1682.836512515366
Romania,2020-09,1672.8909211000962
Romania,2020-10,1658.6025624039687
Romania,2020-11,1670.2076581141112
Romania,2021-03,1668.6641634525492
Romania,2021-06,1648.2037869765577
Romania,2021-09,1667.6041172265177
Romania,2021-10,1662.2076305099642
Romania,2021-11,1663.1561636038218
Romania,2022-03,1660.9148726907547
Romania,2022-06,1637.6064810087498
Romania,2022-09,1607.119277510348
Romania,2022-11,1625.569944690597
Romania,2023-03,1630.7625306501452
Romania,2023-06,1632.6056158231047
Romania,2023-09,1637.2817511340584
Romania,2023-10,1638.9010124770705
Romania,2023-11,1650.4099395021235
Romania,2024-03,1662.6687769779155
Romania,2024-06,1685.7586915630109
Romania,2024-07,1684.190352746032
Romania,2024-09,1691.4774658306578
Romania,2024-10,1702.149020801819
Romania,2024-11,1697.527103776682
Romania,2025-03,1682.252084547228
Romania,2025-06,1676.4708000637231
Romania,2025-09,1673.656278381466
Romania,2025-10,1666.0942913663057
Romania,2025-11,1659.0713139624822
Romania,2026-03,1654.468458350234
Romania,2026-06,1650.079081912914
Russia,2016-03,1759.0202127483465
Russia,2016-06,1736.0699729147234
Russia,2016-08,1695.9705958268148
Russia,2016-09,1697.305730768526
Russia,2016-10,1701.073733367313
Russia,2016-11,1693.3956371490758
Russia,2017-03,1690.3103922345706
Russia,2017-06,1710.3579505906025
Russia,2017-10,1707.305601248104
Russia,2017-11,1706.0394717609338
Russia,2018-03,1705.599724364774
Russia,2018-05,1702.2449990987573
Russia,2018-06,1753.242269143081
Russia,2018-07,1733.0810665975134
Russia,2018-09,1754.0995379595129
Russia,2018-10,1757.4379871796218
Russia,2018-11,1769.4308026723645
Russia,2019-03,1748.962384116713
Russia,2019-06,1755.2770445334625
Russia,2019-09,1767.3679735398637
Russia,2019-10,1779.263288041962
Russia,2019-11,1774.588151839936
Russia,2020-09,1789.986236956169
Russia,2020-10,1790.5951372126656
Russia,2020-11,1766.6347092452077
Russia,2021-03,1748.0740966915266
Russia,2021-06,1736.210746199358
Russia,2021-09,1726.186379053042
Russia,2021-10,1734.7590568784988
Russia,2021-11,1747.5824172008297
Russia,2022-09,1740.0436096639442
Russia,2022-11,1739.670533008093
Russia,2023-03,1741.4555684056406
Russia,2023-09,1745.542432791567
Russia,2023-10,1748.0781923278096
Russia,2023-11,1745.518396594482
Russia,2024-06,1747.4180109552228
Russia,2024-09,1750.455470569086
Russia,2024-11,1753.4653948844364
Russia,2025-03,1757.1221645720057
Russia,2025-06,1758.6821287128391
Russia,2025-09,1760.4659981507368
Russia,2025-10,1770.96812545405
Russia,2025-11,1773.3080434848764
Russia,2026-03,1766.505365301233
Russia,2026-05,1764.883976248602
Russia,2026-06,1765.0103830599437
Rwanda,2016-01,1453.3079991229786
Rwanda,2016-03,1445.316728318803
Rwanda,2016-05,1454.6141136770534
Rwanda,2016-06,1451.3820161376984
Rwanda,2016-09,1440.115831266458
Rwanda,2017-06,1448.0447754455051
Rwanda,2017-08,1438.283620593095
Rwanda,2017-12,1425.806171401144
Rwanda,2018-09,1434.162071587907
Rwanda,2018-10,1422.660949024264
Rwanda,2018-11,1425.326760637779
Rwanda,2019-03,1423.0470603943293
Rwanda,2019-09,1438.284328415982
Rwanda,2019-10,1444.75939085098
Rwanda,2019-11,1432.155619297229
Rwanda,2020-11,1431.0422571054453
Rwanda,2021-03,1440.236625385428
Rwanda,2021-06,1451.352274049023
Rwanda,2021-09,1450.5712091126525
Rwanda,2021-10,1440.06569802507
Rwanda,2021-11,1422.908339857408
Rwanda,2022-01,1423.2225287860238
Rwanda,2022-06,1418.1123498969648
Rwanda,2022-09,1416.748486475357
Rwanda,2022-11,1417.2010186693387
Rwanda,2023-03,1421.7782435398517
Rwanda,2023-06,1422.3311282915802
Rwanda,2023-09,1405.2135373548128
Rwanda,2023-11,1412.2824495057623
Rwanda,2024-06,1427.8771178644702
Rwanda,2024-09,1441.745477991362
Rwanda,2024-10,1433.0887986870937
Rwanda,2024-11,1433.4418752610482
Rwanda,2025-03,1441.0468820496485
Rwanda,2025-06,1436.3727427431568
Rwanda,2025-09,1431.9996962434475
Rwanda,2025-10,1434.2271064004267
Rwanda,2026-03,1436.3619058714787
Ryūkyū,2016-11,1500.0
Réunion,2019-07,1596.5689054963882
Réunion,2023-08,1584.195695583798
Réunion,2023-09,1586.2014701380294
Saare County,2017-06,1361.5561317029126
Saint Barthélemy,2018-04,1483.0261499762278
Saint Barthélemy,2018-05,1484.5628762367055
Saint Barthélemy,2018-07,1481.175468333386
Saint Barthélemy,2019-02,1473.7903973803943
Saint Barthélemy,2019-03,1473.495083399746
Saint Barthélemy,2023-03,1478.5264491544783
Saint Helena,2019-06,1469.7133117823414
Saint Helena,2023-07,1429.5369165159975
Saint Kitts and Nevis,2016-03,1458.5593712729624
Saint Kitts and Nevis,2016-06,1473.3746110673178
Saint Kitts and Nevis,2016-10,1482.6300040714016
Saint Kitts and Nevis,2016-11,1459.8945271863886
Saint Kitts and Nevis,2017-05,1459.0318408207186
Saint Kitts and Nevis,2017-06,1455.5225157012178
Saint Kitts and Nevis,2017-08,1448.1468907661024
Saint Kitts and Nevis,2017-12,1448.249197420355
Saint Kitts and Nevis,2018-03,1450.4045722265405
Saint Kitts and Nevis,2018-04,1446.9169490626173
Saint Kitts and Nevis,2018-09,1442.5380641903494
Saint Kitts and Nevis,2018-10,1446.4605121019845
Saint Kitts and Nevis,2018-11,1458.7642208694033
Saint Kitts and Nevis,2019-03,1452.9036186753146
Saint Kitts and Nevis,2019-08,1442.4713775379614
Saint Kitts and Nevis,2019-09,1436.148180403047
Saint Kitts and Nevis,2019-10,1450.7653092190096
Saint Kitts and Nevis,2019-11,1435.92189948473
Saint Kitts and Nevis,2021-03,1435.155939636269
Saint Kitts and Nevis,2021-06,1438.7146863972646
Saint Kitts and Nevis,2022-03,1431.305851332898
Saint Kitts and Nevis,2022-06,1429.130136109699
Saint Kitts and Nevis,2023-03,1431.2191776885693
Saint Kitts and Nevis,2023-06,1420.1852377176538
Saint Kitts and Nevis,2023-07,1416.8283723832649
Saint Kitts and Nevis,2023-09,1397.649469176608
Saint Kitts and Nevis,2023-10,1393.1371263188937
Saint Kitts and Nevis,2023-11,1380.4517495316543
Saint Kitts and Nevis,2024-03,1374.2669951148343
Saint Kitts and Nevis,2024-06,1367.0358550041472
Saint Kitts and Nevis,2024-09,1382.5408926234252
Saint Kitts and Nevis,2024-10,1388.6022076110703
Saint Kitts and Nevis,2024-11,1391.188412833053
Saint Kitts and Nevis,2025-05,1366.353018314863
Saint Kitts and Nevis,2025-06,1358.6506463417966
Saint Kitts and Nevis,2025-10,1349.12095760512
Saint Kitts and Nevis,2025-11,1350.316903240329
Saint Kitts and Nevis,2026-03,1324.546495439543
Saint Lucia,2017-06,1320.5693681721225
Saint Lucia,2017-07,1330.1484810457885
Saint Lucia,2018-09,1328.6686570141435
Saint Lucia,2018-10,1348.2352144263275
Saint Lucia,2018-11,1345.1265544622663
Saint Lucia,2019-03,1344.602231319882
Saint Lucia,2019-09,1346.502778936523
Saint Lucia,2019-10,1337.545341390013
Saint Lucia,2019-11,1339.8247235733284
Saint Lucia,2022-05,1328.537929655403
Saint Lucia,2022-06,1335.4502077916854
Saint Lucia,2022-11,1334.9026477705245
Saint Lucia,2023-03,1338.2414263082976
Saint Lucia,2023-06,1345.759417944527
Saint Lucia,2023-09,1354.8486360382117
Saint Lucia,2023-10,1376.2246766992455
Saint Lucia,2023-11,1372.320880886028
Saint Lucia,2024-06,1357.450012031275
Saint Lucia,2024-09,1365.5889867488047
Saint Lucia,2024-10,1378.5903557100332
Saint Lucia,2024-11,1339.846622335292
Saint Lucia,2025-06,1320.6803839748784
Saint Lucia,2025-11,1317.3243667947777
Saint Lucia,2026-03,1306.6236978056966
Saint Martin,2018-04,1298.48373509417
Saint Martin,2018-08,1296.9470088336925
Saint Martin,2018-09,1299.6511149872872
Saint Martin,2018-10,1293.3940436994442
Saint Martin,2018-11,1281.0903349320254
Saint Martin,2019-03,1269.302035590934
Saint Martin,2019-09,1255.1417586321666
Saint Martin,2019-10,1259.984208359817
Saint Martin,2019-11,1263.8515874076425
Saint Martin,2022-06,1254.9896481237122
Saint Martin,2023-03,1265.4278291861383
Saint Martin,2023-09,1269.1654099736106
Saint Martin,2023-10,1279.181309550071
Saint Martin,2023-11,1286.9403431835185
Saint Martin,2024-09,1297.4693766808468
Saint Martin,2024-10,1285.2324122778325
Saint Martin,2024-11,1300.644003237515
Saint Martin,2025-10,1309.5020882813735
Saint Martin,2025-11,1313.6333025614051
Saint Martin,2026-03,1315.7692089364268
Saint Vincent and the Grenadines,2016-03,1388.9220194556308
Saint Vincent and the Grenadines,2016-06,1382.4563428999686
Saint Vincent and the Grenadines,2016-09,1367.126536979158
Saint Vincent and the Grenadines,2017-06,1358.296343043408
Saint Vincent and the Grenadines,2017-07,1352.364514282064
Saint Vincent and the Grenadines,2018-09,1335.7847301406043
Saint Vincent and the Grenadines,2018-10,1335.2845032576793
Saint Vincent and the Grenadines,2018-11,1348.2468219411237
Saint Vincent and the Grenadines,2019-03,1339.964978856806
Saint Vincent and the Grenadines,2019-08,1353.6124827412327
Saint Vincent and the Grenadines,2019-09,1351.634994278154
Saint Vincent and the Grenadines,2019-10,1357.770556454363
Saint Vincent and the Grenadines,2019-11,1375.2889617488138
Saint Vincent and the Grenadines,2021-03,1353.3826931181693
Saint Vincent and the Grenadines,2021-06,1351.9087875752707
Saint Vincent and the Grenadines,2021-07,1342.0612127534214
Saint Vincent and the Grenadines,2022-05,1332.659160568311
Saint Vincent and the Grenadines,2022-06,1312.2177851589263
Saint Vincent and the Grenadines,2022-09,1307.7510176209362
Saint Vincent and the Grenadines,2022-10,1315.0192369424483
Saint Vincent and the Grenadines,2023-03,1298.3187887786669
Saint Vincent and the Grenadines,2023-09,1306.0133552725547
Saint Vincent and the Grenadines,2023-10,1305.982717171589
Saint Vincent and the Grenadines,2023-11,1296.132248883071
Saint Vincent and the Grenadines,2024-04,1309.097652903023
Saint Vincent and the Grenadines,2024-06,1308.3324327231198
Saint Vincent and the Grenadines,2024-09,1303.070026766322
Saint Vincent and the Grenadines,2024-10,1310.4333506953972
Saint Vincent and the Grenadines,2024-11,1329.4294209230868
Saint Vincent and the Grenadines,2025-03,1345.028225391936
Saint Vincent and the Grenadines,2025-05,1355.8346099141206
Saint Vincent and the Grenadines,2025-06,1357.8492836599237
Saint Vincent and the Grenadines,2025-10,1357.677798133436
Saint Vincent and the Grenadines,2025-11,1355.091912990706
Saint Vincent and the Grenadines,2026-03,1353.5756522915117
Samoa,2016-05,1348.0831571111507
Samoa,2016-06,1334.835563139298
Samoa,2019-07,1321.469014620871
Samoa,2023-11,1317.5629514373109
Samoa,2024-03,1345.501866008863
Samoa,2024-06,1342.109466847728
Samoa,2024-09,1343.6645790299078
Samoa,2024-10,1349.648013306481
Samoa,2024-11,1329.5950313639944
San Marino,2016-06,1020.879510248998
San Marino,2016-09,1020.7159772769704
San Marino,2016-10,1015.8824243478794
San Marino,2016-11,1014.905654385105
San Marino,2017-03,1012.6026130838244
San Marino,2017-05,1011.1897548005196
San Marino,2017-06,1011.1194940441044
San Marino,2017-09,1009.0365502563416
San Marino,2017-10,1003.196399686931
San Marino,2018-09,1000.4544728323012
San Marino,2018-10,984.4797489337424
San Marino,2018-11,974.1163106940156
San Marino,2019-03,969.3553460802055
San Marino,2019-06,968.0878193718772
San Marino,2019-09,965.2400606585592
San Marino,2019-10,961.0904605916218
San Marino,2019-11,956.2077331532312
San Marino,2020-09,952.9568340898452
San Marino,2020-10,943.7880754386724
San Marino,2020-11,951.1078095466928
San Marino,2021-03,959.2770993886228
San Marino,2021-05,957.472023587164
San Marino,2021-06,957.432430039929
San Marino,2021-09,947.1104830844542
San Marino,2021-10,945.7835529590974
San Marino,2021-11,928.836773972507
San Marino,2022-03,927.6388773442866
San Marino,2022-06,917.3265383083436
San Marino,2022-09,916.415104641494
San Marino,2022-11,916.1546740323704
San Marino,2023-03,914.3552537363578
San Marino,2023-06,911.83573413287
San Marino,2023-09,911.3059301519752
San Marino,2023-10,909.4417655861046
San Marino,2023-11,908.2970528809882
San Marino,2024-03,906.7553370732018
San Marino,2024-06,909.802156294278
San Marino,2024-09,925.3782342232686
San Marino,2024-10,920.8812610524178
San Marino,2024-11,925.6395100921776
San Marino,2025-03,954.2672574522552
San Marino,2025-06,952.8065010124212
San Marino,2025-09,950.1138217524764
San Marino,2025-10,948.476996366414
San Marino,2025-11,942.2120956706668
San Marino,2026-03,940.6862108332422
San Marino,2026-06,939.8010090728832
Saudi Arabia,2016-03,1643.452527815583
Saudi Arabia,2016-08,1647.3465908428934
Saudi Arabia,2016-09,1654.9405204587797
Saudi Arabia,2016-10,1667.8248867257685
Saudi Arabia,2016-11,1685.4957233349107
Saudi Arabia,2017-01,1679.3844322895895
Saudi Arabia,2017-03,1696.8835729953385
Saudi Arabia,2017-06,1703.9482613818343
Saudi Arabia,2017-08,1697.0952994257186
Saudi Arabia,2017-09,1685.725576318833
Saudi Arabia,2017-10,1704.6541887997994
Saudi Arabia,2017-11,1694.3219441842623
Saudi Arabia,2017-12,1694.5433249510995
Saudi Arabia,2018-02,1680.6403689426036
Saudi Arabia,2018-03,1674.7492553250993
Saudi Arabia,2018-05,1683.590866144873
Saudi Arabia,2018-06,1637.4651155851147
Saudi Arabia,2018-09,1661.5520258286297
Saudi Arabia,2018-10,1658.221859368223
Saudi Arabia,2018-11,1658.278139658245
Saudi Arabia,2018-12,1658.3856626274612
Saudi Arabia,2019-01,1669.1443996602202
Saudi Arabia,2019-03,1656.097463268895
Saudi Arabia,2019-08,1644.8072686342075
Saudi Arabia,2019-09,1628.9365491839344
Saudi Arabia,2019-10,1626.0813140437351
Saudi Arabia,2019-11,1626.180886657251
Saudi Arabia,2019-12,1660.4083597505955
Saudi Arabia,2020-11,1656.7694167378877
Saudi Arabia,2021-03,1653.9642682545302
Saudi Arabia,2021-06,1673.1394524576417
Saudi Arabia,2021-09,1698.8349549851007
Saudi Arabia,2021-10,1724.256721947925
Saudi Arabia,2021-11,1736.166656678368
Saudi Arabia,2021-12,1727.5383381971342
Saudi Arabia,2022-01,1720.909892841153
Saudi Arabia,2022-02,1727.7550379571671
Saudi Arabia,2022-03,1714.1849342385124
Saudi Arabia,2022-06,1723.8582122382763
Saudi Arabia,2022-09,1720.0428673791196
Saudi Arabia,2022-10,1721.6121795675
Saudi Arabia,2022-11,1726.4852994920525
Saudi Arabia,2023-01,1703.793554181403
Saudi Arabia,2023-03,1689.6527342532345
Saudi Arabia,2023-09,1678.533456780964
Saudi Arabia,2023-10,1676.481657495519
Saudi Arabia,2023-11,1672.1855661883144
Saudi Arabia,2024-01,1708.3656430572844
Saudi Arabia,2024-03,1717.936766891521
Saudi Arabia,2024-06,1714.8020613777044
Saudi Arabia,2024-09,1691.4260210209395
Saudi Arabia,2024-10,1690.0454252276486
Saudi Arabia,2024-11,1691.0500348611808
Saudi Arabia,2024-12,1671.877028737702
Saudi Arabia,2025-03,1669.5170227470344
Saudi Arabia,2025-05,1678.2136400913353
Saudi Arabia,2025-06,1689.0132908200394
Saudi Arabia,2025-09,1680.0165691421455
Saudi Arabia,2025-10,1685.8259006689666
Saudi Arabia,2025-11,1687.7431904636344
Saudi Arabia,2025-12,1693.5059738123557
Saudi Arabia,2026-03,1678.9486023396744
Saudi Arabia,2026-05,1676.5848085395237
Saudi Arabia,2026-06,1683.45553028239
Scotland,2016-03,1680.4508037876071
Scotland,2016-05,1684.131074926852
Scotland,2016-06,1681.9720435291297
Scotland,2016-09,1679.7024546711662
Scotland,2016-10,1675.347830232459
Scotland,2016-11,1657.1731978430098
Scotland,2017-03,1648.7465470070588
Scotland,2017-06,1657.5106988173798
Scotland,2017-09,1674.4705492051637
Scotland,2017-10,1686.4632932382765
Scotland,2017-11,1686.0581449152933
Scotland,2018-03,1680.2273248376648
Scotland,2018-05,1684.1363341470076
Scotland,2018-06,1681.5147070838052
Scotland,2018-09,1676.9097766284328
Scotland,2018-10,1670.097666241279
Scotland,2018-11,1688.18406009538
Scotland,2019-03,1663.0918916777475
Scotland,2019-06,1667.200086797956
Scotland,2019-09,1653.1625754131533
Scotland,2019-10,1635.343496142135
Scotland,2019-11,1642.6002127121951
Scotland,2020-09,1640.4602734002926
Scotland,2020-10,1667.0348528872153
Scotland,2020-11,1670.5605265089964
Scotland,2021-03,1654.366455700292
Scotland,2021-06,1649.544172108154
Scotland,2021-09,1627.0779296836558
Scotland,2021-10,1652.465631318365
Scotland,2021-11,1659.7500271806143
Scotland,2022-03,1686.4267326885454
Scotland,2022-06,1655.7701468780133
Scotland,2022-09,1711.602142575769
Scotland,2022-11,1713.9370433335114
Scotland,2023-03,1713.564014514074
Scotland,2023-06,1750.5895937421292
Scotland,2023-09,1763.3882194040798
Scotland,2023-10,1754.2779946877474
Scotland,2023-11,1750.376562107513
Scotland,2024-03,1744.5373522304733
Scotland,2024-06,1729.6375682645264
Scotland,2024-09,1697.544263654721
Scotland,2024-10,1688.61839056977
Scotland,2024-11,1715.3018955672655
Scotland,2025-03,1750.086418340891
Scotland,2025-06,1711.493529396457
Scotland,2025-09,1718.073419155514
Scotland,2025-10,1741.7133002237829
Scotland,2025-11,1734.6185071515708
Scotland,2026-03,1752.9503315859995
Scotland,2026-05,1748.9183646054232
Scotland,2026-06,1758.8720904490835
Senegal,2016-03,1688.6450129570908
Senegal,2016-05,1692.978614168375
Senegal,2016-06,1696.2107117077303
Senegal,2016-09,1703.2377866141178
Senegal,2016-10,1707.5386885665157
Senegal,2017-01,1752.201832001203
Senegal,2017-03,1749.0343287697576
Senegal,2017-05,1749.1978220457806
Senegal,2017-06,1747.8407526565427
Senegal,2017-09,1746.4214104068787
Senegal,2017-10,1745.754958365336
Senegal,2017-11,1773.0944357260664
Senegal,2018-03,1777.7484705233592
Senegal,2018-05,1776.8702277897833
Senegal,2018-06,1798.2949137309442
Senegal,2018-09,1783.0700020767615
Senegal,2018-10,1778.72358081717
Senegal,2018-11,1781.389887349946
Senegal,2019-03,1787.068525506943
Senegal,2019-06,1798.6992516302391
Senegal,2019-07,1813.520625863867
Senegal,2019-10,1792.894060517662
Senegal,2019-11,1798.7840951230162
Senegal,2020-10,1801.3699845479352
Senegal,2020-11,1797.2308907395327
Senegal,2021-03,1794.017102427763
Senegal,2021-06,1786.7585396529748
Senegal,2021-07,1774.475664193902
Senegal,2021-09,1775.494884197465
Senegal,2021-10,1788.348252091644
Senegal,2021-11,1785.4965757480356
Senegal,2022-01,1781.9888856343591
Senegal,2022-02,1808.5420099335252
Senegal,2022-03,1794.457339003233
Senegal,2022-06,1807.3463509770784
Senegal,2022-07,1788.6942336124846
Senegal,2022-09,1785.5674924395882
Senegal,2022-11,1802.9248024799044
Senegal,2022-12,1824.920264151581
Senegal,2023-03,1804.5877754295072
Senegal,2023-06,1801.709165875245
Senegal,2023-09,1804.1871003639171
Senegal,2023-10,1798.9567426738597
Senegal,2023-11,1803.8620819680104
Senegal,2024-01,1832.676187616849
Senegal,2024-03,1830.608632140128
Senegal,2024-06,1823.579910026071
Senegal,2024-09,1819.7742132296776
Senegal,2024-10,1824.4702328285152
Senegal,2024-11,1832.0066082027856
Senegal,2025-03,1824.5595148298707
Senegal,2025-06,1825.9900395802915
Senegal,2025-09,1838.242132192766
Senegal,2025-10,1849.1892845533807
Senegal,2025-11,1847.994005464653
Senegal,2025-12,1847.0379372493087
Senegal,2026-01,1881.3077844906136
Senegal,2026-03,1860.8410659421704
Senegal,2026-05,1861.8117665140453
Senegal,2026-06,1821.28071754057
Senegal,2026-07,1845.899420264141
Serbia,2016-03,1658.3133733837583
Serbia,2016-05,1662.0764614675977
Serbia,2016-06,1665.6244994127364
Serbia,2016-09,1666.7452489226323
Serbia,2016-10,1668.409045783869
Serbia,2016-11,1680.5286570038363
Serbia,2017-01,1676.2679399203355
Serbia,2017-03,1678.036406791256
Serbia,2017-06,1689.137311950066
Serbia,2017-09,1690.7411029733216
Serbia,2017-10,1694.251600195514
Serbia,2017-11,1704.9276669640549
Serbia,2018-03,1702.5474361214983
Serbia,2018-06,1722.0668926419671
Serbia,2018-09,1719.1555521773896
Serbia,2018-10,1731.7661920745177
Serbia,2018-11,1738.746296136837
Serbia,2019-03,1744.8841628936314
Serbia,2019-06,1732.8457588162469
Serbia,2019-09,1725.421615651182
Serbia,2019-10,1731.8386949472797
Serbia,2019-11,1735.6547874449054
Serbia,2020-09,1720.147995794658
Serbia,2020-10,1709.8522057263797
Serbia,2020-11,1711.5783018617192
Serbia,2021-01,1736.2390232527016
Serbia,2021-03,1748.570881512326
Serbia,2021-06,1750.885780758165
Serbia,2021-09,1756.0486382693489
Serbia,2021-10,1756.4008313892955
Serbia,2021-11,1764.321096335062
Serbia,2022-03,1787.7247167685332
Serbia,2022-06,1790.702909039156
Serbia,2022-09,1803.386614592176
Serbia,2022-11,1817.773171133854
Serbia,2022-12,1811.1170787157237
Serbia,2023-01,1795.116112828253
Serbia,2023-03,1801.5204715249984
Serbia,2023-06,1812.6727541268428
Serbia,2023-09,1792.0024851194112
Serbia,2023-10,1785.1963833995007
Serbia,2023-11,1788.6706485960565
Serbia,2024-03,1779.949667740544
Serbia,2024-06,1770.6606952636264
Serbia,2024-09,1782.0817257278202
Serbia,2024-10,1789.8115744107668
Serbia,2024-11,1788.5143101008402
Serbia,2025-03,1791.140313285465
Serbia,2025-06,1803.8832487886284
Serbia,2025-09,1806.449205873697
Serbia,2025-10,1769.5721263403734
Serbia,2025-11,1764.9367020172865
Serbia,2026-03,1764.899515981
Serbia,2026-05,1767.2633097811506
Serbia,2026-06,1757.5030680628076
Seychelles,2016-03,1245.997586298825
Seychelles,2016-06,1221.8789388148164
Seychelles,2016-09,1216.8266925526582
Seychelles,2017-06,1200.5090354226954
Seychelles,2018-03,1196.0375777312938
Seychelles,2018-05,1203.5947729228762
Seychelles,2018-09,1200.5612058274617
Seychelles,2018-10,1195.850589718801
Seychelles,2018-11,1203.740714331557
Seychelles,2019-03,1196.6517662385404
Seychelles,2019-05,1194.813002452451
Seychelles,2019-07,1195.6112011047226
Seychelles,2019-09,1179.5314982501202
Seychelles,2019-10,1165.2849455793312
Seychelles,2021-09,1153.734477750632
Seychelles,2021-11,1159.5868267781054
Seychelles,2022-03,1165.544362834505
Seychelles,2022-07,1151.0947017487615
Seychelles,2022-09,1147.3088190261078
Seychelles,2023-03,1142.3623397539009
Seychelles,2023-07,1137.2255521233212
Seychelles,2023-08,1133.3439505151007
Seychelles,2023-11,1126.5146319933503
Seychelles,2024-06,1115.363477930205
Seychelles,2025-03,1108.0668372448265
Seychelles,2025-09,1098.2930673488731
Seychelles,2025-10,1093.004584188191
Shetland,2017-06,1484.5758805507628
Shetland,2019-06,1478.877212032317
Shetland,2023-07,1481.094379269414
Shetland,2025-07,1500.719894133093
Sierra Leone,2016-03,1443.6016879712283
Sierra Leone,2016-06,1448.2948247998177
Sierra Leone,2016-09,1455.959628330629
Sierra Leone,2018-03,1464.1788014878991
Sierra Leone,2018-07,1463.0624213285414
Sierra Leone,2019-09,1446.488519941393
Sierra Leone,2019-11,1452.1354111437015
Sierra Leone,2020-10,1442.8309182865244
Sierra Leone,2020-11,1446.735566059091
Sierra Leone,2021-03,1452.315436392965
Sierra Leone,2021-06,1451.9676218513755
Sierra Leone,2021-08,1464.4918465674411
Sierra Leone,2021-10,1463.285614264783
Sierra Leone,2021-11,1467.0577192372846
Sierra Leone,2022-01,1483.1653916701136
Sierra Leone,2022-03,1464.3278090834403
Sierra Leone,2022-06,1465.482792509728
Sierra Leone,2022-09,1462.0411226285146
Sierra Leone,2023-03,1451.9869524395815
Sierra Leone,2023-06,1459.5111577285213
Sierra Leone,2023-09,1455.6060500001906
Sierra Leone,2023-10,1448.332908452833
Sierra Leone,2023-11,1449.4130742210884
Sierra Leone,2024-01,1442.476791260797
Sierra Leone,2024-06,1444.9244261938654
Sierra Leone,2024-09,1446.3013371834318
Sierra Leone,2024-10,1436.6258333218468
Sierra Leone,2024-11,1449.8854917039637
Sierra Leone,2025-03,1456.966172390701
Sierra Leone,2025-09,1454.4993293227328
Sierra Leone,2025-10,1462.725392457442
Sierra Leone,2026-03,1465.626834339996
Sierra Leone,2026-06,1467.7834468843432
Singapore,2016-03,1396.7816814780692
Singapore,2016-06,1386.5423873554978
Singapore,2016-07,1380.0515897063838
Singapore,2016-09,1373.783405720893
Singapore,2016-10,1370.3105268554152
Singapore,2016-11,1362.3009496746686
Singapore,2017-03,1350.75267045459
Singapore,2017-06,1340.9003482376236
Singapore,2017-08,1340.2895506002565
Singapore,2017-09,1340.1562620696118
Singapore,2017-10,1339.7373305443064
Singapore,2017-11,1331.696303544268
Singapore,2018-03,1323.1989877260633
Singapore,2018-09,1310.8211256379286
Singapore,2018-10,1323.5770417562878
Singapore,2018-11,1332.9446328605698
Singapore,2019-03,1327.9850402535078
Singapore,2019-06,1336.3609471098923
Singapore,2019-09,1329.4037092397284
Singapore,2019-10,1344.1731595972649
Singapore,2019-11,1337.379852879857
Singapore,2021-05,1350.264241119586
Singapore,2021-06,1330.928762920339
Singapore,2021-11,1327.179176421056
Singapore,2021-12,1333.730527880925
Singapore,2022-03,1324.5900661605406
Singapore,2022-06,1315.269431239018
Singapore,2022-09,1326.7602625814193
Singapore,2022-12,1340.6777553498755
Singapore,2023-01,1343.424380361607
Singapore,2023-03,1335.241164097639
Singapore,2023-06,1338.6423909258674
Singapore,2023-09,1335.612283508052
Singapore,2023-10,1341.8454452949356
Singapore,2023-11,1346.2719098593946
Singapore,2024-03,1339.4914382031463
Singapore,2024-06,1328.4366898051544
Singapore,2024-11,1324.7514627845396
Singapore,2024-12,1313.6148371202796
Singapore,2025-03,1302.4200584214357
Singapore,2025-06,1305.0833636073585
Singapore,2025-09,1311.5077213287925
Singapore,2025-10,1309.487941643717
Singapore,2025-11,1321.6053238779982
Singapore,2026-05,1335.0972967498903
Singapore,2026-06,1337.71680056991
Sint Maarten,2016-03,1449.9192183630637
Sint Maarten,2018-05,1432.5110925013655
Sint Maarten,2018-08,1428.4593460941612
Sint Maarten,2018-09,1425.2602557338196
Sint Maarten,2018-10,1414.9291188764407
Sint Maarten,2018-11,1399.3849682574353
Sint Maarten,2019-02,1383.0929937219537
Sint Maarten,2019-03,1383.388307702602
Sint Maarten,2019-09,1388.8518884247871
Sint Maarten,2019-10,1361.9789201734577
Sint Maarten,2019-11,1357.138245545336
Sint Maarten,2022-06,1355.9179600831235
Sint Maarten,2023-03,1355.7400217951786
Sint Maarten,2023-06,1359.96772843723
Sint Maarten,2023-09,1336.1962995760182
Sint Maarten,2023-10,1323.7093678864264
Sint Maarten,2023-11,1328.5654806325476
Sint Maarten,2024-09,1348.6568512880376
Sint Maarten,2024-10,1352.177505460999
Sint Maarten,2024-11,1339.0997427743432
Sint Maarten,2025-11,1346.5779136879682
Sint Maarten,2026-03,1360.19909282566
Slovakia,2016-03,1659.6879064968664
Slovakia,2016-05,1664.4296381672768
Slovakia,2016-06,1684.554411757911
Slovakia,2016-09,1677.654100061745
Slovakia,2016-10,1657.3774202022532
Slovakia,2016-11,1682.857526912745
Slovakia,2017-03,1683.1624756255374
Slovakia,2017-06,1686.1880876898683
Slovakia,2017-09,1699.779063700386
Slovakia,2017-10,1684.4360882793933
Slovakia,2017-11,1683.1774368204035
Slovakia,2018-03,1689.1777906566294
Slovakia,2018-05,1692.1158147219585
Slovakia,2018-06,1693.6613438054628
Slovakia,2018-09,1698.265810562665
Slovakia,2018-10,1670.8593372881478
Slovakia,2018-11,1698.5573432537435
Slovakia,2019-03,1697.064983223245
Slovakia,2019-06,1693.36956357833
Slovakia,2019-09,1686.479261960906
Slovakia,2019-10,1696.3096093638214
Slovakia,2019-11,1689.056701335889
Slovakia,2020-09,1668.2654721205042
Slovakia,2020-10,1652.9503147342984
Slovakia,2020-11,1656.837198965803
Slovakia,2021-03,1625.3410483390733
Slovakia,2021-06,1652.9444002318692
Slovakia,2021-09,1638.0896682945242
Slovakia,2021-10,1635.0309957469426
Slovakia,2021-11,1638.7321924254888
Slovakia,2022-03,1640.8879396219056
Slovakia,2022-06,1635.379690655732
Slovakia,2022-09,1589.9292093618526
Slovakia,2022-11,1583.7536333574658
Slovakia,2023-03,1577.9032831406723
Slovakia,2023-06,1605.9646363360605
Slovakia,2023-09,1604.056982275544
Slovakia,2023-10,1603.5838485860486
Slovakia,2023-11,1621.307408382443
Slovakia,2024-03,1627.458813878075
Slovakia,2024-06,1655.182881293485
Slovakia,2024-09,1657.0907772181026
Slovakia,2024-10,1662.976613009536
Slovakia,2024-11,1663.7826829832202
Slovakia,2025-03,1665.2631756389849
Slovakia,2025-06,1651.0024452029204
Slovakia,2025-09,1674.5695894415603
Slovakia,2025-10,1659.1686104716237
Slovakia,2025-11,1670.9098298274905
Slovakia,2026-03,1648.745700666581
Slovakia,2026-06,1654.2832764300308
Slovenia,2016-03,1601.6637575688826
Slovenia,2016-05,1597.5667303180144
Slovenia,2016-06,1599.801078043934
Slovenia,2016-09,1596.7509906433058
Slovenia,2016-10,1605.990037442535
Slovenia,2016-11,1615.295626814893
Slovenia,2017-03,1617.6838490059324
Slovenia,2017-06,1608.9196971956114
Slovenia,2017-09,1603.9977724126932
Slovenia,2017-10,1609.7285876954274
Slovenia,2018-03,1605.3412831844769
Slovenia,2018-06,1596.5991590195429
Slovenia,2018-09,1586.674449200052
Slovenia,2018-10,1558.612097218878
Slovenia,2018-11,1552.0602795820598
Slovenia,2019-03,1559.3901658324846
Slovenia,2019-06,1549.9893963433012
Slovenia,2019-09,1585.9975589081996
Slovenia,2019-10,1583.224591165256
Slovenia,2019-11,1576.4019409503294
Slovenia,2020-09,1571.741570030563
Slovenia,2020-10,1589.5035506975648
Slovenia,2020-11,1605.10299129459
Slovenia,2021-03,1619.7225878019522
Slovenia,2021-06,1601.9343457590949
Slovenia,2021-09,1604.593398309109
Slovenia,2021-10,1604.4562536313806
Slovenia,2021-11,1598.4505262873931
Slovenia,2022-03,1603.7652265638178
Slovenia,2022-06,1589.5640832160436
Slovenia,2022-09,1611.8595447541577
Slovenia,2022-11,1623.6966827025235
Slovenia,2023-03,1632.161322947598
Slovenia,2023-06,1620.3751285824403
Slovenia,2023-09,1633.6192848784508
Slovenia,2023-10,1652.2427580880435
Slovenia,2023-11,1656.0580972156104
Slovenia,2024-01,1659.810879380884
Slovenia,2024-03,1663.1716305555651
Slovenia,2024-06,1683.979143871557
Slovenia,2024-07,1695.3764119386624
Slovenia,2024-09,1707.177833891597
Slovenia,2024-10,1693.3103957899016
Slovenia,2024-11,1671.9292718023603
Slovenia,2025-03,1681.3936727073722
Slovenia,2025-06,1694.079661324991
Slovenia,2025-09,1695.335466704543
Slovenia,2025-10,1684.683455099875
Slovenia,2025-11,1663.60935656351
Slovenia,2026-03,1663.4580944007
Slovenia,2026-06,1662.8528580106322
Solomon Islands,2016-03,1532.16843676593
Solomon Islands,2016-05,1544.9096503177498
Solomon Islands,2016-06,1534.498376337389
Solomon Islands,2016-10,1521.117310654123
Solomon Islands,2016-11,1501.556966291217
Solomon Islands,2017-05,1514.6606290514617
Solomon Islands,2017-06,1521.6793814592654
Solomon Islands,2017-09,1524.3627489922492
Solomon Islands,2017-12,1548.869694993179
Solomon Islands,2018-08,1542.689281954948
Solomon Islands,2018-09,1543.8237380528976
Solomon Islands,2019-03,1550.4164607274688
Solomon Islands,2019-06,1551.841553373355
Solomon Islands,2019-07,1538.794735532672
Solomon Islands,2022-03,1576.7072363210032
Solomon Islands,2022-09,1570.834465303318
Solomon Islands,2023-03,1568.9324027710684
Solomon Islands,2023-06,1567.5494575850337
Solomon Islands,2023-10,1583.631245929762
Solomon Islands,2023-11,1597.668927696022
Solomon Islands,2023-12,1606.9052680155742
Solomon Islands,2024-03,1608.223256232816
Solomon Islands,2024-06,1591.6573511863298
Solomon Islands,2024-09,1574.9764897139207
Solomon Islands,2024-10,1551.9392199839272
Solomon Islands,2024-11,1533.6386112838045
Solomon Islands,2024-12,1543.2062729589118
Solomon Islands,2025-11,1522.909915367006
Solomon Islands,2026-03,1492.2283232227285
Somalia,2019-09,1128.4830171504384
Somalia,2021-06,1122.7089376912936
Somalia,2022-03,1113.43805629637
Somalia,2023-10,1106.4349597304067
Somalia,2023-11,1104.4228792506378
Somalia,2024-03,1095.6269410984416
Somalia,2024-06,1100.11473010427
Somalia,2025-03,1105.9639836178935
Somalia,2025-09,1099.8415737929563
Somalia,2025-10,1097.3438887610098
Somalia,2025-11,1102.8187480673448
Somaliland,2016-05,1485.9424054999995
Somaliland,2016-06,1478.5208297751456
Somaliland,2019-05,1493.9797543304423
South Africa,2016-03,1643.1141420531064
South Africa,2016-06,1652.6324141379916
South Africa,2016-09,1648.852506423571
South Africa,2016-10,1652.2714764029854
South Africa,2016-11,1652.443385180442
South Africa,2017-03,1652.558886943472
South Africa,2017-06,1670.8677077787445
South Africa,2017-07,1655.3035486291303
South Africa,2017-09,1643.7864377493152
South Africa,2017-10,1626.3965346055545
South Africa,2017-11,1627.476223472214
South Africa,2018-03,1619.9499121052982
South Africa,2018-06,1627.74969857325
South Africa,2018-09,1633.4119107106649
South Africa,2018-10,1632.193213612694
South Africa,2018-11,1625.646692787349
South Africa,2019-03,1625.733743663831
South Africa,2019-06,1609.7472610569228
South Africa,2019-07,1633.7592397931994
South Africa,2019-10,1620.8636922662797
South Africa,2019-11,1615.4883373618488
South Africa,2020-10,1616.6746829754927
South Africa,2020-11,1614.481202902044
South Africa,2021-03,1618.3222555286975
South Africa,2021-06,1598.504966737701
South Africa,2021-07,1614.0713958664164
South Africa,2021-09,1614.3557051254734
South Africa,2021-10,1640.0565946538552
South Africa,2021-11,1649.3318462086695
South Africa,2022-03,1639.807864692472
South Africa,2022-06,1638.8535230288576
South Africa,2022-07,1632.044900280294
South Africa,2022-09,1638.184121854329
South Africa,2022-11,1641.124196037459
South Africa,2023-03,1632.0438047938785
South Africa,2023-06,1638.0365531895482
South Africa,2023-07,1641.2103774390043
South Africa,2023-09,1633.9437858834888
South Africa,2023-10,1633.9503188105557
South Africa,2023-11,1641.3788324288516
South Africa,2024-01,1626.8128864103137
South Africa,2024-02,1668.4911789373182
South Africa,2024-03,1658.5763345206278
South Africa,2024-06,1665.9744175452777
South Africa,2024-09,1666.2647361953095
South Africa,2024-10,1674.972280212593
South Africa,2024-11,1682.1489686324967
South Africa,2025-03,1646.7138462492376
South Africa,2025-06,1656.1860456172367
South Africa,2025-09,1664.7926240326633
South Africa,2025-10,1655.7755172046132
South Africa,2025-11,1662.5449019787218
South Africa,2025-12,1663.3656000776684
South Africa,2026-01,1671.1342629266735
South Africa,2026-03,1655.9119096813467
South Africa,2026-05,1652.7446506975475
South Africa,2026-06,1679.3207662274303
South Korea,2016-03,1814.17623984624
South Korea,2016-06,1811.6015588865307
South Korea,2016-09,1821.1958727848116
South Korea,2016-10,1818.3272088880708
South Korea,2016-11,1810.4318998908127
South Korea,2017-03,1802.3784460670788
South Korea,2017-06,1805.010393113074
South Korea,2017-08,1788.4818132693704
South Korea,2017-09,1787.97021697928
South Korea,2017-10,1781.0533480762465
South Korea,2017-11,1777.9005514082448
South Korea,2017-12,1777.9515192852634
South Korea,2018-01,1796.6042628099096
South Korea,2018-02,1794.630432746451
South Korea,2018-03,1789.9969262308534
South Korea,2018-05,1786.6960273734198
South Korea,2018-06,1740.1120230204706
South Korea,2018-09,1795.211204378426
South Korea,2018-10,1799.7804137336766
South Korea,2018-11,1797.884382869356
South Korea,2018-12,1803.234913326412
South Korea,2019-01,1828.0270280908824
South Korea,2019-03,1807.270244086998
South Korea,2019-06,1814.3312954035264
South Korea,2019-09,1811.1039221321507
South Korea,2019-10,1816.7008487382109
South Korea,2019-11,1803.139207825856
South Korea,2019-12,1804.9164405143465
South Korea,2020-11,1808.5239520916616
South Korea,2021-03,1811.5800319526672
South Korea,2021-06,1809.9323661974445
South Korea,2021-09,1806.6723487507768
South Korea,2021-10,1813.344776577842
South Korea,2021-11,1821.5712451843729
South Korea,2022-01,1837.4242752187952
South Korea,2022-02,1841.774967174978
South Korea,2022-03,1864.016094183307
South Korea,2022-06,1844.0679799273971
South Korea,2022-07,1854.9176200209051
South Korea,2022-09,1841.025151250605
South Korea,2022-11,1846.98614472278
South Korea,2022-12,1846.600261565724
South Korea,2023-03,1832.386329441008
South Korea,2023-06,1823.5015927710365
South Korea,2023-09,1819.828274879486
South Korea,2023-10,1827.2337571532328
South Korea,2023-11,1831.1060101452024
South Korea,2024-01,1832.861658691061
South Korea,2024-02,1843.513062040507
South Korea,2024-03,1799.5214314474144
South Korea,2024-06,1815.449743616272
South Korea,2024-09,1809.7620858110013
South Korea,2024-10,1837.6363764423147
South Korea,2024-11,1849.9208692705663
South Korea,2025-03,1832.8434351925985
South Korea,2025-06,1840.982812029783
South Korea,2025-09,1850.7927216271755
South Korea,2025-10,1844.8263607150996
South Korea,2025-11,1851.029204521743
South Korea,2026-03,1842.4598978270008
South Korea,2026-05,1838.5048718597932
South Korea,2026-06,1841.771259436431
South Ossetia,2017-06,1422.6443751968352
South Ossetia,2019-06,1458.3692071361552
South Ossetia,2019-08,1479.0592663888335
South Ossetia,2019-12,1484.2455515983145
South Sudan,2016-03,1403.870596943716
South Sudan,2016-06,1393.6933383847952
South Sudan,2016-09,1384.3101052975385
South Sudan,2017-03,1347.5342946458677
South Sudan,2017-06,1353.4721719499362
South Sudan,2017-12,1325.959806351931
South Sudan,2018-09,1328.3932970079795
South Sudan,2018-10,1314.698178703576
South Sudan,2018-11,1308.850731290083
South Sudan,2019-03,1294.566405057467
South Sudan,2019-09,1296.0684834290523
South Sudan,2019-10,1297.0811230474765
South Sudan,2019-11,1300.8436252064146
South Sudan,2020-10,1298.1480760938557
South Sudan,2020-11,1299.4150592200294
South Sudan,2021-03,1308.5104950126508
South Sudan,2021-10,1308.3520234587902
South Sudan,2022-01,1305.7960475758548
South Sudan,2022-03,1311.6062845230072
South Sudan,2022-06,1311.240754233962
South Sudan,2023-03,1323.575000004569
South Sudan,2023-06,1311.7869913980528
South Sudan,2023-09,1308.4452378106453
South Sudan,2023-11,1313.0961027023588
South Sudan,2024-03,1315.487440129889
South Sudan,2024-06,1320.3900276888746
South Sudan,2024-09,1297.953103802243
South Sudan,2024-10,1291.9778327845825
South Sudan,2024-11,1298.7000501655275
South Sudan,2025-03,1294.0295166702228
South Sudan,2025-09,1293.1834390402255
South Sudan,2025-10,1296.8722518819488
South Sudan,2025-11,1299.8118407071208
Spain,2016-03,1981.5431495291052
Spain,2016-05,1979.463811928854
Spain,2016-06,1970.9823648435377
Spain,2016-09,1943.4213470907816
Spain,2016-10,1944.994593190982
Spain,2016-11,1951.7883210599605
Spain,2017-03,1955.200807328853
Spain,2017-06,1960.697307192935
Spain,2017-09,1977.241699883151
Spain,2017-10,1980.6097420405565
Spain,2017-11,1986.549272197934
Spain,2018-03,1985.95127288994
Spain,2018-06,2000.143249915244
Spain,2018-07,1986.4314264911352
Spain,2018-09,1988.7807024958297
Spain,2018-10,2008.580462700414
Spain,2018-11,1971.302483043185
Spain,2019-03,1974.62510297592
Spain,2019-06,1975.920470913319
Spain,2019-09,1989.0951514178728
Spain,2019-10,1982.5074856311328
Spain,2019-11,1979.4212912005
Spain,2020-09,1985.843062737017
Spain,2020-10,2002.181709137645
Spain,2020-11,1979.11111333839
Spain,2021-03,1993.9214253079767
Spain,2021-06,1978.9597427571332
Spain,2021-07,1987.853501647113
Spain,2021-09,1975.766955966852
Spain,2021-10,1996.673387058422
Spain,2021-11,1988.7256880341863
Spain,2022-03,1993.74144899807
Spain,2022-06,1996.5542490500004
Spain,2022-09,1982.169282649028
Spain,2022-11,2021.308675900378
Spain,2022-12,1986.0489219858528
Spain,2023-03,1984.0328765139216
Spain,2023-06,1972.0835331020744
Spain,2023-09,1978.0730280452635
Spain,2023-10,1984.28724793704
Spain,2023-11,1990.3995964943729
Spain,2024-03,1988.060659563044
Spain,2024-06,2028.7135915933115
Spain,2024-07,2067.46265416786
Spain,2024-09,2071.565415620832
Spain,2024-10,2090.547549896198
Spain,2024-11,2103.1236302771167
Spain,2025-03,2102.3714528056607
Spain,2025-06,2105.2736098396263
Spain,2025-09,2102.1606752568496
Spain,2025-10,2114.2829453355607
Spain,2025-11,2119.187700721921
Spain,2026-03,2110.89924610598
Spain,2026-06,2094.522227225973
Spain,2026-07,2103.4831279906043
Sri Lanka,2016-01,1115.3324279020298
Sri Lanka,2016-10,1112.2406639291
Sri Lanka,2016-11,1090.4315718325151
Sri Lanka,2018-08,1090.3002944975217
Sri Lanka,2018-09,1092.6190960970073
Sri Lanka,2018-10,1095.7979942562058
Sri Lanka,2019-05,1088.3090833744038
Sri Lanka,2019-06,1078.6088739483764
Sri Lanka,2019-08,1095.6964863552685
Sri Lanka,2019-09,1088.551339637426
Sri Lanka,2019-10,1083.3774171685805
Sri Lanka,2019-11,1078.8262735748488
Sri Lanka,2021-06,1074.2194925830572
Sri Lanka,2021-10,1069.0737490204583
Sri Lanka,2021-11,1069.2415047176178
Sri Lanka,2022-06,1067.2080148679595
Sri Lanka,2023-10,1052.1148418558682
Sri Lanka,2024-03,1064.2490490766684
Sri Lanka,2024-06,1068.1523262621504
Sri Lanka,2024-09,1064.2998812486255
Sri Lanka,2024-10,1064.9181675442956
Sri Lanka,2024-11,1073.3573892082663
Sri Lanka,2025-03,1075.3232210067888
Sri Lanka,2025-06,1077.9898397364152
Sri Lanka,2025-09,1080.3581695275948
Sri Lanka,2025-10,1097.435299805342
Sri Lanka,2025-11,1095.394331889983
Sudan,2016-03,1422.2494362734626
Sudan,2016-05,1429.4388455935723
Sudan,2016-06,1430.6368072391467
Sudan,2016-09,1422.9720037083357
Sudan,2017-06,1419.7281736329394
Sudan,2017-08,1400.9432949208478
Sudan,2018-09,1398.0885974048506
Sudan,2018-10,1388.5311666621656
Sudan,2018-11,1385.8648601293896
Sudan,2019-03,1406.4763365107303
Sudan,2019-09,1408.4458201497073
Sudan,2019-11,1416.307755732889
Sudan,2020-10,1410.9377437814965
Sudan,2020-11,1409.0634009932714
Sudan,2021-03,1437.649931006319
Sudan,2021-06,1454.0632740629626
Sudan,2021-08,1460.4608136195814
Sudan,2021-09,1461.3876116396484
Sudan,2021-10,1442.7320987986002
Sudan,2021-11,1442.205283792895
Sudan,2021-12,1427.5557614839918
Sudan,2022-01,1418.376298128802
Sudan,2022-03,1413.0179420088914
Sudan,2022-06,1399.4062616364995
Sudan,2022-09,1412.8445196863706
Sudan,2022-11,1414.812720590899
Sudan,2023-03,1407.2685709083337
Sudan,2023-06,1420.1507907356925
Sudan,2023-09,1403.2023048207514
Sudan,2023-10,1398.4908083790324
Sudan,2023-11,1404.2870055569504
Sudan,2024-06,1445.421193292651
Sudan,2024-09,1470.2823764804812
Sudan,2024-10,1470.8354505850689
Sudan,2024-11,1466.4315286476494
Sudan,2025-02,1470.1487457290134
Sudan,2025-03,1483.8393608508409
Sudan,2025-09,1474.9585625040504
Sudan,2025-10,1463.1129456965175
Sudan,2025-11,1455.9727183214193
Sudan,2025-12,1469.302463099231
Sudan,2026-01,1455.4505989321672
Suriname,2016-02,1412.2123915200066
Suriname,2016-03,1423.0770051804543
Suriname,2016-06,1434.968857321216
Suriname,2016-10,1427.666483215867
Suriname,2016-11,1436.2455928128516
Suriname,2017-01,1447.3151209112905
Suriname,2018-09,1436.913194086893
Suriname,2018-10,1433.3138595532116
Suriname,2018-11,1436.5999489839817
Suriname,2019-03,1433.5558183891517
Suriname,2019-09,1450.2011071152726
Suriname,2019-10,1458.164587180347
Suriname,2019-11,1452.445213683781
Suriname,2021-03,1466.726905059868
Suriname,2021-06,1500.0548752283798
Suriname,2021-07,1469.867461801926
Suriname,2022-01,1486.3909863790009
Suriname,2022-02,1488.2909912886246
Suriname,2022-03,1490.6246012780025
Suriname,2022-06,1483.5299404073558
Suriname,2022-09,1481.728464452725
Suriname,2023-03,1484.9381258743667
Suriname,2023-06,1481.537951063421
Suriname,2023-09,1476.7847541234985
Suriname,2023-10,1471.2072437886704
Suriname,2024-03,1477.6723434973867
Suriname,2024-06,1487.3694287122255
Suriname,2024-09,1504.8565561213045
Suriname,2024-10,1502.6239674824562
Suriname,2024-11,1508.6214256493424
Suriname,2025-03,1512.60161384932
Suriname,2025-06,1518.8975334970175
Suriname,2025-09,1523.7230137081
Suriname,2025-10,1539.2140308142734
Suriname,2025-11,1564.254892971009
Suriname,2026-03,1552.2799605794928
Surrey,2018-05,1500.0
Sweden,2016-01,1752.2344026086346
Sweden,2016-03,1752.6965757206667
Sweden,2016-05,1751.7210677745009
Sweden,2016-06,1741.024386359877
Sweden,2016-09,1728.4168099798603
Sweden,2016-10,1734.0747522879155
Sweden,2016-11,1743.6536261378133
Sweden,2017-01,1739.3387466658808
Sweden,2017-03,1744.0492530331912
Sweden,2017-06,1766.3461359710582
Sweden,2017-08,1765.0027104398266
Sweden,2017-09,1749.7319739079644
Sweden,2017-10,1763.879171647551
Sweden,2017-11,1769.3526125433066
Sweden,2018-01,1772.616603906597
Sweden,2018-03,1773.01320580943
Sweden,2018-06,1780.1325514293412
Sweden,2018-07,1847.9752280031496
Sweden,2018-09,1815.0432678955483
Sweden,2018-10,1795.4382739132302
Sweden,2018-11,1806.371052074055
Sweden,2019-01,1815.1685064927792
Sweden,2019-03,1819.254247414199
Sweden,2019-06,1816.587678051533
Sweden,2019-09,1810.3180539892849
Sweden,2019-10,1805.7350327312288
Sweden,2019-11,1823.4361372217093
Sweden,2020-01,1824.6104002925429
Sweden,2020-09,1816.4533125789776
Sweden,2020-10,1795.3807385070716
Sweden,2020-11,1796.5347559853956
Sweden,2021-03,1802.3801964720087
Sweden,2021-05,1802.888924510264
Sweden,2021-06,1841.7250248818443
Sweden,2021-09,1836.9912596195409
Sweden,2021-10,1825.1466327298
Sweden,2021-11,1803.476221497862
Sweden,2022-03,1808.0882882082333
Sweden,2022-06,1767.7298502234064
Sweden,2022-09,1736.689182692252
Sweden,2022-11,1735.335601363956
Sweden,2023-01,1745.514399414634
Sweden,2023-03,1735.3927490309543
Sweden,2023-06,1744.4190117510525
Sweden,2023-09,1739.112496458623
Sweden,2023-10,1719.9241526593612
Sweden,2023-11,1696.658524214341
Sweden,2024-01,1700.2985300929358
Sweden,2024-03,1699.8836137601666
Sweden,2024-06,1699.963221458009
Sweden,2024-09,1704.0036992239552
Sweden,2024-10,1709.7455900934606
Sweden,2024-11,1729.2061498075757
Sweden,2025-03,1728.1200670677651
Sweden,2025-06,1737.8035175465668
Sweden,2025-09,1742.0225133227343
Sweden,2025-10,1704.0145900270932
Sweden,2025-11,1677.9246101400206
Sweden,2026-03,1697.996819495097
Sweden,2026-06,1736.425212562072
Switzerland,2016-03,1764.5686308101367
Switzerland,2016-05,1756.2314821241291
Switzerland,2016-06,1768.1944800555689
Switzerland,2016-09,1767.87026033928
Switzerland,2016-10,1798.8865028230475
Switzerland,2016-11,1799.3987484297588
Switzerland,2017-03,1800.468815815629
Switzerland,2017-06,1803.185594653564
Switzerland,2017-08,1805.270618825168
Switzerland,2017-09,1805.747542463484
Switzerland,2017-10,1818.8849039806887
Switzerland,2017-11,1816.9181287317767
Switzerland,2018-03,1811.980120116432
Switzerland,2018-06,1849.2682271605795
Switzerland,2018-07,1844.394096646785
Switzerland,2018-09,1837.5978251197453
Switzerland,2018-10,1828.6113804727336
Switzerland,2018-11,1831.9426341385647
Switzerland,2019-03,1869.2622436282277
Switzerland,2019-06,1851.723171188741
Switzerland,2019-09,1851.033953937157
Switzerland,2019-10,1842.272079094072
Switzerland,2019-11,1852.2920122235907
Switzerland,2020-09,1840.1898473612655
Switzerland,2020-10,1831.542103735534
Switzerland,2020-11,1840.1963394718557
Switzerland,2021-03,1863.750349124287
Switzerland,2021-05,1865.2224301932172
Switzerland,2021-06,1866.5114298197536
Switzerland,2021-07,1874.379480612261
Switzerland,2021-09,1883.2785942085716
Switzerland,2021-10,1879.7018589965344
Switzerland,2021-11,1888.2895522935723
Switzerland,2022-03,1889.6162359352
Switzerland,2022-06,1843.3168055367337
Switzerland,2022-09,1881.6728745191845
Switzerland,2022-11,1890.2198893450532
Switzerland,2022-12,1897.537070084706
Switzerland,2023-03,1868.525197812179
Switzerland,2023-06,1873.9969391736663
Switzerland,2023-09,1858.466563711033
Switzerland,2023-10,1858.9149963838736
Switzerland,2023-11,1833.378905271731
Switzerland,2024-03,1819.6330326754908
Switzerland,2024-06,1846.5390187414016
Switzerland,2024-07,1877.5371531598248
Switzerland,2024-09,1860.4440224304308
Switzerland,2024-10,1823.9174131003765
Switzerland,2024-11,1818.201029418072
Switzerland,2025-03,1812.746332958656
Switzerland,2025-06,1820.364293969758
Switzerland,2025-09,1835.2695907924244
Switzerland,2025-10,1860.0022293742288
Switzerland,2025-11,1864.952349743404
Switzerland,2026-03,1855.7840792392149
Switzerland,2026-05,1856.2767388987304
Switzerland,2026-06,1861.830032962
Switzerland,2026-07,1883.091074671374
Syria,2016-03,1594.440256281467
Syria,2016-05,1586.161544552982
Syria,2016-06,1578.884286288784
Syria,2016-08,1589.0920181213016
Syria,2016-09,1582.622995060269
Syria,2016-10,1606.647796656884
Syria,2016-11,1599.4686771933896
Syria,2017-03,1622.7019931657665
Syria,2017-06,1623.8478730810623
Syria,2017-08,1626.386444234285
Syria,2017-09,1644.0887357641866
Syria,2017-10,1656.1676123730042
Syria,2017-11,1650.195658163239
Syria,2018-03,1650.0509040417094
Syria,2018-09,1652.0190110908477
Syria,2018-10,1649.9416568661654
Syria,2018-11,1645.4846881783374
Syria,2018-12,1648.8891950576644
Syria,2019-01,1618.2742015728957
Syria,2019-03,1608.3450829940489
Syria,2019-06,1606.7771822751658
Syria,2019-07,1595.5361683942888
Syria,2019-08,1581.6887369728263
Syria,2019-09,1572.1892699349503
Syria,2019-10,1587.7543998737842
Syria,2019-11,1605.092374052225
Syria,2020-11,1615.1277007393328
Syria,2021-03,1606.4668061873415
Syria,2021-06,1611.4681332283817
Syria,2021-09,1594.9164873368904
Syria,2021-10,1592.0097545605065
Syria,2021-11,1573.9842321255992
Syria,2021-12,1583.901692035213
Syria,2022-01,1572.3175652949467
Syria,2022-02,1560.031495775553
Syria,2022-03,1576.2923952188885
Syria,2022-06,1579.2967990322218
Syria,2022-09,1574.3057624498952
Syria,2022-11,1560.744793908979
Syria,2022-12,1554.916918166486
Syria,2023-03,1557.823290715071
Syria,2023-06,1555.2146912641704
Syria,2023-09,1550.436499482482
Syria,2023-10,1555.7939499173435
Syria,2023-11,1562.1285578176442
Syria,2024-01,1565.177360721884
Syria,2024-03,1567.710160020251
Syria,2024-06,1559.9557357831247
Syria,2024-09,1558.9793914978763
Syria,2024-10,1575.003388168087
Syria,2024-11,1568.2771309422749
Syria,2025-03,1565.4044138994648
Syria,2025-06,1567.4345074792277
Syria,2025-09,1567.541717057071
Syria,2025-10,1570.790798798493
Syria,2025-11,1579.8142011626812
Syria,2025-12,1597.603258075898
Syria,2026-06,1594.7611095254515
Székely Land,2016-05,1419.5152150386343
Székely Land,2016-06,1429.143269769928
Székely Land,2016-08,1413.684345214631
Székely Land,2017-06,1434.5960744180347
Székely Land,2018-05,1470.3777715220222
Székely Land,2018-06,1499.5815577590347
Székely Land,2019-06,1445.795014279638
Székely Land,2023-06,1430.7543540906008
Székely Land,2023-07,1442.3231506263105
Sápmi,2016-05,1563.6694263094178
Sápmi,2016-06,1550.8077580444965
Sápmi,2019-06,1486.0175387322172
Sápmi,2023-07,1501.0581989212544
São Tomé and Príncipe,2016-03,1349.4765877784005
São Tomé and Príncipe,2016-06,1341.2823627581913
São Tomé and Príncipe,2016-09,1335.6896058821603
São Tomé and Príncipe,2017-03,1321.8763870739392
São Tomé and Príncipe,2018-03,1315.4996558994403
São Tomé and Príncipe,2019-09,1302.3200540570808
São Tomé and Príncipe,2019-10,1312.3198507763432
São Tomé and Príncipe,2019-11,1307.9024216273338
São Tomé and Príncipe,2020-11,1302.3509841292432
São Tomé and Príncipe,2021-03,1286.8851236002115
São Tomé and Príncipe,2022-03,1268.7022730441356
São Tomé and Príncipe,2022-06,1260.097130646988
São Tomé and Príncipe,2023-03,1261.8851842612412
São Tomé and Príncipe,2023-06,1254.3609789723016
São Tomé and Príncipe,2023-09,1250.9099440225136
São Tomé and Príncipe,2023-11,1247.337613516676
São Tomé and Príncipe,2024-03,1243.1868706558546
São Tomé and Príncipe,2024-06,1239.254614993284
São Tomé and Príncipe,2025-03,1229.3156262783175
São Tomé and Príncipe,2025-09,1221.3267195867743
São Tomé and Príncipe,2025-10,1211.609154283829
Tahiti,2016-05,1521.7179943941476
Tahiti,2016-06,1530.4143411678417
Tahiti,2016-11,1549.394786497378
Tahiti,2017-03,1557.50764983548
Tahiti,2018-03,1540.958502368465
Tahiti,2019-06,1540.35529644419
Tahiti,2019-07,1545.2668955749912
Tahiti,2022-03,1531.3620909359988
Tahiti,2023-03,1518.705842334506
Tahiti,2023-08,1525.5782443980547
Tahiti,2023-11,1535.9400587805428
Tahiti,2024-06,1536.8668353173075
Tahiti,2024-10,1546.2402935561695
Tahiti,2024-11,1545.267389719239
Tahiti,2025-03,1560.6334667934173
Taiwan,2016-03,1171.9418270718786
Taiwan,2016-06,1165.4897156537545
Taiwan,2016-07,1149.413512511698
Taiwan,2016-10,1164.3323315213822
Taiwan,2016-11,1168.3806095099712
Taiwan,2017-03,1164.696769612656
Taiwan,2017-06,1167.6938985472602
Taiwan,2017-09,1183.9390332916485
Taiwan,2017-10,1186.2520317308415
Taiwan,2017-11,1203.1791325950926
Taiwan,2017-12,1212.3893894910782
Taiwan,2018-03,1216.0349574248833
Taiwan,2018-06,1219.324669516889
Taiwan,2018-09,1214.2949202867592
Taiwan,2018-11,1221.656645927544
Taiwan,2019-03,1219.7978452463913
Taiwan,2019-06,1217.3759337200224
Taiwan,2019-08,1227.0724774835378
Taiwan,2019-09,1228.967997021677
Taiwan,2019-10,1205.7915008932732
Taiwan,2019-11,1197.2191763734388
Taiwan,2021-06,1175.5181531211183
Taiwan,2021-10,1167.4719315547054
Taiwan,2022-12,1157.5330091714077
Taiwan,2023-06,1167.77994512261
Taiwan,2023-09,1174.9917648980434
Taiwan,2023-10,1181.6909130833606
Taiwan,2023-11,1187.790851927496
Taiwan,2024-03,1172.4147851452717
Taiwan,2024-06,1162.7483246141285
Taiwan,2024-10,1158.1423033877825
Taiwan,2024-11,1154.5084515410313
Taiwan,2024-12,1178.942550650712
Taiwan,2025-03,1174.6950359105851
Taiwan,2025-06,1169.0719226054784
Taiwan,2025-09,1152.947979122306
Taiwan,2025-10,1149.4203636706236
Taiwan,2025-11,1144.2779641874065
Tajikistan,2016-03,1449.473465853973
Tajikistan,2016-06,1439.2940945803218
Tajikistan,2016-08,1444.6448565876954
Tajikistan,2016-09,1445.543910066517
Tajikistan,2016-10,1446.8263631967525
Tajikistan,2016-11,1452.7356608084776
Tajikistan,2017-03,1456.5386934202113
Tajikistan,2017-06,1443.5522447906917
Tajikistan,2017-09,1430.5069298563444
Tajikistan,2017-10,1436.276247404487
Tajikistan,2017-11,1441.6025287465538
Tajikistan,2018-03,1437.726290828715
Tajikistan,2018-12,1425.544790701277
Tajikistan,2019-06,1419.8498830178255
Tajikistan,2019-07,1444.3891862655792
Tajikistan,2019-09,1447.777873432795
Tajikistan,2019-10,1454.261974159415
Tajikistan,2019-11,1428.152505393626
Tajikistan,2020-11,1428.8078023238677
Tajikistan,2021-02,1424.2100131348932
Tajikistan,2021-03,1430.2917084926078
Tajikistan,2021-05,1439.4016836652731
Tajikistan,2021-06,1437.148791941608
Tajikistan,2021-11,1450.4707302146594
Tajikistan,2022-03,1448.7293097463855
Tajikistan,2022-06,1468.9119235185185
Tajikistan,2022-09,1479.7730769823977
Tajikistan,2022-11,1477.861233867805
Tajikistan,2023-03,1481.8921904818862
Tajikistan,2023-06,1481.3848127480337
Tajikistan,2023-09,1476.525506018894
Tajikistan,2023-11,1484.8541782811094
Tajikistan,2024-01,1507.2330563106589
Tajikistan,2024-02,1512.6874939615916
Tajikistan,2024-03,1498.8944388115683
Tajikistan,2024-06,1495.7406059791083
Tajikistan,2024-09,1489.7509773624497
Tajikistan,2024-10,1479.5275247946772
Tajikistan,2024-11,1460.5416809792775
Tajikistan,2025-03,1453.5799941394398
Tajikistan,2025-06,1456.024411992801
Tajikistan,2025-10,1458.097377667586
Tajikistan,2025-11,1465.8536616295664
Tajikistan,2026-06,1471.4376710001989
Tamil Eelam,2016-03,1450.653343789148
Tamil Eelam,2016-08,1486.9713574840116
Tamil Eelam,2017-03,1500.8970450652912
Tamil Eelam,2018-05,1505.7652300244097
Tamil Eelam,2018-06,1457.0357358224855
Tamil Eelam,2019-12,1449.6827604280022
Tamil Eelam,2023-08,1497.0437014722588
Tamil Eelam,2025-07,1524.7871933272347
Tanzania,2016-05,1440.357315071847
Tanzania,2016-06,1441.4514636063784
Tanzania,2016-09,1435.4965170257974
Tanzania,2016-11,1432.9591277643856
Tanzania,2017-03,1433.909255692891
Tanzania,2017-06,1445.1652085048356
Tanzania,2017-07,1447.1090776293172
Tanzania,2017-10,1444.8527559686252
Tanzania,2017-11,1444.1424094660676
Tanzania,2017-12,1432.9170289520237
Tanzania,2018-03,1425.7388939624666
Tanzania,2018-09,1434.6671287736822
Tanzania,2018-10,1430.1964938933531
Tanzania,2018-11,1447.2615762217324
Tanzania,2019-03,1436.5220930579503
Tanzania,2019-06,1452.6057769413053
Tanzania,2019-07,1437.95771086627
Tanzania,2019-09,1428.4224467470494
Tanzania,2019-10,1425.6570458673189
Tanzania,2019-11,1435.1149689975489
Tanzania,2020-10,1428.337367410869
Tanzania,2020-11,1420.5935788691215
Tanzania,2021-03,1415.82867414697
Tanzania,2021-06,1426.9467928363445
Tanzania,2021-09,1439.3664139753305
Tanzania,2021-10,1438.7978898894587
Tanzania,2021-11,1438.999270141656
Tanzania,2021-12,1441.4730738436351
Tanzania,2022-03,1440.572767060267
Tanzania,2022-06,1437.816336875179
Tanzania,2022-09,1437.278021021624
Tanzania,2023-03,1447.5212986219535
Tanzania,2023-06,1438.021552045826
Tanzania,2023-09,1444.538575396751
Tanzania,2023-10,1452.595507291801
Tanzania,2023-11,1461.0466837687093
Tanzania,2024-01,1455.627506473496
Tanzania,2024-03,1454.964487613208
Tanzania,2024-06,1460.5245686365283
Tanzania,2024-09,1474.5681581888607
Tanzania,2024-10,1482.7888850214886
Tanzania,2024-11,1483.7499635491197
Tanzania,2025-01,1476.5003403984042
Tanzania,2025-03,1468.7728380542696
Tanzania,2025-06,1466.0940657988024
Tanzania,2025-09,1468.5751437634754
Tanzania,2025-10,1441.9645381444595
Tanzania,2025-11,1440.9527210000708
Tanzania,2025-12,1436.7079384904516
Tanzania,2026-01,1448.3095121079225
Tanzania,2026-03,1431.5942718197114
Thailand,2016-03,1544.3078728221403
Thailand,2016-06,1541.755393232668
Thailand,2016-09,1548.0434673936534
Thailand,2016-10,1529.469810533518
Thailand,2016-11,1530.34447095852
Thailand,2016-12,1540.109071467754
Thailand,2017-03,1529.3484759659552
Thailand,2017-06,1522.2805088177784
Thailand,2017-07,1539.629662184549
Thailand,2017-08,1538.1495463553547
Thailand,2017-09,1526.5705160510977
Thailand,2017-10,1527.373497836587
Thailand,2018-03,1529.671899712455
Thailand,2018-06,1526.7338756471256
Thailand,2018-10,1524.8455507440476
Thailand,2018-11,1534.7622928270666
Thailand,2018-12,1536.5194376824495
Thailand,2019-01,1518.529487848194
Thailand,2019-09,1505.0753992429625
Thailand,2019-10,1522.2380033389957
Thailand,2019-11,1520.3042748275968
Thailand,2021-05,1519.5918950153412
Thailand,2021-06,1502.7122158396023
Thailand,2021-12,1519.559514381281
Thailand,2022-01,1528.9443685935914
Thailand,2022-03,1526.874741975366
Thailand,2022-05,1538.6013606739448
Thailand,2022-06,1541.4112375625682
Thailand,2022-09,1529.8090133493206
Thailand,2022-12,1537.9382678592965
Thailand,2023-01,1537.8197571872863
Thailand,2023-03,1538.3898775283942
Thailand,2023-06,1531.6581592119117
Thailand,2023-09,1539.794229988705
Thailand,2023-10,1535.2133100306753
Thailand,2023-11,1522.5818078198308
Thailand,2024-01,1561.9779210286024
Thailand,2024-03,1561.7195312005333
Thailand,2024-06,1553.4726306241027
Thailand,2024-09,1559.177912033877
Thailand,2024-10,1565.796017806608
Thailand,2024-11,1570.6311627963075
Thailand,2024-12,1567.5116434782683
Thailand,2025-01,1562.3504527050995
Thailand,2025-03,1553.0576050307473
Thailand,2025-06,1556.28688835736
Thailand,2025-09,1551.2467994317249
Thailand,2025-10,1546.8730344514531
Thailand,2025-11,1553.25810567211
Thailand,2026-06,1555.230563171003
Tibet,2018-05,1399.552902132389
Tibet,2018-06,1364.1204997857826
Tibet,2022-08,1367.2171846277652
Tibet,2023-08,1362.3362029405748
Tibet,2025-07,1345.7892388748512
Ticino,2023-06,1500.0
Ticino,2023-08,1465.0504236306003
Timor-Leste,2016-03,1091.8344400368564
Timor-Leste,2016-05,1088.3723358595985
Timor-Leste,2016-06,1078.134958067404
Timor-Leste,2016-10,1048.0968127495482
Timor-Leste,2016-11,1026.2267770877538
Timor-Leste,2017-12,1024.8678371348794
Timor-Leste,2018-09,1046.836827675778
Timor-Leste,2018-10,1037.7279180744808
Timor-Leste,2018-11,1034.264252286613
Timor-Leste,2019-06,1025.3784774895553
Timor-Leste,2021-12,1010.282380349166
Timor-Leste,2022-01,1006.98758006834
Timor-Leste,2022-06,1005.9346406837524
Timor-Leste,2022-11,989.865505651548
Timor-Leste,2023-10,993.8041823118996
Timor-Leste,2024-09,1012.017073229668
Timor-Leste,2024-10,1017.8680543068384
Timor-Leste,2024-12,1011.642528749161
Timor-Leste,2025-03,1006.4615670343776
Timor-Leste,2025-06,1005.464935724864
Timor-Leste,2025-10,1015.2067901703294
Timor-Leste,2025-11,1012.3393548867978
Togo,2016-03,1475.127878613718
Togo,2016-05,1478.507550039346
Togo,2016-06,1483.465043343033
Togo,2016-09,1483.6819842698674
Togo,2016-10,1490.862660040038
Togo,2016-11,1492.8776318832524
Togo,2017-01,1486.3572825448744
Togo,2017-03,1473.8647780071326
Togo,2017-06,1472.512781342958
Togo,2017-08,1468.9854417812137
Togo,2017-09,1473.806844991301
Togo,2017-10,1469.4546884539102
Togo,2017-11,1468.5089621222032
Togo,2018-03,1471.165429133741
Togo,2018-09,1473.5404117990404
Togo,2018-10,1469.3464494472798
Togo,2018-11,1479.4996420659425
Togo,2019-03,1466.4230827566284
Togo,2019-09,1456.0782992971942
Togo,2019-10,1460.551517501793
Togo,2019-11,1444.582992000865
Togo,2020-10,1448.0778472604532
Togo,2020-11,1444.890143302871
Togo,2021-03,1436.589022652003
Togo,2021-06,1434.693796179897
Togo,2021-09,1427.6274527424853
Togo,2021-10,1415.4348468352252
Togo,2021-11,1440.1852636534006
Togo,2022-03,1461.0425414552456
Togo,2022-06,1457.1748600480012
Togo,2022-09,1444.8112703024865
Togo,2023-03,1441.3116814417583
Togo,2023-06,1449.9284525574146
Togo,2023-09,1461.4761158176952
Togo,2023-11,1470.6092837327133
Togo,2024-01,1478.3870261780803
Togo,2024-03,1475.4617781854583
Togo,2024-06,1471.385056067937
Togo,2024-09,1463.119382711568
Togo,2024-10,1462.5674849213756
Togo,2024-11,1448.4800155800967
Togo,2025-03,1465.3506154436309
Togo,2025-09,1445.7746010028404
Togo,2025-10,1448.7485469722324
Togo,2026-03,1448.6217881663404
Togo,2026-06,1456.0136703766118
Tonga,2017-12,1258.167226424845
Tonga,2019-07,1237.1954540277889
Tonga,2023-11,1207.8019726847297
Tonga,2024-03,1205.333133683519
Tonga,2024-09,1217.175984905862
Trinidad and Tobago,2016-01,1667.214448664423
Trinidad and Tobago,2016-03,1659.154372928408
Trinidad and Tobago,2016-05,1660.158231171574
Trinidad and Tobago,2016-06,1658.2292709852247
Trinidad and Tobago,2016-09,1648.829622785289
Trinidad and Tobago,2016-10,1638.3938788705157
Trinidad and Tobago,2016-11,1631.972277558696
Trinidad and Tobago,2016-12,1611.0066717571797
Trinidad and Tobago,2017-01,1597.8838012142571
Trinidad and Tobago,2017-03,1601.8192404793783
Trinidad and Tobago,2017-06,1590.0682719299184
Trinidad and Tobago,2017-07,1586.202942295923
Trinidad and Tobago,2017-08,1583.8735720331624
Trinidad and Tobago,2017-09,1566.726355489024
Trinidad and Tobago,2017-10,1553.8936217838668
Trinidad and Tobago,2017-11,1569.3829274710995
Trinidad and Tobago,2018-03,1571.5545881763244
Trinidad and Tobago,2018-04,1572.133838605986
Trinidad and Tobago,2018-09,1569.100524920918
Trinidad and Tobago,2018-10,1576.475703519707
Trinidad and Tobago,2018-11,1572.6295536399764
Trinidad and Tobago,2019-03,1571.6287969907885
Trinidad and Tobago,2019-06,1547.354827916609
Trinidad and Tobago,2019-08,1542.6424131823162
Trinidad and Tobago,2019-09,1539.4267808651184
Trinidad and Tobago,2019-10,1527.11981308987
Trinidad and Tobago,2019-11,1523.7304132340914
Trinidad and Tobago,2021-01,1516.637278789664
Trinidad and Tobago,2021-03,1531.606386435035
Trinidad and Tobago,2021-06,1520.078312862728
Trinidad and Tobago,2021-07,1535.8495120095918
Trinidad and Tobago,2022-01,1537.9004838684416
Trinidad and Tobago,2022-03,1536.8461701758415
Trinidad and Tobago,2022-05,1534.7831210002362
Trinidad and Tobago,2022-06,1535.8930785750572
Trinidad and Tobago,2022-09,1530.7654920803193
Trinidad and Tobago,2023-03,1538.5729344539295
Trinidad and Tobago,2023-06,1559.3625653803886
Trinidad and Tobago,2023-07,1538.6345457094858
Trinidad and Tobago,2023-09,1537.9232345152732
Trinidad and Tobago,2023-10,1556.312628574686
Trinidad and Tobago,2023-11,1540.7065753287077
Trinidad and Tobago,2024-03,1551.2193319901653
Trinidad and Tobago,2024-04,1546.0362438740426
Trinidad and Tobago,2024-06,1540.7895536138897
Trinidad and Tobago,2024-09,1538.0238728373138
Trinidad and Tobago,2024-10,1534.9585441212485
Trinidad and Tobago,2025-02,1539.5260301128988
Trinidad and Tobago,2025-03,1548.403731588732
Trinidad and Tobago,2025-05,1550.0595085685227
Trinidad and Tobago,2025-06,1537.4723248536077
Trinidad and Tobago,2025-09,1541.6744981283357
Trinidad and Tobago,2025-10,1549.2214568368906
Trinidad and Tobago,2025-11,1553.4481960450246
Trinidad and Tobago,2026-03,1534.7568185203804
Trinidad and Tobago,2026-05,1534.6164088514072
Trinidad and Tobago,2026-06,1532.246286342472
Tunisia,2016-03,1662.354240124222
Tunisia,2016-06,1658.974568698594
Tunisia,2016-09,1660.6974747048357
Tunisia,2016-10,1665.9840609965509
Tunisia,2016-11,1687.257715786688
Tunisia,2016-12,1683.311419790199
Tunisia,2017-01,1690.2192686340677
Tunisia,2017-03,1654.7309952289806
Tunisia,2017-06,1651.535212111828
Tunisia,2017-09,1673.196973746903
Tunisia,2017-10,1674.8880351377895
Tunisia,2017-11,1696.004960124778
Tunisia,2018-03,1694.747710777455
Tunisia,2018-05,1700.0252583290862
Tunisia,2018-06,1675.3869229681084
Tunisia,2018-09,1695.6790182025643
Tunisia,2018-10,1703.0453263340698
Tunisia,2018-11,1698.6837904940935
Tunisia,2019-03,1697.3036838182436
Tunisia,2019-06,1695.3379745994946
Tunisia,2019-07,1685.8154368182393
Tunisia,2019-09,1671.3364879379576
Tunisia,2019-10,1667.958018633639
Tunisia,2019-11,1676.8319881428768
Tunisia,2020-10,1683.831544795093
Tunisia,2020-11,1687.1144934414713
Tunisia,2021-03,1695.2522525540037
Tunisia,2021-06,1694.76988606681
Tunisia,2021-09,1703.5814366796596
Tunisia,2021-10,1723.114270872972
Tunisia,2021-11,1706.7638311356734
Tunisia,2021-12,1716.9398661731982
Tunisia,2022-01,1694.5800990330397
Tunisia,2022-03,1689.876991387873
Tunisia,2022-06,1704.342710391023
Tunisia,2022-09,1726.8730120098407
Tunisia,2022-11,1724.520525102222
Tunisia,2023-03,1762.4083874495125
Tunisia,2023-06,1752.6425893213604
Tunisia,2023-09,1757.0199604858517
Tunisia,2023-10,1764.1607410640522
Tunisia,2023-11,1760.7954795661306
Tunisia,2024-01,1736.716553861145
Tunisia,2024-03,1735.1110499201857
Tunisia,2024-06,1738.7846983508875
Tunisia,2024-09,1734.0806175234666
Tunisia,2024-10,1719.2981508860314
Tunisia,2024-11,1715.7942147668175
Tunisia,2025-03,1703.7218375849836
Tunisia,2025-06,1711.936061688924
Tunisia,2025-09,1713.7118328402285
Tunisia,2025-10,1724.1458875034584
Tunisia,2025-11,1729.706783337667
Tunisia,2025-12,1726.3570363702268
Tunisia,2026-01,1714.755462752756
Tunisia,2026-03,1716.840342719163
Tunisia,2026-06,1659.594215592474
Turkey,2016-03,1745.093509675031
Turkey,2016-05,1747.6003720867188
Turkey,2016-06,1725.678997467948
Turkey,2016-08,1751.5586702767214
Turkey,2016-09,1750.2235353350102
Turkey,2016-10,1750.614503236659
Turkey,2016-11,1731.0729323960743
Turkey,2017-03,1743.4961404890537
Turkey,2017-06,1741.8842106452955
Turkey,2017-09,1733.3994147143912
Turkey,2017-10,1718.8227115637435
Turkey,2017-11,1710.1874896600348
Turkey,2018-03,1707.3406828548732
Turkey,2018-05,1706.5120360983317
Turkey,2018-06,1711.1634073513374
Turkey,2018-09,1696.229219347798
Turkey,2018-10,1716.422412983325
Turkey,2018-11,1688.7167625823377
Turkey,2019-03,1699.9667799393526
Turkey,2019-05,1702.939630994947
Turkey,2019-06,1737.3666608569154
Turkey,2019-09,1726.2819864886203
Turkey,2019-10,1735.0685652069492
Turkey,2019-11,1738.6162689821508
Turkey,2020-09,1719.1052318394331
Turkey,2020-10,1729.7387591591264
Turkey,2020-11,1740.637456185807
Turkey,2021-03,1763.603756300116
Turkey,2021-05,1753.2225613770772
Turkey,2021-06,1718.1408053209962
Turkey,2021-09,1698.940503399616
Turkey,2021-10,1688.5693285205998
Turkey,2021-11,1694.5141477529407
Turkey,2022-03,1698.06537597495
Turkey,2022-06,1714.7708723568096
Turkey,2022-09,1705.54366612943
Turkey,2022-11,1684.083907521723
Turkey,2023-03,1694.4030650634515
Turkey,2023-06,1688.3413248434315
Turkey,2023-09,1694.839166711027
Turkey,2023-10,1710.8205148784511
Turkey,2023-11,1721.0210448470702
Turkey,2024-03,1719.820177951524
Turkey,2024-06,1721.9173538795797
Turkey,2024-07,1760.2264589160584
Turkey,2024-09,1752.7127786106798
Turkey,2024-10,1764.9375491332105
Turkey,2024-11,1772.9426314684424
Turkey,2025-03,1758.6161154283684
Turkey,2025-06,1791.4536521595674
Turkey,2025-09,1798.3693159590264
Turkey,2025-10,1796.7359906987258
Turkey,2025-11,1809.9793378037643
Turkey,2026-03,1824.6473833571172
Turkey,2026-06,1786.7502505116674
Turkmenistan,2016-03,1462.518595223775
Turkmenistan,2016-08,1473.1033041492335
Turkmenistan,2016-10,1471.1431701009385
Turkmenistan,2016-11,1467.0148486439834
Turkmenistan,2017-06,1460.9088220211754
Turkmenistan,2017-08,1451.160830011518
Turkmenistan,2017-09,1449.5010303862025
Turkmenistan,2017-10,1448.231571282924
Turkmenistan,2017-11,1453.6154614903012
Turkmenistan,2018-03,1456.414239641235
Turkmenistan,2018-12,1445.456983549088
Turkmenistan,2019-01,1434.7960580872627
Turkmenistan,2019-06,1421.8998079249727
Turkmenistan,2019-09,1430.090141397695
Turkmenistan,2019-10,1417.8681359231516
Turkmenistan,2019-11,1440.5833799447669
Turkmenistan,2021-06,1439.6458349402528
Turkmenistan,2022-05,1454.3049661508453
Turkmenistan,2022-06,1439.8062875998762
Turkmenistan,2023-03,1434.739052996533
Turkmenistan,2023-06,1429.225211674821
Turkmenistan,2023-09,1419.0779345755816
Turkmenistan,2023-11,1413.1909099208012
Turkmenistan,2024-03,1404.313007524924
Turkmenistan,2024-06,1408.4024094684935
Turkmenistan,2025-03,1402.770242097943
Turkmenistan,2025-06,1408.3933554030498
Turkmenistan,2025-10,1410.2139993298754
Turkmenistan,2025-11,1412.2549672452342
Turks and Caicos Islands,2018-03,1298.656251573484
Turks and Caicos Islands,2018-09,1294.9374328070412
Turks and Caicos Islands,2018-10,1285.274111585293
Turks and Caicos Islands,2018-11,1271.0014644038197
Turks and Caicos Islands,2019-03,1273.8747308324355
Turks and Caicos Islands,2019-09,1270.488936100348
Turks and Caicos Islands,2019-10,1262.6379494006226
Turks and Caicos Islands,2019-11,1289.4665092976436
Turks and Caicos Islands,2021-03,1259.8134105918384
Turks and Caicos Islands,2021-06,1242.3366807076154
Turks and Caicos Islands,2022-05,1229.9753792405274
Turks and Caicos Islands,2022-06,1204.18447890803
Turks and Caicos Islands,2023-03,1223.5479269414843
Turks and Caicos Islands,2023-09,1220.6423685679365
Turks and Caicos Islands,2023-10,1205.5853344726029
Turks and Caicos Islands,2023-11,1201.8195030337415
Turks and Caicos Islands,2024-03,1189.0619746094656
Turks and Caicos Islands,2024-09,1163.667581633459
Turks and Caicos Islands,2024-10,1157.3087596746632
Turks and Caicos Islands,2025-08,1149.3803838219555
Tuvalu,2017-12,1375.5081534770368
Tuvalu,2018-05,1380.9045278274446
Tuvalu,2018-06,1348.1779158267898
Tuvalu,2019-07,1313.1556681653196
Tuvalu,2023-11,1305.01738330222
Two Sicilies,2023-07,1436.215552138984
Uganda,2016-01,1625.285767489845
Uganda,2016-03,1614.6013600436177
Uganda,2016-05,1610.959420229343
Uganda,2016-06,1604.182746230924
Uganda,2016-08,1611.833331213298
Uganda,2016-09,1609.794074154834
Uganda,2016-10,1606.6143958422915
Uganda,2016-11,1607.629936258204
Uganda,2017-01,1586.9597338314893
Uganda,2017-03,1588.8953283900737
Uganda,2017-06,1589.8848417954343
Uganda,2017-08,1600.228295049394
Uganda,2017-09,1615.6135988144213
Uganda,2017-10,1609.84691565419
Uganda,2017-11,1610.8235726179696
Uganda,2017-12,1596.1959614764296
Uganda,2018-03,1602.0068054545843
Uganda,2018-05,1599.7612757319528
Uganda,2018-06,1593.7351536116623
Uganda,2018-09,1588.3206994303978
Uganda,2018-10,1588.6589402151642
Uganda,2018-11,1603.5271065483748
Uganda,2019-03,1605.5746406517776
Uganda,2019-06,1612.2402994212491
Uganda,2019-07,1598.7677033424077
Uganda,2019-09,1590.1495439887776
Uganda,2019-10,1589.9148638168122
Uganda,2019-11,1595.4072131834016
Uganda,2020-11,1605.0073879308245
Uganda,2021-03,1587.5220071277688
Uganda,2021-06,1575.5983208654209
Uganda,2021-08,1572.589326193142
Uganda,2021-09,1567.965526388238
Uganda,2021-10,1578.6048779813243
Uganda,2021-11,1578.9417817925678
Uganda,2021-12,1570.3599927288951
Uganda,2022-01,1573.6583565839617
Uganda,2022-03,1566.7433066879728
Uganda,2022-06,1554.199136256531
Uganda,2022-09,1548.2305704804985
Uganda,2023-03,1529.9164030600368
Uganda,2023-06,1535.9256509381626
Uganda,2023-09,1531.6751488656944
Uganda,2023-10,1538.4251567030665
Uganda,2023-11,1520.2592273328523
Uganda,2024-01,1522.266846685806
Uganda,2024-03,1527.766927255272
Uganda,2024-06,1524.5503849172446
Uganda,2024-09,1522.299188972556
Uganda,2024-10,1534.0295020695478
Uganda,2024-11,1527.13284009831
Uganda,2025-03,1516.088026844879
Uganda,2025-06,1523.5687289261582
Uganda,2025-09,1540.8093564368987
Uganda,2025-10,1553.0865120513906
Uganda,2025-11,1550.30919650484
Uganda,2025-12,1530.5940055111769
Ukraine,2016-03,1760.864713325244
Ukraine,2016-05,1762.574283178128
Ukraine,2016-06,1719.7197114218732
Ukraine,2016-09,1703.9955332122677
Ukraine,2016-10,1703.847602183239
Ukraine,2016-11,1719.2158671925706
Ukraine,2017-03,1723.4765842760714
Ukraine,2017-06,1709.5722647726018
Ukraine,2017-09,1734.504851061561
Ukraine,2017-10,1724.065390650898
Ukraine,2017-11,1706.7742928393714
Ukraine,2018-03,1709.4017524737976
Ukraine,2018-05,1714.4018399112906
Ukraine,2018-06,1714.5181752722783
Ukraine,2018-09,1733.8593317600526
Ukraine,2018-10,1745.8396968047675
Ukraine,2018-11,1729.2980197576976
Ukraine,2019-03,1736.689264492899
Ukraine,2019-06,1757.4958977783638
Ukraine,2019-09,1762.8660838513688
Ukraine,2019-10,1763.5874398274646
Ukraine,2019-11,1779.253523088384
Ukraine,2020-09,1794.3189231221686
Ukraine,2020-10,1772.1430456246671
Ukraine,2020-11,1778.8622197858488
Ukraine,2021-03,1766.5040484525357
Ukraine,2021-05,1755.8123915575982
Ukraine,2021-06,1738.433959470729
Ukraine,2021-07,1760.3441673294888
Ukraine,2021-09,1742.045498750952
Ukraine,2021-10,1754.847105681033
Ukraine,2021-11,1746.8848864768522
Ukraine,2022-06,1790.0946075064796
Ukraine,2022-09,1770.093367502152
Ukraine,2023-03,1767.7584667444096
Ukraine,2023-06,1770.3874833079014
Ukraine,2023-09,1777.1622670287345
Ukraine,2023-10,1779.532910653881
Ukraine,2023-11,1781.580697856488
Ukraine,2024-03,1792.0287593980563
Ukraine,2024-06,1765.5124589185796
Ukraine,2024-09,1752.774647082893
Ukraine,2024-10,1750.896110636001
Ukraine,2024-11,1748.3920224869746
Ukraine,2025-03,1786.5923158773655
Ukraine,2025-06,1761.0769828186735
Ukraine,2025-09,1762.7349338079327
Ukraine,2025-10,1764.7515037507728
Ukraine,2025-11,1760.987597718484
Ukraine,2026-03,1746.685121685059
Ukraine,2026-05,1749.226388818523
Ukraine,2026-06,1755.8394611274373
United Arab Emirates,2016-01,1685.718467154118
United Arab Emirates,2016-03,1695.4252111272383
United Arab Emirates,2016-06,1677.3165229969782
United Arab Emirates,2016-08,1667.1087911644606
United Arab Emirates,2016-09,1678.6088455701974
United Arab Emirates,2016-10,1677.2768612031334
United Arab Emirates,2016-11,1662.9035989726765
United Arab Emirates,2017-03,1660.7264208385257
United Arab Emirates,2017-06,1652.5900046710133
United Arab Emirates,2017-08,1650.360492816886
United Arab Emirates,2017-09,1661.7302159237718
United Arab Emirates,2017-11,1648.5319856523663
United Arab Emirates,2017-12,1660.0987520568103
United Arab Emirates,2018-01,1658.3534040931029
United Arab Emirates,2018-03,1657.547255438565
United Arab Emirates,2018-08,1653.8683681854925
United Arab Emirates,2018-09,1642.7963765955733
United Arab Emirates,2018-10,1643.5353038097528
United Arab Emirates,2018-11,1636.755692189889
United Arab Emirates,2018-12,1638.2121248553583
United Arab Emirates,2019-01,1651.3946297753344
United Arab Emirates,2019-03,1624.7879959428174
United Arab Emirates,2019-08,1627.6479516022837
United Arab Emirates,2019-09,1628.318383159024
United Arab Emirates,2019-10,1640.5149078248592
United Arab Emirates,2019-11,1617.8804752274707
United Arab Emirates,2019-12,1608.2546402310977
United Arab Emirates,2020-10,1602.3674541324028
United Arab Emirates,2020-11,1600.1904171247886
United Arab Emirates,2021-01,1593.3527500863097
United Arab Emirates,2021-03,1593.7392589994618
United Arab Emirates,2021-05,1596.9194989950904
United Arab Emirates,2021-06,1626.4734391678617
United Arab Emirates,2021-09,1627.3898102322848
United Arab Emirates,2021-10,1619.6420052130177
United Arab Emirates,2021-11,1626.2670863819706
United Arab Emirates,2021-12,1630.0303503642765
United Arab Emirates,2022-01,1621.5537948800245
United Arab Emirates,2022-02,1633.839864399418
United Arab Emirates,2022-03,1619.1627150413933
United Arab Emirates,2022-05,1636.873415386685
United Arab Emirates,2022-06,1634.817857242202
United Arab Emirates,2022-09,1624.2578370523845
United Arab Emirates,2022-11,1615.8083297697722
United Arab Emirates,2022-12,1617.08081471092
United Arab Emirates,2023-01,1599.8719424754024
United Arab Emirates,2023-03,1599.491620603279
United Arab Emirates,2023-09,1603.4047617028205
United Arab Emirates,2023-10,1614.8098643809146
United Arab Emirates,2023-11,1619.716398422039
United Arab Emirates,2024-01,1630.6120130525903
United Arab Emirates,2024-03,1627.4985920077313
United Arab Emirates,2024-06,1636.2053490693231
United Arab Emirates,2024-09,1658.576504344643
United Arab Emirates,2024-10,1645.1311946003334
United Arab Emirates,2024-11,1646.5915284240652
United Arab Emirates,2024-12,1659.7668940094936
United Arab Emirates,2025-03,1652.858467776205
United Arab Emirates,2025-06,1661.7756526286869
United Arab Emirates,2025-09,1660.8591313830127
United Arab Emirates,2025-10,1673.672960854308
United Arab Emirates,2025-11,1661.99922897974
United Arab Emirates,2025-12,1658.07508143567
United Koreans in Japan,2016-05,1506.1792231627128
United Koreans in Japan,2016-06,1493.472144468776
United Koreans in Japan,2016-11,1497.153757075824
United Koreans in Japan,2018-05,1507.2356766998591
United Koreans in Japan,2018-06,1506.0018772164697
United States,2016-01,1811.4973187352537
United States,2016-03,1785.944340754732
United States,2016-05,1794.066030332315
United States,2016-06,1802.469789000136
United States,2016-09,1791.8711431227714
United States,2016-10,1802.3068870375448
United States,2016-11,1792.6635697882732
United States,2017-01,1776.2507655412703
United States,2017-03,1787.433847359075
United States,2017-06,1791.7755345552646
United States,2017-07,1827.6547683980984
United States,2017-09,1810.595992598388
United States,2017-10,1820.7870392340403
United States,2017-11,1802.505500696303
United States,2018-01,1804.650330173748
United States,2018-03,1802.8106046102628
United States,2018-05,1805.063665696476
United States,2018-06,1802.879971617088
United States,2018-09,1801.680433791762
United States,2018-10,1799.8251765254606
United States,2018-11,1795.542470365977
United States,2019-01,1792.409142059277
United States,2019-02,1795.5498959598278
United States,2019-03,1802.546998935139
United States,2019-06,1807.7655979771316
United States,2019-07,1819.6206832995
United States,2019-09,1796.9971654195022
United States,2019-10,1800.2501026190614
United States,2019-11,1792.82791121038
United States,2020-02,1796.0666147463808
United States,2020-11,1798.8540757180642
United States,2020-12,1803.0322826917509
United States,2021-01,1805.77431991944
United States,2021-03,1811.89312428262
United States,2021-05,1813.8856503282004
United States,2021-06,1823.2368133910488
United States,2021-07,1854.554654168571
United States,2021-08,1863.327086204296
United States,2021-09,1866.6592582238152
United States,2021-10,1867.3499350667453
United States,2021-11,1889.3738846962683
United States,2021-12,1883.802009870248
United States,2022-01,1887.787406406092
United States,2022-02,1869.60140105905
United States,2022-03,1884.789101637576
United States,2022-06,1868.3936385869383
United States,2022-09,1851.2237037143072
United States,2022-11,1849.291948907349
United States,2022-12,1869.221128726727
United States,2023-01,1845.1159003308164
United States,2023-03,1847.1359496054808
United States,2023-04,1849.240036266026
United States,2023-06,1857.2066988087024
United States,2023-07,1860.056375523747
United States,2023-09,1855.8894532725087
United States,2023-10,1852.5068713417293
United States,2023-11,1858.293487243032
United States,2024-01,1845.3236572979688
United States,2024-03,1844.1750255873749
United States,2024-06,1855.8141736625137
United States,2024-07,1831.0099206005905
United States,2024-09,1812.089122747618
United States,2024-10,1814.576053299461
United States,2024-11,1816.3354198160991
United States,2025-01,1825.0974722848453
United States,2025-03,1818.237039724217
United States,2025-06,1816.8688345775035
United States,2025-07,1817.845137487445
United States,2025-09,1796.3035735447563
United States,2025-10,1803.3082177414435
United States,2025-11,1810.2505129876329
United States,2026-03,1810.9178410249287
United States,2026-05,1806.348160862159
United States,2026-06,1862.2500851517357
United States,2026-07,1834.5760888159475
United States Virgin Islands,2016-03,1201.472100352674
United States Virgin Islands,2016-06,1181.4639717122234
United States Virgin Islands,2018-09,1173.0773965717426
United States Virgin Islands,2018-10,1170.2862808886314
United States Virgin Islands,2018-11,1164.3293901050497
United States Virgin Islands,2019-03,1159.0449579099925
United States Virgin Islands,2019-09,1161.902102481379
United States Virgin Islands,2019-10,1168.8931011349332
United States Virgin Islands,2019-11,1154.568891057499
United States Virgin Islands,2021-03,1136.5887879162117
United States Virgin Islands,2021-06,1119.1844541565365
United States Virgin Islands,2022-06,1121.5847812898708
United States Virgin Islands,2023-03,1112.8375291371808
United States Virgin Islands,2023-09,1108.6098224951293
United States Virgin Islands,2023-10,1103.8908610644885
United States Virgin Islands,2023-11,1099.3070574800083
United States Virgin Islands,2024-03,1086.9735395339335
United States Virgin Islands,2024-09,1090.8403355970022
United States Virgin Islands,2024-10,1074.752496523395
United States Virgin Islands,2025-08,1069.0638309529616
United States Virgin Islands,2026-03,1112.3589630385168
Uruguay,2016-03,1877.4439071523168
Uruguay,2016-05,1882.258650748064
Uruguay,2016-06,1832.3086748786693
Uruguay,2016-09,1840.3685311380964
Uruguay,2016-10,1858.805258484291
Uruguay,2016-11,1869.7769710628172
Uruguay,2017-03,1842.225607261
Uruguay,2017-06,1824.0888189508469
Uruguay,2017-08,1818.9442431705568
Uruguay,2017-09,1822.1149223398936
Uruguay,2017-10,1829.019226889177
Uruguay,2017-11,1834.6741061479768
Uruguay,2018-03,1833.0270609951533
Uruguay,2018-06,1893.7003102678336
Uruguay,2018-07,1916.449652102551
Uruguay,2018-09,1891.5174271026603
Uruguay,2018-10,1893.07526335773
Uruguay,2018-11,1881.9958096576345
Uruguay,2019-06,1914.0228901396847
Uruguay,2019-09,1911.954186621187
Uruguay,2019-10,1913.9127765189155
Uruguay,2019-11,1915.5686934146504
Uruguay,2020-10,1922.8469169733105
Uruguay,2020-11,1925.9494679794077
Uruguay,2021-06,1888.5149894836409
Uruguay,2021-07,1899.9333012054572
Uruguay,2021-09,1900.8429496829224
Uruguay,2021-10,1892.3096107345236
Uruguay,2021-11,1874.5023431014176
Uruguay,2022-01,1841.4956552682925
Uruguay,2022-02,1851.374641214747
Uruguay,2022-03,1868.524103531901
Uruguay,2022-06,1893.276104420555
Uruguay,2022-09,1891.893257695612
Uruguay,2022-11,1893.685095275884
Uruguay,2022-12,1870.3436334032676
Uruguay,2023-03,1886.654866827087
Uruguay,2023-06,1891.390538950699
Uruguay,2023-09,1900.258726623848
Uruguay,2023-10,1890.529536082551
Uruguay,2023-11,1943.1500911366336
Uruguay,2024-03,1946.686178443596
Uruguay,2024-05,1938.120702607633
Uruguay,2024-06,1955.779706727407
Uruguay,2024-07,1961.764365428097
Uruguay,2024-09,1941.1910748937137
Uruguay,2024-10,1920.850931088944
Uruguay,2024-11,1928.2024480927348
Uruguay,2025-03,1923.445172987393
Uruguay,2025-06,1893.3632281114808
Uruguay,2025-09,1911.3455965658911
Uruguay,2025-10,1907.1196198195933
Uruguay,2025-11,1910.193703640664
Uruguay,2026-03,1903.7115463146968
Uruguay,2026-06,1878.699250608215
Uzbekistan,2016-02,1723.524829003456
Uzbekistan,2016-03,1728.140104515575
Uzbekistan,2016-06,1732.9399763882986
Uzbekistan,2016-07,1727.3196407608368
Uzbekistan,2016-08,1729.4551765931164
Uzbekistan,2016-09,1736.6322256311253
Uzbekistan,2016-10,1734.4610845095272
Uzbekistan,2016-11,1747.519536336618
Uzbekistan,2017-01,1739.7481256394128
Uzbekistan,2017-03,1720.8477376852886
Uzbekistan,2017-06,1729.3324951372178
Uzbekistan,2017-08,1719.26026784104
Uzbekistan,2017-09,1707.14402922343
Uzbekistan,2017-11,1707.6902686324129
Uzbekistan,2018-03,1704.6060555415315
Uzbekistan,2018-05,1699.9680450249946
Uzbekistan,2018-06,1698.049423806405
Uzbekistan,2018-09,1693.508909238549
Uzbekistan,2018-10,1693.7879356639314
Uzbekistan,2018-11,1695.441743221112
Uzbekistan,2019-01,1702.810324550873
Uzbekistan,2019-06,1703.509345199438
Uzbekistan,2019-09,1683.0775366825824
Uzbekistan,2019-10,1687.1507247648065
Uzbekistan,2019-11,1678.5146580497303
Uzbekistan,2020-10,1682.8074656204478
Uzbekistan,2020-11,1681.7645010333058
Uzbekistan,2021-02,1677.8374621088803
Uzbekistan,2021-03,1682.8237822719186
Uzbekistan,2021-06,1687.0820834929782
Uzbekistan,2021-09,1669.146111858365
Uzbekistan,2021-10,1669.9453664306052
Uzbekistan,2021-11,1663.077241452222
Uzbekistan,2022-01,1658.2718254023137
Uzbekistan,2022-03,1663.9811367858824
Uzbekistan,2022-06,1673.221237883938
Uzbekistan,2022-09,1687.1870712535042
Uzbekistan,2022-11,1685.6209423676887
Uzbekistan,2023-03,1688.376183016381
Uzbekistan,2023-06,1706.765293878468
Uzbekistan,2023-09,1697.041152749128
Uzbekistan,2023-10,1702.3856896567456
Uzbekistan,2023-11,1713.9514174474791
Uzbekistan,2024-01,1725.5367132528163
Uzbekistan,2024-02,1734.515701840666
Uzbekistan,2024-03,1739.2790078711682
Uzbekistan,2024-06,1744.8366498646526
Uzbekistan,2024-09,1754.4241551876476
Uzbekistan,2024-10,1760.2018313433286
Uzbekistan,2024-11,1754.1877798291316
Uzbekistan,2025-01,1759.334759288727
Uzbekistan,2025-03,1761.0529455917724
Uzbekistan,2025-06,1765.444666122226
Uzbekistan,2025-10,1778.6405920662949
Uzbekistan,2025-11,1787.2147957542677
Uzbekistan,2026-01,1788.7038309520187
Uzbekistan,2026-03,1789.613813427601
Uzbekistan,2026-06,1744.4790471500992
Vanuatu,2016-05,1548.4429959719537
Vanuatu,2016-06,1538.663195950751
Vanuatu,2017-11,1549.0322429433184
Vanuatu,2017-12,1564.2999832060784
Vanuatu,2018-11,1566.1237394086957
Vanuatu,2019-03,1565.866802851422
Vanuatu,2019-06,1564.8746622393846
Vanuatu,2019-07,1547.5038049665602
Vanuatu,2022-03,1559.9793722811758
Vanuatu,2022-09,1556.233838658387
Vanuatu,2023-03,1551.309686523613
Vanuatu,2023-10,1527.284511589255
Vanuatu,2023-11,1541.2415152229732
Vanuatu,2023-12,1534.3634043761049
Vanuatu,2024-03,1507.709929155152
Vanuatu,2024-06,1500.9826652548957
Vanuatu,2024-10,1492.635867393532
Vanuatu,2024-11,1494.0598710143709
Vanuatu,2024-12,1472.541436567221
Vanuatu,2025-11,1488.3246833237642
Vanuatu,2026-06,1490.0521827650205
Vatican City,2017-04,1469.7264354096935
Vatican City,2019-03,1468.67730189209
Vatican City,2022-04,1466.7606292794055
Venezuela,2016-03,1614.1282941330962
Venezuela,2016-05,1604.6665384753123
Venezuela,2016-06,1659.9137394659524
Venezuela,2016-09,1647.3994055377116
Venezuela,2016-10,1648.4778277250243
Venezuela,2016-11,1654.28165739326
Venezuela,2017-03,1646.64141749413
Venezuela,2017-06,1644.7523750669682
Venezuela,2017-08,1646.1017450675831
Venezuela,2017-09,1652.1000901893658
Venezuela,2017-10,1665.3187491379042
Venezuela,2017-11,1681.3318694627585
Venezuela,2018-09,1677.2264461503612
Venezuela,2018-10,1678.4426971305722
Venezuela,2018-11,1687.6864054076946
Venezuela,2019-03,1698.7038597509184
Venezuela,2019-06,1734.9663173144943
Venezuela,2019-09,1719.8311506608434
Venezuela,2019-10,1724.9767903756212
Venezuela,2019-11,1727.1425014620029
Venezuela,2020-10,1739.6638323673833
Venezuela,2020-11,1722.3324319641647
Venezuela,2021-06,1722.0829828366352
Venezuela,2021-09,1694.3016951349114
Venezuela,2021-10,1694.2438805167176
Venezuela,2021-11,1675.1092506954842
Venezuela,2022-01,1665.102011513626
Venezuela,2022-02,1679.7437247804612
Venezuela,2022-03,1667.936423968804
Venezuela,2022-06,1661.4583450859927
Venezuela,2022-09,1660.9944248079769
Venezuela,2022-11,1668.0988579511938
Venezuela,2023-03,1675.9009224377985
Venezuela,2023-06,1678.818629774054
Venezuela,2023-09,1678.1328338928854
Venezuela,2023-10,1699.5237605812783
Venezuela,2023-11,1722.0164672143026
Venezuela,2024-03,1723.774835767521
Venezuela,2024-06,1767.9793316179623
Venezuela,2024-07,1789.614185392732
Venezuela,2024-09,1756.5128689761636
Venezuela,2024-10,1768.314650311969
Venezuela,2024-11,1762.554905233431
Venezuela,2025-01,1745.101429479054
Venezuela,2025-03,1735.5504894448045
Venezuela,2025-06,1754.885842961852
Venezuela,2025-09,1742.74910514437
Venezuela,2025-10,1729.4009658613934
Venezuela,2025-11,1733.834447209941
Venezuela,2026-03,1736.2814715185125
Venezuela,2026-06,1735.989247955986
Vietnam,2016-03,1409.8387192498094
Vietnam,2016-05,1404.1043076066303
Vietnam,2016-06,1411.860682255107
Vietnam,2016-10,1427.9473007726497
Vietnam,2016-11,1444.8034771038442
Vietnam,2016-12,1439.3365674894555
Vietnam,2017-03,1434.1695508015937
Vietnam,2017-06,1431.4599455576438
Vietnam,2017-09,1434.8510424781573
Vietnam,2017-10,1438.7506364653946
Vietnam,2017-11,1442.7005771810811
Vietnam,2018-03,1437.9893053297362
Vietnam,2018-11,1453.609586641444
Vietnam,2018-12,1472.8537884096854
Vietnam,2019-01,1487.0760504091804
Vietnam,2019-09,1483.2170124995744
Vietnam,2019-10,1492.2462608392166
Vietnam,2019-11,1521.0794064978588
Vietnam,2021-05,1518.834371177094
Vietnam,2021-06,1538.6999248468965
Vietnam,2021-09,1523.9013171742577
Vietnam,2021-10,1510.430570770425
Vietnam,2021-11,1495.9833149212725
Vietnam,2021-12,1490.190265355062
Vietnam,2022-01,1490.8806931218005
Vietnam,2022-02,1486.1516462134878
Vietnam,2022-03,1498.1473349256237
Vietnam,2022-06,1508.2193473398102
Vietnam,2022-09,1513.5693457264224
Vietnam,2022-12,1530.0112325519542
Vietnam,2023-01,1534.06362636914
Vietnam,2023-06,1529.2504266515264
Vietnam,2023-09,1532.802892689173
Vietnam,2023-10,1530.6061864175522
Vietnam,2023-11,1540.0229564172475
Vietnam,2024-01,1499.7615373523558
Vietnam,2024-03,1480.6220488304689
Vietnam,2024-06,1458.5940820818078
Vietnam,2024-09,1451.0905571636165
Vietnam,2024-10,1447.5840911058078
Vietnam,2024-12,1469.162330152739
Vietnam,2025-01,1483.1530382291828
Vietnam,2025-03,1494.9229846844685
Vietnam,2025-06,1496.969012851151
Vietnam,2025-10,1481.6675196377985
Vietnam,2025-11,1483.8042656966609
Vietnam,2026-03,1487.109323288228
Wales,2016-03,1599.5473160038966
Wales,2016-06,1650.040569266731
Wales,2016-07,1701.9308791796009
Wales,2016-09,1687.2782494014325
Wales,2016-10,1692.9704085604376
Wales,2016-11,1684.8237638442413
Wales,2017-03,1682.3806345254086
Wales,2017-06,1686.8971977130118
Wales,2017-09,1697.7543323042603
Wales,2017-10,1710.7091464928455
Wales,2017-11,1695.134185732188
Wales,2018-03,1704.0512836640637
Wales,2018-05,1701.4715245939915
Wales,2018-09,1723.8557883053345
Wales,2018-10,1708.4803642645434
Wales,2018-11,1711.901428151694
Wales,2019-03,1708.3255483485636
Wales,2019-06,1711.9064173022184
Wales,2019-09,1702.7123249306617
Wales,2019-10,1705.9882544820025
Wales,2019-11,1715.3209307153386
Wales,2020-09,1737.694334430234
Wales,2020-10,1741.30070101635
Wales,2020-11,1758.5121943609097
Wales,2021-03,1771.3825646242192
Wales,2021-06,1793.125503213211
Wales,2021-09,1770.9934787454756
Wales,2021-10,1763.5804540952724
Wales,2021-11,1772.6226983495558
Wales,2022-03,1785.924798712555
Wales,2022-06,1779.30972895242
Wales,2022-09,1769.3340835869058
Wales,2022-11,1733.4716982470388
Wales,2023-03,1723.1103830538063
Wales,2023-06,1696.0695784815578
Wales,2023-09,1683.0977412491716
Wales,2023-10,1689.5567856974444
Wales,2023-11,1700.5755977571926
Wales,2024-03,1712.0561838168194
Wales,2024-06,1706.946267129735
Wales,2024-09,1698.6909683469537
Wales,2024-10,1705.450865093013
Wales,2024-11,1715.8992319357897
Wales,2025-03,1731.020179231538
Wales,2025-06,1728.9263672392697
Wales,2025-09,1727.38059987592
Wales,2025-10,1721.7701313782222
Wales,2025-11,1707.5614723578549
Wales,2026-03,1715.1545088284072
Wales,2026-06,1711.2400409251468
West Papua,2019-10,1500.0
West Papua,2022-11,1491.5
Western Armenia,2016-05,1521.936307533821
Western Armenia,2016-06,1511.2048579684076
Western Armenia,2018-05,1498.793790647357
Western Armenia,2018-06,1490.6328533983522
Western Armenia,2019-06,1535.003452058812
Western Isles,2017-06,1457.2771023434714
Western Isles,2019-06,1435.9420082796323
Western Isles,2023-07,1452.8949287950022
Western Isles,2025-07,1458.0179789296556
Yemen,2016-03,1332.8579461389015
Yemen,2016-06,1340.8766468651022
Yemen,2017-03,1349.5177255755532
Yemen,2017-06,1362.5041742050728
Yemen,2017-09,1359.9322634996183
Yemen,2017-10,1363.1881729978115
Yemen,2017-11,1364.5011574702096
Yemen,2017-12,1357.3223806176768
Yemen,2018-03,1352.8544651152138
Yemen,2018-11,1357.8768261834523
Yemen,2018-12,1356.4203935179833
Yemen,2019-01,1343.6355186115686
Yemen,2019-07,1327.6554485449717
Yemen,2019-08,1340.9567898742969
Yemen,2019-09,1341.3595391523472
Yemen,2019-10,1349.5104932627685
Yemen,2019-11,1345.0899765633867
Yemen,2019-12,1342.7945137820586
Yemen,2021-06,1330.4295222555063
Yemen,2022-06,1311.664638765403
Yemen,2023-01,1290.3201039546248
Yemen,2023-10,1297.053486696768
Yemen,2023-11,1286.499170130082
Yemen,2024-03,1301.3231292230305
Yemen,2024-06,1305.2493456292682
Yemen,2024-11,1294.7421962382375
Yemen,2024-12,1294.4035829695556
Yemen,2025-03,1308.290623192163
Yemen,2025-06,1302.206606231421
Yemen,2025-10,1313.6038789876025
Yemen,2025-11,1327.2018684760133
Ynys Môn,2017-06,1538.933219516935
Ynys Môn,2019-06,1559.0597731616535
Ynys Môn,2023-07,1593.222053484651
Ynys Môn,2025-07,1591.0873186161564
Yorkshire,2018-01,1500.0
Yorkshire,2018-03,1499.424701319323
Yorkshire,2018-04,1505.1810231798202
Yorkshire,2018-10,1513.9729369526224
Yorkshire,2018-11,1510.5562199168585
Yorkshire,2019-05,1514.2422582027834
Yorkshire,2019-06,1519.93779826162
Yoruba Nation,2022-05,1499.828487012735
Zambia,2016-03,1628.1736058268614
Zambia,2016-05,1623.3622941380036
Zambia,2016-06,1605.3117200239017
Zambia,2016-09,1595.2264171899865
Zambia,2016-10,1590.5362362083863
Zambia,2016-11,1581.4391217226107
Zambia,2017-03,1587.2141654794425
Zambia,2017-06,1572.5560792928884
Zambia,2017-07,1590.7019946913288
Zambia,2017-08,1577.0212736620786
Zambia,2017-09,1594.8339184045894
Zambia,2017-10,1611.09306891932
Zambia,2017-11,1604.9963054586335
Zambia,2018-03,1605.2964080970075
Zambia,2018-06,1600.0347045750784
Zambia,2018-09,1583.878921261672
Zambia,2018-10,1591.545853826832
Zambia,2018-11,1577.5991877388535
Zambia,2019-03,1565.4141294446842
Zambia,2019-06,1581.1713234643794
Zambia,2019-10,1575.4479749783773
Zambia,2019-11,1573.1824348263403
Zambia,2020-10,1557.9195251900082
Zambia,2020-11,1567.8626819089338
Zambia,2021-03,1559.6873851085288
Zambia,2021-06,1574.6282277222642
Zambia,2021-07,1557.5058090074235
Zambia,2021-09,1570.7688655000873
Zambia,2021-10,1536.5427988126578
Zambia,2021-11,1545.2615135965466
Zambia,2022-03,1538.9250922440854
Zambia,2022-06,1530.0481301809837
Zambia,2022-07,1545.3816182706344
Zambia,2022-09,1552.0912461712496
Zambia,2022-11,1550.2218569756076
Zambia,2023-03,1551.8573950270213
Zambia,2023-06,1558.961609993273
Zambia,2023-07,1588.094758908237
Zambia,2023-09,1591.2187501897292
Zambia,2023-10,1584.0136674250289
Zambia,2023-11,1598.1087430595196
Zambia,2024-01,1574.7619172790262
Zambia,2024-06,1565.4700586781046
Zambia,2024-09,1542.0008283647633
Zambia,2024-10,1540.7481221642258
Zambia,2024-11,1558.209481390317
Zambia,2025-03,1568.6786274359274
Zambia,2025-09,1565.6605511671671
Zambia,2025-10,1568.3626168715955
Zambia,2025-11,1547.2726928186478
Zambia,2025-12,1545.5813470924304
Zambia,2026-03,1539.870803590857
Zanzibar,2017-12,1499.4747090527424
Zanzibar,2025-01,1506.803413724699
Zimbabwe,2016-03,1492.1456338486107
Zimbabwe,2016-05,1500.7316355745902
Zimbabwe,2016-06,1512.694162269668
Zimbabwe,2016-09,1517.746408531826
Zimbabwe,2016-11,1516.2764325074063
Zimbabwe,2016-12,1520.457390851616
Zimbabwe,2017-01,1521.8503576995322
Zimbabwe,2017-03,1506.933580951396
Zimbabwe,2017-06,1528.4261884154969
Zimbabwe,2017-07,1541.7181411881088
Zimbabwe,2017-11,1555.398862217359
Zimbabwe,2018-03,1549.9753030158631
Zimbabwe,2018-04,1548.650423221427
Zimbabwe,2018-06,1536.4567856948513
Zimbabwe,2018-09,1550.6285024181132
Zimbabwe,2018-10,1566.0947550041346
Zimbabwe,2018-11,1566.6014050474744
Zimbabwe,2019-03,1554.1424190416906
Zimbabwe,2019-06,1560.407151964052
Zimbabwe,2019-09,1510.3162562186617
Zimbabwe,2019-11,1508.5215987168194
Zimbabwe,2020-10,1522.08942078965
Zimbabwe,2020-11,1518.1376269149985
Zimbabwe,2021-03,1532.483157319911
Zimbabwe,2021-07,1499.6584742464652
Zimbabwe,2021-09,1498.817211067006
Zimbabwe,2021-10,1481.0353159373528
Zimbabwe,2021-11,1469.1942669112912
Zimbabwe,2022-01,1441.8503917582268
Zimbabwe,2023-11,1464.4846532079237
Zimbabwe,2024-06,1447.7625195704834
Zimbabwe,2024-09,1443.2389885119553
Zimbabwe,2024-10,1460.567526283044
Zimbabwe,2024-11,1476.8369990941626
Zimbabwe,2025-03,1475.2931773105224
Zimbabwe,2025-06,1479.5159310690026
Zimbabwe,2025-09,1467.9768943087738
Zimbabwe,2025-10,1462.6289008140602
Zimbabwe,2025-11,1446.1625449686824
Zimbabwe,2025-12,1451.9759378857627
Zimbabwe,2026-03,1444.2072750367577
Zimbabwe,2026-05,1456.17738593022
Åland Islands,2017-06,1515.3634276158648
Åland Islands,2023-07,1499.2045480653906
